payment_id,policy_id,billing_month,premium_due,amount_paid,payment_status
PM0014407,P00740,2025-06-01,758.16,758.16,Paid
PM0003418,P00168,2026-05-01,236.69,236.69,Paid
PM0006371,P00327,2023-07-01,428.66,428.66,Paid
PM0008922,P00458,2026-05-01,109.32,109.32,Paid
PM0013262,P00681,2026-01-01,187.31,187.31,Paid
PM0013194,P00676,2025-10-01,349.53,349.53,Paid
PM0006975,P00356,2026-07-01,69.02,69.02,Paid
PM0013860,P00710,2026-01-01,153.73,153.73,Paid
PM0013838,P00709,2025-05-01,262.63,262.63,Paid
PM0004560,P00237,2026-03-01,155.16,155.16,Paid
PM0007901,P00410,2025-01-01,156.23,156.23,Paid
PM0007064,P00363,2026-04-01,30.3,14.04,Partial
PM0000905,P00041,2026-06-01,444.37,444.37,Paid
PM0002072,P00102,2024-09-01,406.58,406.58,Paid
PM0009995,P00514,2025-10-01,208.68,208.68,Paid
PM0008683,P00446,2024-08-01,130.98,130.98,Paid
PM0006450,P00329,2025-08-01,424.18,424.18,Paid
PM0009364,P00483,2024-02-01,149.54,149.54,Paid
PM0000648,P00028,2025-10-01,101.58,101.58,Paid
PM0012903,P00662,2025-09-01,135.48,135.48,Paid
PM0008136,P00421,2025-03-01,560.92,560.92,Paid
PM0005179,P00272,2026-07-01,176.81,97.23,Partial
PM0008995,P00466,2023-09-01,167.02,167.02,Paid
PM0010559,P00541,2025-04-01,116.95,116.95,Paid
PM0009262,P00477,2025-06-01,708.84,708.84,Paid
PM0004118,P00211,2023-09-01,481.39,481.39,Paid
PM0004853,P00255,2024-12-01,444.0,444.0,Paid
PM0008417,P00436,2024-09-01,410.56,410.56,Paid
PM0007228,P00373,2026-07-01,362.95,362.95,Paid
PM0014310,P00736,2025-10-01,122.83,122.83,Paid
PM0003639,P00183,2023-06-01,179.81,179.81,Paid
PM0009763,P00503,2024-01-01,165.85,165.85,Paid
PM0012236,P00632,2023-06-01,213.13,213.13,Paid
PM0012381,P00636,2025-11-01,152.85,152.85,Paid
PM0003127,P00156,2025-03-01,231.94,231.94,Paid
PM0001563,P00073,2024-04-01,35.19,35.19,Paid
PM0011795,P00611,2025-08-01,552.64,552.64,Paid
PM0002701,P00136,2024-09-01,349.29,349.29,Paid
PM0008202,P00426,2025-10-01,240.12,240.12,Paid
PM0007367,P00380,2025-06-01,367.3,367.3,Paid
PM0010413,P00534,2025-11-01,79.64,79.64,Paid
PM0010814,P00552,2024-11-01,1031.65,1031.65,Paid
PM0009666,P00497,2026-03-01,294.83,294.83,Paid
PM0005142,P00271,2025-09-01,286.75,286.75,Paid
PM0008608,P00444,2024-09-01,160.87,160.87,Paid
PM0010689,P00547,2025-02-01,417.6,417.6,Paid
PM0006719,P00343,2024-05-01,97.41,97.41,Paid
PM0011230,P00583,2024-11-01,68.95,68.95,Paid
PM0008821,P00452,2025-05-01,196.49,196.49,Paid
PM0001107,P00050,2025-09-01,405.72,405.72,Paid
PM0014551,P00749,2024-08-01,243.11,243.11,Paid
PM0000842,P00039,2024-10-01,1099.84,1099.84,Paid
PM0011501,P00595,2024-02-01,625.3,307.35,Partial
PM0000059,P00005,2025-06-01,182.33,0.0,Missed
PM0012787,P00657,2023-06-01,126.71,0.0,Missed
PM0007172,P00370,2024-12-01,138.19,138.19,Paid
PM0006404,P00327,2026-04-01,428.66,428.66,Paid
PM0011498,P00594,2026-07-01,182.88,182.88,Paid
PM0013121,P00673,2025-12-01,730.17,730.17,Paid
PM0003376,P00167,2025-01-01,379.76,379.76,Paid
PM0009401,P00484,2025-12-01,109.09,109.09,Paid
PM0004507,P00234,2024-04-01,101.87,101.87,Paid
PM0005985,P00312,2025-12-01,199.07,199.07,Paid
PM0006624,P00338,2024-09-01,127.34,127.34,Paid
PM0006496,P00332,2026-03-01,122.94,122.94,Paid
PM0004047,P00207,2026-06-01,95.37,95.37,Paid
PM0004620,P00241,2025-08-01,232.67,232.67,Paid
PM0001332,P00063,2026-04-01,606.65,274.55,Partial
PM0003102,P00156,2023-02-01,231.94,0.0,Missed
PM0003335,P00166,2024-10-01,263.35,263.35,Paid
PM0001987,P00096,2026-04-01,408.72,408.72,Paid
PM0011858,P00614,2025-05-01,82.1,82.1,Paid
PM0007005,P00359,2025-04-01,394.21,394.21,Paid
PM0001326,P00063,2025-10-01,606.65,606.65,Paid
PM0013233,P00679,2023-09-01,445.32,0.0,Missed
PM0008868,P00454,2025-02-01,258.55,147.9,Partial
PM0008392,P00435,2024-06-01,160.67,160.67,Paid
PM0009502,P00487,2026-07-01,378.75,378.75,Paid
PM0004677,P00245,2026-04-01,696.24,696.24,Paid
PM0014260,P00734,2025-08-01,137.75,137.75,Paid
PM0002195,P00107,2025-12-01,275.31,275.31,Paid
PM0008579,P00442,2026-04-01,89.15,89.15,Paid
PM0003487,P00171,2026-05-01,608.31,608.31,Paid
PM0011513,P00595,2025-02-01,625.3,0.0,Missed
PM0005824,P00306,2024-06-01,227.92,227.92,Paid
PM0010520,P00538,2025-07-01,199.22,0.0,Missed
PM0011568,P00597,2025-08-01,196.66,196.66,Paid
PM0000687,P00031,2026-05-01,211.73,211.73,Paid
PM0002679,P00134,2025-05-01,195.27,195.27,Paid
PM0009988,P00514,2025-03-01,208.68,208.68,Paid
PM0006554,P00335,2024-12-01,77.12,77.12,Paid
PM0004655,P00244,2025-05-01,138.03,138.03,Paid
PM0014214,P00731,2026-05-01,139.27,139.27,Paid
PM0014109,P00725,2025-04-01,428.12,428.12,Paid
PM0005005,P00263,2025-01-01,678.47,678.47,Paid
PM0011270,P00585,2024-07-01,64.64,64.64,Paid
PM0009243,P00477,2023-11-01,708.84,708.84,Paid
PM0011457,P00593,2024-10-01,142.88,142.88,Paid
PM0014420,P00740,2026-07-01,758.16,758.16,Paid
PM0004644,P00244,2024-06-01,138.03,43.09,Partial
PM0013580,P00696,2025-12-01,104.7,104.7,Paid
PM0011534,P00596,2024-02-01,174.96,174.96,Paid
PM0001229,P00056,2025-03-01,259.01,259.01,Paid
PM0009254,P00477,2024-10-01,708.84,708.84,Paid
PM0000042,P00004,2025-04-01,648.32,648.32,Paid
PM0007493,P00388,2026-02-01,817.88,817.88,Paid
PM0009558,P00491,2025-10-01,236.06,236.06,Paid
PM0008716,P00448,2026-04-01,387.88,387.88,Paid
PM0001234,P00056,2025-08-01,259.01,259.01,Paid
PM0001503,P00069,2024-05-01,143.01,143.01,Paid
PM0011570,P00597,2025-10-01,196.66,196.66,Paid
PM0012596,P00647,2026-01-01,199.76,199.76,Paid
PM0006967,P00356,2025-11-01,69.02,69.02,Paid
PM0009208,P00474,2025-11-01,544.06,544.06,Paid
PM0013876,P00711,2025-01-01,203.34,203.34,Paid
PM0011060,P00571,2024-09-01,296.29,296.29,Paid
PM0013774,P00706,2024-12-01,257.22,257.22,Paid
PM0008204,P00426,2025-12-01,240.12,240.12,Paid
PM0012956,P00665,2026-03-01,506.83,506.83,Paid
PM0012678,P00651,2026-03-01,263.42,0.0,Missed
PM0005386,P00284,2024-12-01,554.65,0.0,Missed
PM0005689,P00302,2026-01-01,293.34,293.34,Paid
PM0012197,P00630,2025-10-01,287.44,287.44,Paid
PM0005565,P00296,2026-04-01,277.13,277.13,Paid
PM0000770,P00035,2025-10-01,139.14,139.14,Paid
PM0001398,P00066,2024-11-01,343.28,343.28,Paid
PM0003363,P00167,2023-12-01,379.76,379.76,Paid
PM0009987,P00514,2025-02-01,208.68,208.68,Paid
PM0010558,P00541,2025-03-01,116.95,116.95,Paid
PM0011703,P00604,2025-10-01,1040.1,1040.1,Paid
PM0004802,P00252,2025-08-01,228.86,228.86,Paid
PM0001913,P00093,2025-06-01,288.37,288.37,Paid
PM0000674,P00031,2025-04-01,211.73,211.73,Paid
PM0012038,P00623,2025-06-01,255.21,255.21,Paid
PM0007602,P00392,2026-07-01,138.49,138.49,Paid
PM0014254,P00733,2026-03-01,118.82,118.82,Paid
PM0004587,P00239,2025-03-01,151.43,151.43,Paid
PM0006357,P00326,2025-06-01,203.51,203.51,Paid
PM0000585,P00027,2023-10-01,65.33,65.33,Paid
PM0006465,P00331,2025-03-01,100.4,100.4,Paid
PM0004979,P00262,2024-06-01,377.63,377.63,Paid
PM0003588,P00181,2025-05-01,134.24,134.24,Paid
PM0008090,P00418,2024-06-01,476.51,476.51,Paid
PM0003924,P00199,2024-04-01,381.36,381.36,Paid
PM0006433,P00328,2025-05-01,68.94,68.94,Paid
PM0008399,P00436,2023-03-01,410.56,410.56,Paid
PM0010058,P00518,2024-09-01,67.39,0.0,Missed
PM0001493,P00069,2023-07-01,143.01,143.01,Paid
PM0012393,P00637,2025-06-01,80.81,80.81,Paid
PM0012008,P00621,2025-07-01,181.36,181.36,Paid
PM0000817,P00037,2025-04-01,530.5,530.5,Paid
PM0001433,P00067,2024-06-01,198.85,198.85,Paid
PM0014316,P00736,2026-04-01,122.83,122.83,Paid
PM0003472,P00171,2025-02-01,608.31,608.31,Paid
PM0013071,P00671,2025-05-01,377.8,377.8,Paid
PM0012070,P00625,2023-08-01,177.27,177.27,Paid
PM0000367,P00018,2025-03-01,131.65,131.65,Paid
PM0000559,P00026,2025-01-01,945.63,945.63,Paid
PM0006442,P00328,2026-02-01,68.94,68.94,Paid
PM0000351,P00018,2023-11-01,131.65,131.65,Paid
PM0001614,P00075,2026-06-01,496.67,393.87,Partial
PM0001898,P00092,2025-07-01,216.63,216.63,Paid
PM0013497,P00693,2024-11-01,313.0,313.0,Paid
PM0013346,P00684,2025-10-01,128.15,128.15,Paid
PM0001330,P00063,2026-02-01,606.65,606.65,Paid
PM0014501,P00747,2023-11-01,149.96,149.96,Paid
PM0000779,P00035,2026-07-01,139.14,139.14,Paid
PM0014124,P00725,2026-07-01,428.12,428.12,Paid
PM0012413,P00638,2025-02-01,297.67,297.67,Paid
PM0012392,P00637,2025-05-01,80.81,80.81,Paid
PM0009400,P00484,2025-11-01,109.09,109.09,Paid
PM0010522,P00538,2025-09-01,199.22,0.0,Missed
PM0005912,P00310,2026-07-01,213.81,0.0,Missed
PM0010186,P00524,2024-09-01,189.03,189.03,Paid
PM0012406,P00637,2026-07-01,80.81,80.81,Paid
PM0003780,P00190,2025-01-01,488.35,488.35,Paid
PM0005089,P00268,2025-11-01,392.66,392.66,Paid
PM0009190,P00473,2025-08-01,102.27,102.27,Paid
PM0011576,P00597,2026-04-01,196.66,196.66,Paid
PM0011643,P00600,2026-07-01,152.1,152.1,Paid
PM0014341,P00738,2024-09-01,544.15,544.15,Paid
PM0001600,P00074,2026-05-01,128.94,0.0,Missed
PM0010529,P00539,2024-10-01,220.03,220.03,Paid
PM0001733,P00080,2024-05-01,493.08,493.08,Paid
PM0001415,P00066,2026-04-01,343.28,343.28,Paid
PM0004686,P00246,2024-06-01,204.0,204.0,Paid
PM0005497,P00290,2026-01-01,564.15,564.15,Paid
PM0012391,P00637,2025-04-01,80.81,80.81,Paid
PM0014387,P00739,2024-12-01,147.41,147.41,Paid
PM0007399,P00381,2026-02-01,137.11,137.11,Paid
PM0009732,P00502,2023-06-01,394.36,394.36,Paid
PM0010664,P00545,2024-09-01,191.08,191.08,Paid
PM0012612,P00649,2024-06-01,246.64,246.64,Paid
PM0010847,P00554,2025-11-01,46.23,46.23,Paid
PM0008724,P00449,2024-02-01,33.62,33.62,Paid
PM0009156,P00472,2025-08-01,256.58,256.58,Paid
PM0003970,P00202,2025-09-01,179.65,179.65,Paid
PM0004414,P00229,2024-10-01,486.41,486.41,Paid
PM0010563,P00541,2025-08-01,116.95,116.95,Paid
PM0000440,P00021,2025-01-01,195.65,195.65,Paid
PM0014073,P00723,2025-09-01,242.27,242.27,Paid
PM0010376,P00532,2026-01-01,412.5,412.5,Paid
PM0008487,P00438,2025-10-01,374.73,374.73,Paid
PM0000432,P00021,2024-05-01,195.65,195.65,Paid
PM0003367,P00167,2024-04-01,379.76,0.0,Missed
PM0008753,P00449,2026-07-01,33.62,33.62,Paid
PM0013791,P00706,2026-05-01,257.22,257.22,Paid
PM0004055,P00208,2025-12-01,180.53,0.0,Missed
PM0003659,P00183,2025-02-01,179.81,0.0,Missed
PM0011295,P00587,2025-12-01,63.77,63.77,Paid
PM0013320,P00683,2026-07-01,256.4,256.4,Paid
PM0011632,P00599,2025-09-01,249.05,249.05,Paid
PM0004882,P00257,2024-01-01,229.95,229.95,Paid
PM0005999,P00313,2026-06-01,251.91,251.91,Paid
PM0005546,P00295,2025-10-01,314.75,314.75,Paid
PM0011197,P00580,2026-05-01,140.73,140.73,Paid
PM0000419,P00020,2024-12-01,573.96,573.96,Paid
PM0002947,P00147,2025-11-01,719.21,719.21,Paid
PM0007109,P00365,2025-10-01,75.89,59.29,Partial
PM0001609,P00075,2026-01-01,496.67,496.67,Paid
PM0012013,P00621,2025-12-01,181.36,181.36,Paid
PM0004148,P00211,2026-03-01,481.39,481.39,Paid
PM0008883,P00454,2026-05-01,258.55,258.55,Paid
PM0001345,P00065,2023-08-01,174.21,174.21,Paid
PM0007453,P00385,2025-03-01,183.7,183.7,Paid
PM0011747,P00608,2024-09-01,73.34,73.34,Paid
PM0009309,P00479,2025-11-01,106.47,106.47,Paid
PM0004117,P00211,2023-08-01,481.39,481.39,Paid
PM0010589,P00542,2025-04-01,177.89,177.89,Paid
PM0007183,P00370,2025-11-01,138.19,138.19,Paid
PM0006598,P00337,2024-11-01,119.24,119.24,Paid
PM0003814,P00191,2024-06-01,295.15,295.15,Paid
PM0002086,P00102,2025-11-01,406.58,406.58,Paid
PM0013218,P00677,2025-12-01,138.01,138.01,Paid
PM0006799,P00347,2024-03-01,629.61,0.0,Missed
PM0005980,P00312,2025-07-01,199.07,199.07,Paid
PM0002042,P00100,2025-02-01,386.41,386.41,Paid
PM0001512,P00069,2025-02-01,143.01,143.01,Paid
PM0007942,P00411,2026-07-01,189.15,189.15,Paid
PM0000583,P00027,2023-08-01,65.33,0.0,Missed
PM0014556,P00749,2025-01-01,243.11,243.11,Paid
PM0013137,P00674,2024-08-01,176.2,176.2,Paid
PM0012118,P00627,2024-08-01,193.55,193.55,Paid
PM0011071,P00571,2025-08-01,296.29,296.29,Paid
PM0004135,P00211,2025-02-01,481.39,481.39,Paid
PM0004610,P00241,2024-10-01,232.67,232.67,Paid
PM0007435,P00384,2025-09-01,545.23,386.02,Partial
PM0010918,P00562,2024-03-01,285.53,285.53,Paid
PM0013810,P00708,2025-02-01,180.72,180.72,Paid
PM0010796,P00551,2025-09-01,211.89,126.25,Partial
PM0001548,P00071,2025-08-01,410.51,410.51,Paid
PM0011217,P00581,2026-01-01,101.16,101.16,Paid
PM0007992,P00414,2026-07-01,136.66,136.66,Paid
PM0000084,P00007,2025-01-01,495.09,495.09,Paid
PM0003283,P00163,2025-05-01,505.44,505.44,Paid
PM0007510,P00389,2024-04-01,270.03,270.03,Paid
PM0000826,P00037,2026-01-01,530.5,530.5,Paid
PM0013597,P00697,2026-01-01,206.98,0.0,Missed
PM0011972,P00619,2025-02-01,377.2,377.2,Paid
PM0005973,P00312,2024-12-01,199.07,199.07,Paid
PM0005590,P00298,2025-07-01,169.76,0.0,Missed
PM0000941,P00043,2026-07-01,536.29,536.29,Paid
PM0012112,P00626,2026-05-01,143.61,143.61,Paid
PM0004165,P00214,2025-03-01,377.99,377.99,Paid
PM0000584,P00027,2023-09-01,65.33,0.0,Missed
PM0009870,P00509,2023-08-01,191.4,191.4,Paid
PM0007055,P00362,2025-03-01,341.2,341.2,Paid
PM0009142,P00471,2026-01-01,337.78,337.78,Paid
PM0003652,P00183,2024-07-01,179.81,179.81,Paid
PM0004553,P00236,2026-01-01,768.82,442.12,Partial
PM0007903,P00410,2025-03-01,156.23,156.23,Paid
PM0013331,P00684,2024-07-01,128.15,128.15,Paid
PM0003087,P00154,2026-02-01,311.67,101.03,Partial
PM0012323,P00635,2023-10-01,102.05,0.0,Missed
PM0007023,P00360,2025-03-01,259.6,259.6,Paid
PM0004445,P00230,2026-05-01,353.59,353.59,Paid
PM0012307,P00634,2024-08-01,347.04,347.04,Paid
PM0001977,P00096,2025-06-01,408.72,408.72,Paid
PM0000098,P00007,2026-03-01,495.09,495.09,Paid
PM0014498,P00747,2023-08-01,149.96,149.96,Paid
PM0009624,P00494,2026-05-01,666.1,666.1,Paid
PM0006527,P00334,2025-01-01,525.35,525.35,Paid
PM0006811,P00347,2025-03-01,629.61,629.61,Paid
PM0000429,P00021,2024-02-01,195.65,195.65,Paid
PM0006850,P00349,2026-01-01,354.57,354.57,Paid
PM0003466,P00171,2024-08-01,608.31,608.31,Paid
PM0010926,P00562,2024-11-01,285.53,285.53,Paid
PM0010294,P00529,2023-10-01,279.09,279.09,Paid
PM0013878,P00711,2025-03-01,203.34,203.34,Paid
PM0013931,P00713,2026-01-01,694.25,694.25,Paid
PM0009638,P00495,2024-10-01,179.38,179.38,Paid
PM0005886,P00309,2024-09-01,396.29,396.29,Paid
PM0005887,P00309,2024-10-01,396.29,0.0,Missed
PM0010423,P00535,2024-03-01,145.59,145.59,Paid
PM0005361,P00283,2025-12-01,36.5,36.5,Paid
PM0012398,P00637,2025-11-01,80.81,80.81,Paid
PM0003642,P00183,2023-09-01,179.81,179.81,Paid
PM0008849,P00453,2026-07-01,685.23,685.23,Paid
PM0013196,P00676,2025-12-01,349.53,349.53,Paid
PM0004119,P00211,2023-10-01,481.39,481.39,Paid
PM0008160,P00423,2024-08-01,121.63,121.63,Paid
PM0013962,P00715,2026-01-01,259.73,259.73,Paid
PM0012675,P00651,2025-12-01,263.42,263.42,Paid
PM0001560,P00072,2026-07-01,185.22,185.22,Paid
PM0014055,P00722,2026-06-01,189.68,189.68,Paid
PM0005073,P00267,2024-10-01,86.79,32.85,Partial
PM0009045,P00468,2024-11-01,439.51,439.51,Paid
PM0011225,P00583,2024-06-01,68.95,68.95,Paid
PM0013348,P00684,2025-12-01,128.15,128.15,Paid
PM0013525,P00695,2023-09-01,547.06,547.06,Paid
PM0010666,P00545,2024-11-01,191.08,133.76,Partial
PM0003158,P00158,2025-03-01,516.23,411.41,Partial
PM0009912,P00510,2025-06-01,375.08,375.08,Paid
PM0010595,P00542,2025-10-01,177.89,0.0,Missed
PM0000132,P00009,2024-02-01,281.25,281.25,Paid
PM0012864,P00660,2026-02-01,245.23,245.23,Paid
PM0013688,P00701,2025-12-01,331.54,331.54,Paid
PM0000937,P00043,2026-03-01,536.29,0.0,Missed
PM0013524,P00695,2023-08-01,547.06,547.06,Paid
PM0007330,P00378,2026-07-01,521.31,521.31,Paid
PM0004837,P00254,2026-01-01,311.13,311.13,Paid
PM0006006,P00314,2024-10-01,212.52,212.52,Paid
PM0001925,P00093,2026-06-01,288.37,288.37,Paid
PM0001265,P00058,2025-04-01,375.89,375.89,Paid
PM0008172,P00423,2025-08-01,121.63,121.63,Paid
PM0005568,P00296,2026-07-01,277.13,277.13,Paid
PM0004319,P00224,2026-06-01,642.21,642.21,Paid
PM0003104,P00156,2023-04-01,231.94,231.94,Paid
PM0005145,P00271,2025-12-01,286.75,286.75,Paid
PM0002636,P00132,2026-01-01,323.1,210.31,Partial
PM0003442,P00170,2025-03-01,388.44,388.44,Paid
PM0013734,P00704,2025-04-01,243.78,243.78,Paid
PM0002103,P00103,2024-03-01,836.1,836.1,Paid
PM0013866,P00710,2026-07-01,153.73,153.73,Paid
PM0006785,P00345,2025-11-01,661.78,661.78,Paid
PM0012264,P00632,2025-10-01,213.13,213.13,Paid
PM0013266,P00682,2024-08-01,511.43,511.43,Paid
PM0003351,P00166,2026-02-01,263.35,263.35,Paid
PM0005841,P00306,2025-11-01,227.92,227.92,Paid
PM0004450,P00231,2026-02-01,440.5,440.5,Paid
PM0005751,P00304,2025-05-01,134.64,134.64,Paid
PM0005613,P00299,2025-07-01,121.63,121.63,Paid
PM0014291,P00736,2024-03-01,122.83,122.83,Paid
PM0010458,P00536,2025-05-01,0.0,0.0,Paid
PM0014484,P00744,2024-08-01,326.31,326.31,Paid
PM0013803,P00707,2026-07-01,442.88,442.88,Paid
PM0006416,P00328,2023-12-01,68.94,68.94,Paid
PM0014020,P00720,2025-08-01,339.91,339.91,Paid
PM0000703,P00032,2025-03-01,457.22,457.22,Paid
PM0006008,P00314,2024-12-01,212.52,212.52,Paid
PM0003849,P00194,2024-02-01,765.13,765.13,Paid
PM0006429,P00328,2025-01-01,68.94,68.94,Paid
PM0008247,P00428,2024-03-01,71.98,71.98,Paid
PM0014497,P00746,2026-07-01,61.63,61.63,Paid
PM0003041,P00152,2023-11-01,108.42,68.97,Partial
PM0001027,P00046,2025-11-01,408.98,408.98,Paid
PM0003742,P00186,2025-05-01,100.78,100.78,Paid
PM0003753,P00186,2026-04-01,100.78,100.78,Paid
PM0008057,P00417,2025-02-01,219.24,219.24,Paid
PM0006886,P00351,2024-02-01,467.05,467.05,Paid
PM0012076,P00625,2024-02-01,177.27,177.27,Paid
PM0014392,P00739,2025-05-01,147.41,109.24,Partial
PM0005593,P00298,2025-10-01,169.76,169.76,Paid
PM0012336,P00635,2024-11-01,102.05,102.05,Paid
PM0006232,P00322,2023-06-01,105.73,105.73,Paid
PM0002938,P00146,2026-03-01,251.37,251.37,Paid
PM0005940,P00311,2025-07-01,179.72,179.72,Paid
PM0002910,P00145,2024-10-01,294.38,294.38,Paid
PM0000663,P00031,2024-05-01,211.73,211.73,Paid
PM0005063,P00266,2026-05-01,547.51,547.51,Paid
PM0013079,P00671,2026-01-01,377.8,377.8,Paid
PM0007785,P00402,2026-04-01,234.54,234.54,Paid
PM0007482,P00387,2025-09-01,344.41,344.41,Paid
PM0003185,P00159,2025-11-01,121.97,121.97,Paid
PM0001468,P00068,2024-08-01,397.96,397.96,Paid
PM0005583,P00297,2026-05-01,254.69,254.69,Paid
PM0009378,P00483,2025-04-01,149.54,0.0,Missed
PM0008688,P00446,2025-01-01,130.98,0.0,Missed
PM0000316,P00016,2024-08-01,180.43,180.43,Paid
PM0003064,P00152,2025-10-01,108.42,108.42,Paid
PM0004813,P00252,2026-07-01,228.86,228.86,Paid
PM0008081,P00418,2023-09-01,476.51,476.51,Paid
PM0002832,P00140,2026-05-01,584.86,584.86,Paid
PM0006407,P00327,2026-07-01,428.66,428.66,Paid
PM0011257,P00584,2024-11-01,447.73,447.73,Paid
PM0010181,P00524,2024-04-01,189.03,189.03,Paid
PM0009515,P00488,2026-03-01,253.1,121.77,Partial
PM0009495,P00487,2025-12-01,378.75,378.75,Paid
PM0006900,P00351,2025-04-01,467.05,467.05,Paid
PM0005345,P00282,2026-02-01,396.55,396.55,Paid
PM0012296,P00634,2023-09-01,347.04,347.04,Paid
PM0000799,P00037,2023-10-01,530.5,530.5,Paid
PM0005909,P00310,2026-04-01,213.81,213.81,Paid
PM0014196,P00730,2025-04-01,362.64,202.6,Partial
PM0010463,P00536,2025-10-01,0.0,0.0,Paid
PM0013768,P00706,2024-06-01,257.22,257.22,Paid
PM0006724,P00343,2024-10-01,97.41,97.41,Paid
PM0011681,P00603,2026-02-01,274.0,274.0,Paid
PM0000656,P00028,2026-06-01,101.58,101.58,Paid
PM0011639,P00599,2026-04-01,249.05,249.05,Paid
PM0011108,P00573,2026-06-01,408.13,408.13,Paid
PM0001975,P00096,2025-04-01,408.72,408.72,Paid
PM0008390,P00435,2024-04-01,160.67,160.67,Paid
PM0005069,P00267,2024-06-01,86.79,86.79,Paid
PM0002562,P00130,2025-12-01,248.96,248.96,Paid
PM0007862,P00408,2024-07-01,137.55,137.55,Paid
PM0005080,P00267,2025-05-01,86.79,86.79,Paid
PM0009688,P00498,2026-05-01,514.18,514.18,Paid
PM0013349,P00684,2026-01-01,128.15,128.15,Paid
PM0012964,P00666,2026-01-01,72.37,0.0,Missed
PM0001722,P00079,2026-03-01,234.25,234.25,Paid
PM0003402,P00168,2025-01-01,236.69,236.69,Paid
PM0014376,P00739,2024-01-01,147.41,147.41,Paid
PM0011641,P00599,2026-06-01,249.05,249.05,Paid
PM0002613,P00132,2024-02-01,323.1,323.1,Paid
PM0009906,P00510,2024-12-01,375.08,375.08,Paid
PM0005081,P00267,2025-06-01,86.79,86.79,Paid
PM0004101,P00210,2025-10-01,422.89,422.89,Paid
PM0001599,P00074,2026-04-01,128.94,128.94,Paid
PM0011040,P00570,2025-03-01,159.96,159.96,Paid
PM0010734,P00549,2024-01-01,54.97,54.97,Paid
PM0008400,P00436,2023-04-01,410.56,410.56,Paid
PM0007613,P00393,2025-10-01,834.88,834.88,Paid
PM0001364,P00065,2025-03-01,174.21,174.21,Paid
PM0013031,P00668,2026-02-01,75.59,75.59,Paid
PM0008556,P00442,2024-05-01,89.15,89.15,Paid
PM0002966,P00148,2025-06-01,62.38,62.38,Paid
PM0010437,P00535,2025-05-01,145.59,145.59,Paid
PM0007325,P00378,2026-02-01,521.31,521.31,Paid
PM0001339,P00064,2026-02-01,0.0,0.0,Paid
PM0003579,P00179,2026-07-01,431.41,431.41,Paid
PM0001848,P00085,2026-07-01,176.78,176.78,Paid
PM0004344,P00226,2023-08-01,719.63,719.63,Paid
PM0007683,P00397,2025-08-01,230.57,230.57,Paid
PM0001800,P00083,2026-06-01,221.46,221.46,Paid
PM0002075,P00102,2024-12-01,406.58,406.58,Paid
PM0006197,P00320,2025-06-01,149.0,149.0,Paid
PM0005756,P00304,2025-10-01,134.64,0.0,Missed
PM0003164,P00158,2025-09-01,516.23,516.23,Paid
PM0006675,P00341,2024-02-01,207.83,207.83,Paid
PM0007665,P00396,2026-05-01,555.67,555.67,Paid
PM0003773,P00190,2024-06-01,488.35,488.35,Paid
PM0008346,P00433,2026-06-01,39.67,39.67,Paid
PM0012988,P00667,2026-02-01,232.57,232.57,Paid
PM0009360,P00483,2023-10-01,149.54,149.54,Paid
PM0007061,P00362,2025-09-01,341.2,341.2,Paid
PM0009154,P00472,2025-06-01,256.58,256.58,Paid
PM0009693,P00499,2025-12-01,37.36,37.36,Paid
PM0014480,P00744,2024-04-01,326.31,326.31,Paid
PM0011284,P00585,2025-09-01,64.64,64.64,Paid
PM0008749,P00449,2026-03-01,33.62,33.62,Paid
PM0003012,P00150,2025-03-01,66.26,66.26,Paid
PM0012221,P00631,2025-08-01,315.0,0.0,Missed
PM0004448,P00231,2025-12-01,440.5,440.5,Paid
PM0013177,P00676,2024-05-01,349.53,349.53,Paid
PM0011146,P00577,2026-03-01,140.41,140.41,Paid
PM0007014,P00359,2026-01-01,394.21,394.21,Paid
PM0007011,P00359,2025-10-01,394.21,394.21,Paid
PM0001970,P00096,2024-11-01,408.72,408.72,Paid
PM0007791,P00403,2025-07-01,137.28,137.28,Paid
PM0004473,P00232,2025-05-01,449.75,0.0,Missed
PM0005325,P00281,2026-07-01,44.33,44.33,Paid
PM0014089,P00724,2025-08-01,392.33,392.33,Paid
PM0010169,P00523,2025-04-01,185.15,185.15,Paid
PM0002169,P00107,2023-10-01,275.31,275.31,Paid
PM0012804,P00657,2024-11-01,126.71,126.71,Paid
PM0011496,P00594,2026-05-01,182.88,182.88,Paid
PM0000832,P00037,2026-07-01,530.5,369.39,Partial
PM0005577,P00297,2025-11-01,254.69,254.69,Paid
PM0004379,P00226,2026-07-01,719.63,719.63,Paid
PM0013904,P00713,2023-10-01,694.25,694.25,Paid
PM0003778,P00190,2024-11-01,488.35,488.35,Paid
PM0003081,P00154,2025-08-01,311.67,311.67,Paid
PM0005146,P00271,2026-01-01,286.75,286.75,Paid
PM0010827,P00552,2025-12-01,1031.65,1031.65,Paid
PM0009646,P00495,2025-06-01,179.38,179.38,Paid
PM0006989,P00358,2026-03-01,60.83,60.83,Paid
PM0013082,P00671,2026-04-01,377.8,377.8,Paid
PM0010274,P00527,2026-02-01,559.89,559.89,Paid
PM0012047,P00623,2026-03-01,255.21,255.21,Paid
PM0008469,P00438,2024-04-01,374.73,374.73,Paid
PM0004476,P00232,2025-08-01,449.75,449.75,Paid
PM0003194,P00160,2024-02-01,411.19,411.19,Paid
PM0009903,P00509,2026-05-01,191.4,191.4,Paid
PM0011773,P00609,2024-09-01,446.21,446.21,Paid
PM0009860,P00508,2025-01-01,633.22,633.22,Paid
PM0008174,P00423,2025-10-01,121.63,121.63,Paid
PM0014559,P00749,2025-04-01,243.11,243.11,Paid
PM0002566,P00130,2026-04-01,248.96,248.96,Paid
PM0009010,P00466,2024-12-01,167.02,167.02,Paid
PM0005301,P00280,2025-07-01,98.47,98.47,Paid
PM0007938,P00411,2026-03-01,189.15,189.15,Paid
PM0000072,P00006,2026-03-01,428.52,0.0,Missed
PM0012992,P00667,2026-06-01,232.57,133.3,Partial
PM0012570,P00646,2025-04-01,72.97,72.97,Paid
PM0006546,P00335,2024-04-01,77.12,77.12,Paid
PM0011723,P00605,2025-06-01,125.98,61.48,Partial
PM0009774,P00503,2024-12-01,165.85,165.85,Paid
PM0010820,P00552,2025-05-01,1031.65,1031.65,Paid
PM0013779,P00706,2025-05-01,257.22,257.22,Paid
PM0000633,P00028,2024-07-01,101.58,101.58,Paid
PM0006363,P00326,2025-12-01,203.51,203.51,Paid
PM0003447,P00170,2025-08-01,388.44,388.44,Paid
PM0007563,P00390,2025-11-01,351.42,351.42,Paid
PM0002853,P00142,2026-06-01,318.6,318.6,Paid
PM0010636,P00544,2024-05-01,524.96,524.96,Paid
PM0005161,P00272,2025-01-01,176.81,176.81,Paid
PM0006061,P00316,2023-04-01,790.35,790.35,Paid
PM0002552,P00130,2025-02-01,248.96,248.96,Paid
PM0002784,P00139,2024-06-01,560.94,560.94,Paid
PM0006863,P00350,2025-07-01,338.69,338.69,Paid
PM0013504,P00693,2025-06-01,313.0,313.0,Paid
PM0004203,P00218,2026-07-01,617.01,617.01,Paid
PM0014545,P00748,2026-03-01,233.16,233.16,Paid
PM0005933,P00311,2024-12-01,179.72,179.72,Paid
PM0003565,P00176,2025-10-01,338.9,338.9,Paid
PM0005602,P00298,2026-07-01,169.76,169.76,Paid
PM0003431,P00170,2024-04-01,388.44,0.0,Missed
PM0009367,P00483,2024-05-01,149.54,149.54,Paid
PM0001500,P00069,2024-02-01,143.01,143.01,Paid
PM0012980,P00667,2025-06-01,232.57,232.57,Paid
PM0005218,P00274,2026-02-01,208.87,208.87,Paid
PM0009655,P00495,2026-03-01,179.38,179.38,Paid
PM0008961,P00461,2026-06-01,30.33,30.33,Paid
PM0000060,P00005,2025-07-01,182.33,182.33,Paid
PM0000841,P00038,2026-03-01,422.3,422.3,Paid
PM0011624,P00599,2025-01-01,249.05,249.05,Paid
PM0012625,P00649,2025-07-01,246.64,246.64,Paid
PM0003824,P00191,2025-04-01,295.15,295.15,Paid
PM0000487,P00024,2025-07-01,108.85,108.85,Paid
PM0008889,P00455,2026-05-01,485.69,485.69,Paid
PM0007967,P00413,2024-12-01,357.69,237.72,Partial
PM0000204,P00013,2025-03-01,149.19,149.19,Paid
PM0008446,P00437,2025-10-01,250.12,0.0,Missed
PM0006780,P00345,2025-06-01,661.78,661.78,Paid
PM0003766,P00189,2026-06-01,204.74,204.74,Paid
PM0004417,P00229,2025-01-01,486.41,486.41,Paid
PM0002864,P00143,2024-11-01,472.19,472.19,Paid
PM0004604,P00240,2026-07-01,56.32,56.32,Paid
PM0011482,P00594,2025-03-01,182.88,182.88,Paid
PM0013551,P00695,2025-11-01,547.06,547.06,Paid
PM0011963,P00619,2024-05-01,377.2,377.2,Paid
PM0009668,P00497,2026-05-01,294.83,294.83,Paid
PM0013279,P00682,2025-09-01,511.43,511.43,Paid
PM0011061,P00571,2024-10-01,296.29,296.29,Paid
PM0007052,P00362,2024-12-01,341.2,341.2,Paid
PM0010794,P00551,2025-07-01,211.89,0.0,Missed
PM0004033,P00207,2025-04-01,95.37,95.37,Paid
PM0004268,P00222,2025-03-01,42.17,29.69,Partial
PM0014439,P00742,2025-08-01,387.1,387.1,Paid
PM0000622,P00028,2023-08-01,101.58,101.58,Paid
PM0006604,P00337,2025-05-01,119.24,119.24,Paid
PM0004696,P00246,2025-04-01,204.0,204.0,Paid
PM0013846,P00709,2026-01-01,262.63,262.63,Paid
PM0004526,P00234,2025-11-01,101.87,101.87,Paid
PM0011203,P00581,2024-11-01,101.16,101.16,Paid
PM0009403,P00484,2026-02-01,109.09,109.09,Paid
PM0003359,P00167,2023-08-01,379.76,379.76,Paid
PM0004480,P00232,2025-12-01,449.75,449.75,Paid
PM0006299,P00325,2023-12-01,59.23,59.23,Paid
PM0004821,P00253,2026-05-01,160.77,160.77,Paid
PM0003818,P00191,2024-10-01,295.15,0.0,Missed
PM0013560,P00696,2024-04-01,104.7,104.7,Paid
PM0003291,P00163,2026-01-01,505.44,505.44,Paid
PM0010611,P00543,2024-11-01,150.12,150.12,Paid
PM0014531,P00747,2026-05-01,149.96,149.96,Paid
PM0011998,P00620,2026-03-01,494.94,494.94,Paid
PM0011143,P00576,2026-05-01,0.0,0.0,Paid
PM0001660,P00077,2025-11-01,179.71,179.71,Paid
PM0005995,P00313,2026-02-01,251.91,251.91,Paid
PM0003836,P00191,2026-04-01,295.15,295.15,Paid
PM0004209,P00220,2025-05-01,204.49,204.49,Paid
PM0000105,P00008,2024-05-01,317.11,317.11,Paid
PM0011247,P00583,2026-04-01,68.95,0.0,Missed
PM0007876,P00408,2025-09-01,137.55,137.55,Paid
PM0001698,P00078,2025-09-01,500.1,500.1,Paid
PM0000807,P00037,2024-06-01,530.5,530.5,Paid
PM0005650,P00301,2023-11-01,157.4,157.4,Paid
PM0013431,P00687,2025-10-01,157.79,157.79,Paid
PM0008791,P00451,2025-08-01,195.14,195.14,Paid
PM0010284,P00528,2025-12-01,91.62,91.62,Paid
PM0003665,P00183,2025-08-01,179.81,179.81,Paid
PM0011657,P00601,2025-11-01,54.01,54.01,Paid
PM0011934,P00617,2025-12-01,332.67,332.67,Paid
PM0003913,P00198,2026-04-01,269.68,269.68,Paid
PM0003450,P00170,2025-11-01,388.44,388.44,Paid
PM0006038,P00315,2024-10-01,113.63,113.63,Paid
PM0012905,P00662,2025-11-01,135.48,135.48,Paid
PM0010946,P00562,2026-07-01,285.53,285.53,Paid
PM0003177,P00159,2025-03-01,121.97,121.97,Paid
PM0001570,P00073,2024-11-01,35.19,35.19,Paid
PM0009585,P00492,2024-09-01,836.82,836.82,Paid
PM0004294,P00224,2024-05-01,642.21,642.21,Paid
PM0001325,P00062,2026-07-01,220.64,220.64,Paid
PM0010363,P00532,2024-12-01,412.5,412.5,Paid
PM0000954,P00044,2025-04-01,205.22,205.22,Paid
PM0009640,P00495,2024-12-01,179.38,179.38,Paid
PM0003050,P00152,2024-08-01,108.42,108.42,Paid
PM0007218,P00373,2025-09-01,362.95,362.95,Paid
PM0012881,P00661,2025-05-01,413.69,413.69,Paid
PM0000029,P00003,2025-02-01,40.13,40.13,Paid
PM0003218,P00161,2025-12-01,357.99,357.99,Paid
PM0014143,P00727,2026-04-01,87.81,87.81,Paid
PM0002090,P00102,2026-03-01,406.58,406.58,Paid
PM0006921,P00353,2024-03-01,81.36,81.36,Paid
PM0001377,P00065,2026-04-01,174.21,174.21,Paid
PM0000009,P00001,2026-05-01,86.9,51.65,Partial
PM0008150,P00421,2026-05-01,560.92,560.92,Paid
PM0005275,P00277,2026-03-01,119.7,119.7,Paid
PM0002440,P00124,2025-10-01,714.19,714.19,Paid
PM0000618,P00027,2026-07-01,65.33,65.33,Paid
PM0013398,P00686,2026-06-01,187.22,187.22,Paid
PM0006920,P00352,2023-08-01,441.45,441.45,Paid
PM0009757,P00502,2025-07-01,394.36,394.36,Paid
PM0012097,P00625,2025-11-01,177.27,177.27,Paid
PM0003439,P00170,2024-12-01,388.44,388.44,Paid
PM0014208,P00730,2026-04-01,362.64,362.64,Paid
PM0010213,P00525,2024-06-01,29.64,29.64,Paid
PM0003935,P00200,2024-01-01,352.42,352.42,Paid
PM0009568,P00492,2023-04-01,836.82,836.82,Paid
PM0011349,P00589,2025-04-01,180.3,180.3,Paid
PM0011085,P00572,2024-10-01,619.24,619.24,Paid
PM0009948,P00511,2026-03-01,105.47,105.47,Paid
PM0004513,P00234,2024-10-01,101.87,101.87,Paid
PM0003409,P00168,2025-08-01,236.69,236.69,Paid
PM0011396,P00591,2025-01-01,157.95,157.95,Paid
PM0002360,P00118,2023-09-01,372.74,372.74,Paid
PM0002248,P00112,2026-02-01,402.19,402.19,Paid
PM0000853,P00039,2025-09-01,1099.84,622.15,Partial
PM0010733,P00549,2023-12-01,54.97,54.97,Paid
PM0011507,P00595,2024-08-01,625.3,625.3,Paid
PM0008236,P00427,2025-09-01,290.48,290.48,Paid
PM0008120,P00421,2023-11-01,560.92,560.92,Paid
PM0007373,P00380,2025-12-01,367.3,367.3,Paid
PM0007971,P00413,2025-04-01,357.69,357.69,Paid
PM0002295,P00114,2026-02-01,558.75,558.75,Paid
PM0009498,P00487,2026-03-01,378.75,378.75,Paid
PM0001173,P00054,2025-11-01,148.34,148.34,Paid
PM0003553,P00175,2025-11-01,349.51,349.51,Paid
PM0000997,P00046,2023-05-01,408.98,408.98,Paid
PM0013793,P00706,2026-07-01,257.22,257.22,Paid
PM0013162,P00675,2025-07-01,119.39,119.39,Paid
PM0003855,P00194,2024-08-01,765.13,765.13,Paid
PM0005542,P00295,2025-06-01,314.75,314.75,Paid
PM0006776,P00345,2025-02-01,661.78,661.78,Paid
PM0009380,P00483,2025-06-01,149.54,149.54,Paid
PM0009026,P00466,2026-04-01,167.02,167.02,Paid
PM0012162,P00629,2024-10-01,489.53,489.53,Paid
PM0004591,P00239,2025-07-01,151.43,151.43,Paid
PM0000713,P00032,2026-01-01,457.22,457.22,Paid
PM0013584,P00696,2026-04-01,104.7,104.7,Paid
PM0000058,P00005,2025-05-01,182.33,182.33,Paid
PM0000408,P00020,2024-01-01,573.96,0.0,Missed
PM0007280,P00377,2025-12-01,131.15,131.15,Paid
PM0005312,P00280,2026-06-01,98.47,98.47,Paid
PM0009605,P00492,2026-05-01,836.82,836.82,Paid
PM0010945,P00562,2026-06-01,285.53,0.0,Missed
PM0005730,P00304,2023-08-01,134.64,134.64,Paid
PM0008067,P00417,2025-12-01,219.24,219.24,Paid
PM0004057,P00208,2026-02-01,180.53,180.53,Paid
PM0010587,P00542,2025-02-01,177.89,177.89,Paid
PM0007108,P00365,2025-09-01,75.89,75.89,Paid
PM0004890,P00257,2024-09-01,229.95,229.95,Paid
PM0001990,P00096,2026-07-01,408.72,408.72,Paid
PM0002534,P00130,2023-08-01,248.96,0.0,Missed
PM0009322,P00480,2025-12-01,671.59,671.59,Paid
PM0013567,P00696,2024-11-01,104.7,104.7,Paid
PM0004999,P00262,2026-02-01,377.63,377.63,Paid
PM0010365,P00532,2025-02-01,412.5,412.5,Paid
PM0003726,P00185,2026-07-01,385.7,0.0,Missed
PM0012801,P00657,2024-08-01,126.71,126.71,Paid
PM0000845,P00039,2025-01-01,1099.84,1099.84,Paid
PM0013960,P00715,2025-11-01,259.73,259.73,Paid
PM0006651,P00340,2025-05-01,163.98,73.19,Partial
PM0011908,P00617,2023-10-01,332.67,332.67,Paid
PM0003623,P00182,2025-08-01,226.88,226.88,Paid
PM0004314,P00224,2026-01-01,642.21,642.21,Paid
PM0011232,P00583,2025-01-01,68.95,68.95,Paid
PM0009954,P00512,2026-02-01,93.98,93.98,Paid
PM0003575,P00178,2024-01-01,584.32,584.32,Paid
PM0007652,P00396,2025-04-01,555.67,555.67,Paid
PM0005842,P00306,2025-12-01,227.92,227.92,Paid
PM0012401,P00637,2026-02-01,80.81,80.81,Paid
PM0009743,P00502,2024-05-01,394.36,394.36,Paid
PM0014198,P00730,2025-06-01,362.64,362.64,Paid
PM0012356,P00635,2026-07-01,102.05,102.05,Paid
PM0008427,P00436,2025-07-01,410.56,0.0,Missed
PM0010880,P00557,2024-12-01,321.82,321.82,Paid
PM0002803,P00139,2026-01-01,560.94,560.94,Paid
PM0000322,P00016,2025-02-01,180.43,180.43,Paid
PM0007814,P00404,2025-02-01,661.28,661.28,Paid
PM0001963,P00096,2024-04-01,408.72,321.19,Partial
PM0006805,P00347,2024-09-01,629.61,629.61,Paid
PM0003846,P00193,2026-06-01,256.14,256.14,Paid
PM0012924,P00664,2024-06-01,74.73,74.73,Paid
PM0004470,P00232,2025-02-01,449.75,449.75,Paid
PM0000400,P00019,2026-05-01,266.55,266.55,Paid
PM0014200,P00730,2025-08-01,362.64,0.0,Missed
PM0001578,P00073,2025-07-01,35.19,35.19,Paid
PM0006666,P00341,2023-05-01,207.83,207.83,Paid
PM0004538,P00235,2026-05-01,410.39,410.39,Paid
PM0010923,P00562,2024-08-01,285.53,285.53,Paid
PM0014083,P00723,2026-07-01,242.27,242.27,Paid
PM0014283,P00735,2026-02-01,209.61,209.61,Paid
PM0010789,P00550,2026-07-01,158.06,0.0,Missed
PM0001209,P00055,2025-09-01,480.85,480.85,Paid
PM0001652,P00077,2025-03-01,179.71,179.71,Paid
PM0001547,P00071,2025-07-01,410.51,323.42,Partial
PM0001099,P00050,2025-01-01,405.72,405.72,Paid
PM0001260,P00058,2024-11-01,375.89,375.89,Paid
PM0007794,P00403,2025-10-01,137.28,137.28,Paid
PM0005079,P00267,2025-04-01,86.79,86.79,Paid
PM0001811,P00085,2023-06-01,176.78,176.78,Paid
PM0007930,P00411,2025-07-01,189.15,189.15,Paid
PM0003096,P00155,2026-02-01,536.24,536.24,Paid
PM0009151,P00472,2025-03-01,256.58,256.58,Paid
PM0007176,P00370,2025-04-01,138.19,138.19,Paid
PM0000071,P00006,2026-02-01,428.52,428.52,Paid
PM0010199,P00524,2025-10-01,189.03,189.03,Paid
PM0005844,P00306,2026-02-01,227.92,227.92,Paid
PM0001590,P00073,2026-07-01,35.19,35.19,Paid
PM0008542,P00442,2023-03-01,89.15,89.15,Paid
PM0000719,P00032,2026-07-01,457.22,457.22,Paid
PM0002509,P00127,2026-06-01,117.63,0.0,Missed
PM0009597,P00492,2025-09-01,836.82,836.82,Paid
PM0001058,P00049,2023-09-01,64.0,0.0,Missed
PM0002659,P00133,2025-03-01,144.56,144.56,Paid
PM0004782,P00250,2026-04-01,70.42,70.42,Paid
PM0012131,P00627,2025-09-01,193.55,193.55,Paid
PM0001930,P00094,2024-11-01,269.34,269.34,Paid
PM0010657,P00544,2026-02-01,524.96,524.96,Paid
PM0005210,P00274,2025-06-01,208.87,208.87,Paid
PM0010656,P00544,2026-01-01,524.96,524.96,Paid
PM0010039,P00515,2026-03-01,87.15,87.15,Paid
PM0008537,P00441,2026-04-01,457.6,457.6,Paid
PM0006453,P00329,2025-11-01,424.18,424.18,Paid
PM0007705,P00399,2024-10-01,87.55,87.55,Paid
PM0000327,P00016,2025-07-01,180.43,180.43,Paid
PM0009302,P00478,2026-04-01,129.82,129.82,Paid
PM0008935,P00459,2024-08-01,413.49,291.54,Partial
PM0013767,P00706,2024-05-01,257.22,257.22,Paid
PM0007671,P00397,2024-08-01,230.57,230.57,Paid
PM0010922,P00562,2024-07-01,285.53,285.53,Paid
PM0009969,P00513,2025-04-01,80.59,80.59,Paid
PM0000312,P00016,2024-04-01,180.43,0.0,Missed
PM0005334,P00282,2025-03-01,396.55,0.0,Missed
PM0013764,P00706,2024-02-01,257.22,257.22,Paid
PM0011153,P00578,2024-02-01,315.5,315.5,Paid
PM0003873,P00197,2023-11-01,810.95,810.95,Paid
PM0004926,P00258,2026-02-01,243.18,243.18,Paid
PM0007880,P00408,2026-01-01,137.55,137.55,Paid
PM0007984,P00413,2026-05-01,357.69,357.69,Paid
PM0011653,P00601,2025-07-01,54.01,54.01,Paid
PM0006095,P00316,2026-02-01,790.35,790.35,Paid
PM0001103,P00050,2025-05-01,405.72,405.72,Paid
PM0002355,P00117,2026-07-01,55.81,55.81,Paid
PM0013272,P00682,2025-02-01,511.43,511.43,Paid
PM0012328,P00635,2024-03-01,102.05,102.05,Paid
PM0008598,P00443,2026-06-01,112.5,112.5,Paid
PM0010492,P00537,2025-02-01,570.54,570.54,Paid
PM0007913,P00410,2026-01-01,156.23,156.23,Paid
PM0002895,P00144,2023-12-01,499.74,499.74,Paid
PM0014098,P00724,2026-05-01,392.33,392.33,Paid
PM0004143,P00211,2025-10-01,481.39,481.39,Paid
PM0013301,P00683,2024-12-01,256.4,256.4,Paid
PM0002487,P00127,2024-08-01,117.63,117.63,Paid
PM0005719,P00303,2025-10-01,242.73,242.73,Paid
PM0003319,P00165,2025-12-01,882.81,882.81,Paid
PM0006550,P00335,2024-08-01,77.12,0.0,Missed
PM0001320,P00061,2026-04-01,210.31,210.31,Paid
PM0003754,P00186,2026-05-01,100.78,100.78,Paid
PM0009182,P00473,2024-12-01,102.27,102.27,Paid
PM0000112,P00008,2024-12-01,317.11,317.11,Paid
PM0010145,P00521,2026-02-01,21.45,21.45,Paid
PM0008359,P00434,2024-05-01,639.88,639.88,Paid
PM0014329,P00738,2023-09-01,544.15,544.15,Paid
PM0009377,P00483,2025-03-01,149.54,149.54,Paid
PM0013590,P00697,2025-06-01,206.98,206.98,Paid
PM0012537,P00644,2026-03-01,490.38,490.38,Paid
PM0011740,P00607,2025-03-01,143.64,143.64,Paid
PM0004014,P00206,2026-05-01,239.6,239.6,Paid
PM0006400,P00327,2025-12-01,428.66,0.0,Missed
PM0001795,P00082,2026-04-01,174.81,0.0,Missed
PM0000499,P00024,2026-07-01,108.85,108.85,Paid
PM0002066,P00101,2023-07-01,1100.15,1100.15,Paid
PM0014267,P00734,2026-03-01,137.75,0.0,Missed
PM0003608,P00182,2024-05-01,226.88,226.88,Paid
PM0003512,P00173,2023-11-01,247.69,247.69,Paid
PM0001486,P00068,2026-02-01,397.96,397.96,Paid
PM0005914,P00311,2023-05-01,179.72,0.0,Missed
PM0004918,P00258,2025-06-01,243.18,243.18,Paid
PM0002166,P00107,2023-07-01,275.31,275.31,Paid
PM0008752,P00449,2026-06-01,33.62,33.62,Paid
PM0000411,P00020,2024-04-01,573.96,573.96,Paid
PM0010333,P00531,2025-07-01,390.73,390.73,Paid
PM0011491,P00594,2025-12-01,182.88,182.88,Paid
PM0001761,P00081,2025-04-01,316.18,316.18,Paid
PM0004206,P00219,2026-06-01,185.42,185.42,Paid
PM0000428,P00021,2024-01-01,195.65,195.65,Paid
PM0011937,P00617,2026-03-01,332.67,332.67,Paid
PM0003244,P00162,2025-04-01,283.27,283.27,Paid
PM0001331,P00063,2026-03-01,606.65,606.65,Paid
PM0000723,P00033,2025-04-01,70.59,70.59,Paid
PM0012754,P00655,2024-12-01,156.78,156.78,Paid
PM0000283,P00015,2025-01-01,224.35,224.35,Paid
PM0011613,P00598,2025-11-01,191.48,191.48,Paid
PM0003741,P00186,2025-04-01,100.78,100.78,Paid
PM0010964,P00563,2025-03-01,142.21,142.21,Paid
PM0009872,P00509,2023-10-01,191.4,144.53,Partial
PM0003644,P00183,2023-11-01,179.81,179.81,Paid
PM0002715,P00136,2025-11-01,349.29,349.29,Paid
PM0008927,P00459,2023-12-01,413.49,413.49,Paid
PM0005045,P00265,2025-03-01,372.15,372.15,Paid
PM0010171,P00523,2025-06-01,185.15,185.15,Paid
PM0009616,P00494,2025-09-01,666.1,666.1,Paid
PM0013336,P00684,2024-12-01,128.15,128.15,Paid
PM0005431,P00286,2025-08-01,66.09,66.09,Paid
PM0008811,P00452,2024-07-01,196.49,196.49,Paid
PM0009410,P00485,2023-10-01,288.29,288.29,Paid
PM0008793,P00451,2025-10-01,195.14,195.14,Paid
PM0008998,P00466,2023-12-01,167.02,167.02,Paid
PM0009848,P00507,2025-12-01,110.0,110.0,Paid
PM0008709,P00447,2024-02-01,817.77,817.77,Paid
PM0011330,P00588,2026-06-01,743.35,743.35,Paid
PM0006080,P00316,2024-11-01,790.35,790.35,Paid
PM0005291,P00279,2023-11-01,341.33,341.33,Paid
PM0001309,P00059,2026-05-01,134.5,134.5,Paid
PM0014270,P00734,2026-06-01,137.75,0.0,Missed
PM0014582,P00750,2024-09-01,685.98,685.98,Paid
PM0004411,P00229,2024-07-01,486.41,486.41,Paid
PM0005295,P00279,2024-03-01,341.33,341.33,Paid
PM0005061,P00266,2026-03-01,547.51,547.51,Paid
PM0002149,P00105,2025-11-01,442.04,442.04,Paid
PM0013493,P00693,2024-07-01,313.0,313.0,Paid
PM0002466,P00125,2025-12-01,143.81,143.81,Paid
PM0001939,P00095,2025-08-01,234.38,234.38,Paid
PM0002765,P00138,2026-01-01,75.47,75.47,Paid
PM0011509,P00595,2024-10-01,625.3,625.3,Paid
PM0005499,P00290,2026-03-01,564.15,564.15,Paid
PM0006594,P00336,2025-12-01,198.24,198.24,Paid
PM0005929,P00311,2024-08-01,179.72,179.72,Paid
PM0000479,P00023,2023-10-01,574.6,574.6,Paid
PM0004869,P00255,2026-04-01,444.0,444.0,Paid
PM0000701,P00032,2025-01-01,457.22,457.22,Paid
PM0009709,P00501,2024-10-01,518.28,518.28,Paid
PM0013247,P00679,2024-11-01,445.32,445.32,Paid
PM0007956,P00413,2024-01-01,357.69,357.69,Paid
PM0012959,P00665,2026-06-01,506.83,506.83,Paid
PM0003966,P00201,2026-05-01,125.01,125.01,Paid
PM0007469,P00385,2026-07-01,183.7,183.7,Paid
PM0012011,P00621,2025-10-01,181.36,181.36,Paid
PM0002957,P00148,2024-09-01,62.38,62.38,Paid
PM0010828,P00552,2026-01-01,1031.65,1031.65,Paid
PM0009327,P00480,2026-05-01,671.59,671.59,Paid
PM0010751,P00549,2025-06-01,54.97,0.0,Missed
PM0009447,P00486,2025-05-01,482.7,482.7,Paid
PM0012129,P00627,2025-07-01,193.55,125.91,Partial
PM0009381,P00483,2025-07-01,149.54,149.54,Paid
PM0000963,P00044,2026-01-01,205.22,205.22,Paid
PM0000545,P00026,2023-11-01,945.63,945.63,Paid
PM0000921,P00043,2024-11-01,536.29,536.29,Paid
PM0005562,P00296,2026-01-01,277.13,277.13,Paid
PM0006484,P00332,2025-03-01,122.94,122.94,Paid
PM0007058,P00362,2025-06-01,341.2,341.2,Paid
PM0007062,P00362,2025-10-01,341.2,341.2,Paid
PM0007618,P00393,2026-03-01,834.88,834.88,Paid
PM0003066,P00152,2025-12-01,108.42,108.42,Paid
PM0006990,P00358,2026-04-01,60.83,60.83,Paid
PM0004718,P00248,2026-03-01,168.99,168.99,Paid
PM0007958,P00413,2024-03-01,357.69,357.69,Paid
PM0008908,P00457,2025-12-01,138.98,138.98,Paid
PM0009490,P00487,2025-07-01,378.75,378.75,Paid
PM0013383,P00686,2025-03-01,187.22,187.22,Paid
PM0002604,P00132,2023-05-01,323.1,323.1,Paid
PM0006340,P00326,2024-01-01,203.51,0.0,Missed
PM0008468,P00438,2024-03-01,374.73,374.73,Paid
PM0003181,P00159,2025-07-01,121.97,121.97,Paid
PM0002941,P00146,2026-06-01,251.37,251.37,Paid
PM0012569,P00646,2025-03-01,72.97,72.97,Paid
PM0000179,P00010,2025-10-01,181.56,181.56,Paid
PM0010617,P00543,2025-05-01,150.12,150.12,Paid
PM0013276,P00682,2025-06-01,511.43,511.43,Paid
PM0008019,P00416,2023-06-01,127.49,0.0,Missed
PM0013107,P00672,2025-12-01,77.27,55.35,Partial
PM0000021,P00003,2024-06-01,40.13,40.13,Paid
PM0009575,P00492,2023-11-01,836.82,-836.82,Paid
PM0013308,P00683,2025-07-01,256.4,256.4,Paid
PM0004183,P00215,2026-06-01,30.9,30.9,Paid
PM0003480,P00171,2025-10-01,608.31,608.31,Paid
PM0009409,P00485,2023-09-01,288.29,288.29,Paid
PM0009244,P00477,2023-12-01,708.84,708.84,Paid
PM0002028,P00099,2025-11-01,706.95,706.95,Paid
PM0012696,P00652,2024-09-01,687.04,687.04,Paid
PM0005432,P00286,2025-09-01,66.09,-66.09,Paid
PM0006918,P00352,2023-06-01,441.45,441.45,Paid
PM0007770,P00402,2025-01-01,234.54,234.54,Paid
PM0001928,P00094,2024-09-01,269.34,269.34,Paid
PM0009452,P00486,2025-10-01,482.7,482.7,Paid
PM0006816,P00347,2025-08-01,629.61,629.61,Paid
PM0010223,P00525,2025-04-01,29.64,0.0,Missed
PM0008007,P00415,2025-09-01,435.73,435.73,Paid
PM0003910,P00198,2026-01-01,269.68,269.68,Paid
PM0005087,P00268,2025-09-01,392.66,392.66,Paid
PM0004945,P00259,2026-03-01,584.68,584.68,Paid
PM0006532,P00334,2025-06-01,525.35,525.35,Paid
PM0008304,P00429,2026-07-01,306.99,306.99,Paid
PM0007182,P00370,2025-10-01,138.19,138.19,Paid
PM0013647,P00700,2023-06-01,330.96,330.96,Paid
PM0010411,P00534,2025-09-01,79.64,79.64,Paid
PM0000237,P00014,2024-07-01,207.74,207.74,Paid
PM0000469,P00022,2025-11-01,619.12,399.87,Partial
PM0013405,P00687,2023-08-01,157.79,157.79,Paid
PM0006529,P00334,2025-03-01,525.35,525.35,Paid
PM0007431,P00384,2025-05-01,545.23,545.23,Paid
PM0003338,P00166,2025-01-01,263.35,263.35,Paid
PM0001561,P00073,2024-02-01,35.19,35.19,Paid
PM0009805,P00504,2026-02-01,604.93,604.93,Paid
PM0011404,P00591,2025-09-01,157.95,157.95,Paid
PM0013800,P00707,2026-04-01,442.88,442.88,Paid
PM0002712,P00136,2025-08-01,349.29,349.29,Paid
PM0004477,P00232,2025-09-01,449.75,449.75,Paid
PM0011465,P00593,2025-06-01,142.88,142.88,Paid
PM0013728,P00703,2026-04-01,218.62,218.62,Paid
PM0010698,P00548,2024-05-01,679.35,679.35,Paid
PM0007501,P00389,2023-07-01,270.03,270.03,Paid
PM0003890,P00197,2025-04-01,810.95,810.95,Paid
PM0001131,P00052,2025-07-01,219.66,219.66,Paid
PM0013840,P00709,2025-07-01,262.63,262.63,Paid
PM0014548,P00748,2026-06-01,233.16,0.0,Missed
PM0011021,P00570,2023-08-01,159.96,159.96,Paid
PM0001438,P00067,2024-11-01,198.85,198.85,Paid
PM0000448,P00021,2025-09-01,195.65,195.65,Paid
PM0002093,P00102,2026-06-01,406.58,406.58,Paid
PM0007787,P00402,2026-06-01,234.54,234.54,Paid
PM0003614,P00182,2024-11-01,226.88,226.88,Paid
PM0007274,P00375,2026-04-01,175.07,175.07,Paid
PM0013406,P00687,2023-09-01,157.79,157.79,Paid
PM0008128,P00421,2024-07-01,560.92,560.92,Paid
PM0006959,P00355,2025-12-01,70.51,70.51,Paid
PM0001679,P00078,2024-02-01,500.1,500.1,Paid
PM0007635,P00395,2024-05-01,209.53,209.53,Paid
PM0000167,P00010,2024-10-01,181.56,181.56,Paid
PM0000931,P00043,2025-09-01,536.29,536.29,Paid
PM0005556,P00296,2025-07-01,277.13,277.13,Paid
PM0009110,P00470,2026-06-01,347.86,347.86,Paid
PM0011460,P00593,2025-01-01,142.88,142.88,Paid
PM0000065,P00005,2025-12-01,182.33,182.33,Paid
PM0013059,P00671,2024-05-01,377.8,377.8,Paid
PM0005413,P00285,2024-12-01,357.44,357.44,Paid
PM0009286,P00478,2024-12-01,129.82,129.82,Paid
PM0005688,P00302,2025-12-01,293.34,293.34,Paid
PM0014150,P00728,2023-11-01,147.25,147.25,Paid
PM0008079,P00418,2023-07-01,476.51,0.0,Missed
PM0001553,P00071,2026-01-01,410.51,410.51,Paid
PM0011034,P00570,2024-09-01,159.96,159.96,Paid
PM0012723,P00653,2025-07-01,211.59,211.59,Paid
PM0001945,P00095,2026-02-01,234.38,234.38,Paid
PM0006756,P00344,2026-04-01,925.69,925.69,Paid
PM0007617,P00393,2026-02-01,834.88,834.88,Paid
PM0002280,P00113,2025-08-01,16.19,16.19,Paid
PM0005544,P00295,2025-08-01,314.75,314.75,Paid
PM0001264,P00058,2025-03-01,375.89,375.89,Paid
PM0005302,P00280,2025-08-01,98.47,98.47,Paid
PM0014398,P00739,2025-11-01,147.41,147.41,Paid
PM0013287,P00682,2026-05-01,511.43,511.43,Paid
PM0005347,P00282,2026-04-01,396.55,396.55,Paid
PM0011607,P00598,2025-05-01,191.48,191.48,Paid
PM0002973,P00148,2026-01-01,62.38,62.38,Paid
PM0008506,P00440,2025-02-01,373.63,373.63,Paid
PM0005718,P00303,2025-09-01,242.73,242.73,Paid
PM0006137,P00318,2023-12-01,212.45,212.45,Paid
PM0002916,P00145,2025-04-01,294.38,294.38,Paid
PM0001723,P00079,2026-04-01,234.25,234.25,Paid
PM0000914,P00042,2026-05-01,284.88,284.88,Paid
PM0004730,P00249,2024-12-01,320.96,0.0,Missed
PM0012532,P00644,2025-10-01,490.38,490.38,Paid
PM0006291,P00325,2023-04-01,59.23,0.0,Missed
PM0010947,P00563,2023-10-01,142.21,142.21,Paid
PM0005404,P00285,2024-03-01,357.44,357.44,Paid
PM0001363,P00065,2025-02-01,174.21,0.0,Missed
PM0005916,P00311,2023-07-01,179.72,179.72,Paid
PM0004393,P00228,2026-05-01,96.21,96.21,Paid
PM0013636,P00699,2026-01-01,653.3,653.3,Paid
PM0013969,P00716,2025-12-01,205.59,205.59,Paid
PM0012677,P00651,2026-02-01,263.42,263.42,Paid
PM0004656,P00244,2025-06-01,138.03,138.03,Paid
PM0000390,P00019,2025-07-01,266.55,266.55,Paid
PM0008064,P00417,2025-09-01,219.24,0.0,Missed
PM0010747,P00549,2025-02-01,54.97,54.97,Paid
PM0008233,P00427,2025-06-01,290.48,290.48,Paid
PM0004030,P00207,2025-01-01,95.37,95.37,Paid
PM0004675,P00245,2026-02-01,696.24,696.24,Paid
PM0006443,P00328,2026-03-01,68.94,68.94,Paid
PM0000493,P00024,2026-01-01,108.85,108.85,Paid
PM0006972,P00356,2026-04-01,69.02,69.02,Paid
PM0006711,P00343,2023-09-01,97.41,97.41,Paid
PM0012448,P00639,2025-07-01,117.84,117.84,Paid
PM0001409,P00066,2025-10-01,343.28,343.28,Paid
PM0003820,P00191,2024-12-01,295.15,295.15,Paid
PM0011950,P00618,2025-12-01,713.22,713.22,Paid
PM0011737,P00606,2026-07-01,183.01,183.01,Paid
PM0007675,P00397,2024-12-01,230.57,230.57,Paid
PM0006144,P00318,2024-07-01,212.45,212.45,Paid
PM0001552,P00071,2025-12-01,410.51,410.51,Paid
PM0000786,P00036,2025-09-01,543.71,543.71,Paid
PM0002101,P00103,2024-01-01,836.1,836.1,Paid
PM0007003,P00359,2025-02-01,394.21,394.21,Paid
PM0001699,P00078,2025-10-01,500.1,500.1,Paid
PM0003960,P00200,2026-02-01,352.42,352.42,Paid
PM0001429,P00067,2024-02-01,198.85,198.85,Paid
PM0009842,P00506,2026-07-01,62.5,62.5,Paid
PM0009183,P00473,2025-01-01,102.27,102.27,Paid
PM0005747,P00304,2025-01-01,134.64,134.64,Paid
PM0001439,P00067,2024-12-01,198.85,136.88,Partial
PM0001120,P00051,2025-09-01,272.05,272.05,Paid
PM0011300,P00587,2026-05-01,63.77,63.77,Paid
PM0006547,P00335,2024-05-01,77.12,77.12,Paid
PM0006562,P00335,2025-08-01,77.12,77.12,Paid
PM0009058,P00468,2025-12-01,439.51,439.51,Paid
PM0012001,P00620,2026-06-01,494.94,494.94,Paid
PM0002877,P00143,2025-12-01,472.19,0.0,Missed
PM0004735,P00249,2025-05-01,320.96,320.96,Paid
PM0008672,P00446,2023-09-01,130.98,130.98,Paid
PM0001073,P00049,2024-12-01,64.0,64.0,Paid
PM0013513,P00693,2026-03-01,313.0,313.0,Paid
PM0009571,P00492,2023-07-01,836.82,836.82,Paid
PM0011104,P00572,2026-05-01,619.24,619.24,Paid
PM0007026,P00360,2025-06-01,259.6,192.23,Partial
PM0007402,P00381,2026-05-01,137.11,137.11,Paid
PM0002401,P00122,2026-01-01,263.2,263.2,Paid
PM0012074,P00625,2023-12-01,177.27,177.27,Paid
PM0010115,P00519,2026-06-01,429.63,429.63,Paid
PM0000151,P00009,2025-09-01,281.25,281.25,Paid
PM0004272,P00222,2025-07-01,42.17,42.17,Paid
PM0003671,P00183,2026-02-01,179.81,179.81,Paid
PM0004642,P00243,2026-06-01,235.74,235.74,Paid
PM0011409,P00591,2026-02-01,157.95,157.95,Paid
PM0005173,P00272,2026-01-01,176.81,176.81,Paid
PM0011192,P00580,2025-12-01,140.73,140.73,Paid
PM0009471,P00487,2023-12-01,378.75,378.75,Paid
PM0006379,P00327,2024-03-01,428.66,0.0,Missed
PM0012608,P00649,2024-02-01,246.64,0.0,Missed
PM0000392,P00019,2025-09-01,266.55,266.55,Paid
PM0012345,P00635,2025-08-01,102.05,102.05,Paid
PM0006721,P00343,2024-07-01,97.41,97.41,Paid
PM0001021,P00046,2025-05-01,408.98,408.98,Paid
PM0004214,P00220,2025-10-01,204.49,204.49,Paid
PM0007587,P00392,2025-04-01,138.49,138.49,Paid
PM0007897,P00409,2026-07-01,115.73,115.73,Paid
PM0004788,P00251,2026-03-01,601.29,601.29,Paid
PM0012688,P00652,2024-01-01,687.04,687.04,Paid
PM0008135,P00421,2025-02-01,560.92,560.92,Paid
PM0008018,P00416,2023-05-01,127.49,127.49,Paid
PM0001116,P00050,2026-06-01,405.72,405.72,Paid
PM0011321,P00588,2025-09-01,743.35,0.0,Missed
PM0008352,P00434,2023-10-01,639.88,639.88,Paid
PM0000130,P00008,2026-06-01,317.11,317.11,Paid
PM0001680,P00078,2024-03-01,500.1,500.1,Paid
PM0000245,P00014,2025-03-01,207.74,207.74,Paid
PM0013782,P00706,2025-08-01,257.22,257.22,Paid
PM0000284,P00015,2025-02-01,224.35,224.35,Paid
PM0002100,P00103,2023-12-01,836.1,562.52,Partial
PM0010469,P00536,2026-04-01,0.0,0.0,Paid
PM0005094,P00268,2026-04-01,392.66,392.66,Paid
PM0005535,P00294,2026-02-01,166.79,166.79,Paid
PM0007933,P00411,2025-10-01,189.15,189.15,Paid
PM0014207,P00730,2026-03-01,362.64,362.64,Paid
PM0008833,P00452,2026-05-01,196.49,196.49,Paid
PM0009974,P00513,2025-09-01,80.59,53.18,Partial
PM0013399,P00686,2026-07-01,187.22,187.22,Paid
PM0006208,P00320,2026-05-01,149.0,149.0,Paid
PM0005090,P00268,2025-12-01,392.66,392.66,Paid
PM0006716,P00343,2024-02-01,97.41,97.41,Paid
PM0005306,P00280,2025-12-01,98.47,98.47,Paid
PM0000102,P00007,2026-07-01,495.09,495.09,Paid
PM0003918,P00199,2023-10-01,381.36,381.36,Paid
PM0009574,P00492,2023-10-01,836.82,836.82,Paid
PM0006169,P00319,2026-02-01,375.44,375.44,Paid
PM0012599,P00647,2026-04-01,199.76,199.76,Paid
PM0002124,P00103,2025-12-01,836.1,836.1,Paid
PM0007488,P00387,2026-03-01,344.41,344.41,Paid
PM0011761,P00608,2025-11-01,73.34,73.34,Paid
PM0005235,P00275,2023-12-01,181.0,181.0,Paid
PM0001088,P00049,2026-03-01,64.0,64.0,Paid
PM0004182,P00215,2026-05-01,30.9,30.9,Paid
PM0008194,P00426,2025-02-01,240.12,240.12,Paid
PM0007991,P00414,2026-06-01,136.66,136.66,Paid
PM0008722,P00449,2023-12-01,33.62,33.62,Paid
PM0000858,P00039,2026-02-01,1099.84,1099.84,Paid
PM0013428,P00687,2025-07-01,157.79,157.79,Paid
PM0001310,P00059,2026-06-01,134.5,134.5,Paid
PM0009596,P00492,2025-08-01,836.82,836.82,Paid
PM0006865,P00350,2025-09-01,338.69,338.69,Paid
PM0014052,P00721,2026-07-01,248.01,0.0,Missed
PM0013104,P00672,2025-09-01,77.27,77.27,Paid
PM0010674,P00545,2025-07-01,191.08,191.08,Paid
PM0000519,P00025,2024-10-01,170.93,170.93,Paid
PM0005515,P00292,2026-06-01,607.4,607.4,Paid
PM0013080,P00671,2026-02-01,377.8,377.8,Paid
PM0000484,P00023,2024-03-01,574.6,0.0,Missed
PM0000423,P00021,2023-08-01,195.65,195.65,Paid
PM0008567,P00442,2025-04-01,89.15,89.15,Paid
PM0005769,P00305,2023-06-01,258.23,258.23,Paid
PM0003981,P00203,2025-07-01,231.55,231.55,Paid
PM0001011,P00046,2024-07-01,408.98,408.98,Paid
PM0005436,P00286,2026-01-01,66.09,66.09,Paid
PM0001530,P00070,2025-04-01,85.97,85.97,Paid
PM0013245,P00679,2024-09-01,445.32,445.32,Paid
PM0009140,P00471,2025-11-01,337.78,337.78,Paid
PM0008896,P00456,2026-01-01,459.62,459.62,Paid
PM0014090,P00724,2025-09-01,392.33,392.33,Paid
PM0011051,P00570,2026-02-01,159.96,159.96,Paid
PM0013629,P00698,2026-04-01,286.36,286.36,Paid
PM0000972,P00045,2024-07-01,217.69,217.69,Paid
PM0003003,P00149,2025-11-01,166.92,166.92,Paid
PM0005519,P00293,2026-06-01,499.13,499.13,Paid
PM0012329,P00635,2024-04-01,102.05,102.05,Paid
PM0000702,P00032,2025-02-01,457.22,457.22,Paid
PM0000902,P00041,2026-03-01,444.37,444.37,Paid
PM0002139,P00104,2026-01-01,248.78,248.78,Paid
PM0005712,P00303,2025-03-01,242.73,242.73,Paid
PM0002965,P00148,2025-05-01,62.38,62.38,Paid
PM0011283,P00585,2025-08-01,64.64,64.64,Paid
PM0009634,P00495,2024-06-01,179.38,0.0,Missed
PM0009385,P00483,2025-11-01,149.54,149.54,Paid
PM0010083,P00519,2023-10-01,429.63,429.63,Paid
PM0002989,P00149,2024-09-01,166.92,166.92,Paid
PM0007650,P00396,2025-02-01,555.67,230.51,Partial
PM0013215,P00677,2025-09-01,138.01,138.01,Paid
PM0008925,P00459,2023-10-01,413.49,413.49,Paid
PM0012519,P00643,2025-07-01,269.85,269.85,Paid
PM0014401,P00739,2026-02-01,147.41,147.41,Paid
PM0004070,P00209,2025-09-01,147.59,147.59,Paid
PM0007394,P00381,2025-09-01,137.11,137.11,Paid
PM0007278,P00376,2025-05-01,194.74,0.0,Missed
PM0013676,P00700,2025-11-01,330.96,330.96,Paid
PM0009159,P00472,2025-11-01,256.58,256.58,Paid
PM0000294,P00015,2025-12-01,224.35,224.35,Paid
PM0011236,P00583,2025-05-01,68.95,68.95,Paid
PM0006708,P00343,2023-06-01,97.41,97.41,Paid
PM0003132,P00156,2025-08-01,231.94,231.94,Paid
PM0002969,P00148,2025-09-01,62.38,62.38,Paid
PM0006354,P00326,2025-03-01,203.51,203.51,Paid
PM0005099,P00269,2026-03-01,925.24,925.24,Paid
PM0001077,P00049,2025-04-01,64.0,64.0,Paid
PM0014149,P00728,2023-10-01,147.25,147.25,Paid
PM0011384,P00590,2026-04-01,368.18,368.18,Paid
PM0008904,P00457,2025-08-01,138.98,138.98,Paid
PM0009920,P00510,2026-02-01,375.08,375.08,Paid
PM0010978,P00566,2025-01-01,572.96,572.96,Paid
PM0009856,P00508,2024-09-01,633.22,633.22,Paid
PM0012720,P00653,2025-04-01,211.59,211.59,Paid
PM0008901,P00456,2026-06-01,459.62,459.62,Paid
PM0002400,P00121,2026-07-01,131.46,131.46,Paid
PM0009717,P00501,2025-06-01,518.28,518.28,Paid
PM0004907,P00257,2026-02-01,229.95,229.95,Paid
PM0009746,P00502,2024-08-01,394.36,394.36,Paid
PM0004966,P00262,2023-05-01,377.63,377.63,Paid
PM0008856,P00454,2024-02-01,258.55,258.55,Paid
PM0008187,P00425,2026-05-01,95.32,0.0,Missed
PM0003258,P00162,2026-06-01,283.27,283.27,Paid
PM0014025,P00720,2026-01-01,339.91,339.91,Paid
PM0008413,P00436,2024-05-01,410.56,0.0,Missed
PM0008982,P00464,2024-09-01,287.74,287.74,Paid
PM0001038,P00047,2025-10-01,167.5,167.5,Paid
PM0006052,P00315,2025-12-01,113.63,113.63,Paid
PM0000919,P00043,2024-09-01,536.29,536.29,Paid
PM0003809,P00191,2024-01-01,295.15,295.15,Paid
PM0007089,P00364,2025-10-01,492.7,492.7,Paid
PM0008881,P00454,2026-03-01,258.55,258.55,Paid
PM0010216,P00525,2024-09-01,29.64,29.64,Paid
PM0006409,P00328,2023-05-01,68.94,68.94,Paid
PM0000183,P00010,2026-02-01,181.56,181.56,Paid
PM0012463,P00640,2025-02-01,172.35,172.35,Paid
PM0000455,P00021,2026-04-01,195.65,195.65,Paid
PM0012102,P00625,2026-04-01,177.27,177.27,Paid
PM0008479,P00438,2025-02-01,374.73,374.73,Paid
PM0014185,P00729,2026-05-01,122.57,0.0,Missed
PM0004784,P00250,2026-06-01,70.42,70.42,Paid
PM0005446,P00287,2025-02-01,183.69,81.5,Partial
PM0012623,P00649,2025-05-01,246.64,246.64,Paid
PM0007079,P00364,2024-12-01,492.7,492.7,Paid
PM0006367,P00326,2026-04-01,203.51,203.51,Paid
PM0004356,P00226,2024-08-01,719.63,719.63,Paid
PM0012955,P00665,2026-02-01,506.83,506.83,Paid
PM0013731,P00703,2026-07-01,218.62,218.62,Paid
PM0014058,P00723,2024-06-01,242.27,242.27,Paid
PM0008320,P00430,2025-06-01,323.55,323.55,Paid
PM0006253,P00322,2025-03-01,105.73,105.73,Paid
PM0000676,P00031,2025-06-01,211.73,211.73,Paid
PM0007607,P00393,2025-04-01,834.88,834.88,Paid
PM0000069,P00005,2026-04-01,182.33,182.33,Paid
PM0002422,P00124,2024-04-01,714.19,714.19,Paid
PM0014438,P00742,2025-07-01,387.1,387.1,Paid
PM0003571,P00177,2026-04-01,348.59,348.59,Paid
PM0010910,P00562,2023-07-01,285.53,285.53,Paid
PM0011966,P00619,2024-08-01,377.2,377.2,Paid
PM0013394,P00686,2026-02-01,187.22,187.22,Paid
PM0012662,P00650,2025-07-01,300.09,300.09,Paid
PM0011854,P00614,2025-01-01,82.1,82.1,Paid
PM0012149,P00628,2026-03-01,327.26,327.26,Paid
PM0002255,P00113,2023-07-01,16.19,16.19,Paid
PM0000601,P00027,2025-02-01,65.33,65.33,Paid
PM0011593,P00598,2024-03-01,191.48,0.0,Missed
PM0004244,P00221,2025-03-01,354.54,279.07,Partial
PM0004341,P00226,2023-05-01,719.63,0.0,Missed
PM0011103,P00572,2026-04-01,619.24,619.24,Paid
PM0000228,P00014,2023-10-01,207.74,207.74,Paid
PM0005236,P00275,2024-01-01,181.0,181.0,Paid
PM0011853,P00614,2024-12-01,82.1,0.0,Missed
PM0013770,P00706,2024-08-01,257.22,257.22,Paid
PM0004436,P00230,2025-08-01,353.59,353.59,Paid
PM0011711,P00604,2026-06-01,1040.1,1040.1,Paid
PM0011793,P00611,2025-06-01,552.64,352.87,Partial
PM0014444,P00742,2026-01-01,387.1,387.1,Paid
PM0005165,P00272,2025-05-01,176.81,176.81,Paid
PM0009955,P00512,2026-03-01,93.98,93.98,Paid
PM0011375,P00590,2025-07-01,368.18,368.18,Paid
PM0008750,P00449,2026-04-01,33.62,33.62,Paid
PM0010404,P00534,2025-02-01,79.64,79.64,Paid
PM0002961,P00148,2025-01-01,62.38,62.38,Paid
PM0010727,P00549,2023-06-01,54.97,54.97,Paid
PM0000099,P00007,2026-04-01,495.09,495.09,Paid
PM0007687,P00397,2025-12-01,230.57,0.0,Missed
PM0007162,P00370,2024-02-01,138.19,138.19,Paid
PM0008104,P00419,2025-12-01,223.24,223.24,Paid
PM0001831,P00085,2025-02-01,176.78,176.78,Paid
PM0006423,P00328,2024-07-01,68.94,68.94,Paid
PM0003885,P00197,2024-11-01,810.95,810.95,Paid
PM0005375,P00284,2024-01-01,554.65,554.65,Paid
PM0008387,P00435,2024-01-01,160.67,160.67,Paid
PM0007614,P00393,2025-11-01,834.88,834.88,Paid
PM0013581,P00696,2026-01-01,104.7,104.7,Paid
PM0002141,P00104,2026-03-01,248.78,248.78,Paid
PM0004639,P00243,2026-03-01,235.74,235.74,Paid
PM0012390,P00637,2025-03-01,80.81,80.81,Paid
PM0011552,P00596,2025-08-01,174.96,174.96,Paid
PM0013546,P00695,2025-06-01,547.06,547.06,Paid
PM0012725,P00653,2025-09-01,211.59,211.59,Paid
PM0003113,P00156,2024-01-01,231.94,231.94,Paid
PM0011109,P00573,2026-07-01,408.13,408.13,Paid
PM0007166,P00370,2024-06-01,138.19,138.19,Paid
PM0005508,P00291,2026-03-01,353.26,353.26,Paid
PM0003464,P00171,2024-06-01,608.31,608.31,Paid
PM0011856,P00614,2025-03-01,82.1,82.1,Paid
PM0013966,P00715,2026-05-01,259.73,259.73,Paid
PM0011833,P00614,2023-04-01,82.1,82.1,Paid
PM0004852,P00255,2024-11-01,444.0,444.0,Paid
PM0014328,P00737,2026-05-01,66.99,66.99,Paid
PM0002160,P00106,2026-07-01,491.28,491.28,Paid
PM0001272,P00058,2025-11-01,375.89,375.89,Paid
PM0012918,P00664,2023-12-01,74.73,74.73,Paid
PM0014356,P00738,2025-12-01,544.15,544.15,Paid
PM0002601,P00132,2023-02-01,323.1,323.1,Paid
PM0011704,P00604,2025-11-01,1040.1,1040.1,Paid
PM0011414,P00591,2026-07-01,157.95,157.95,Paid
PM0000318,P00016,2024-10-01,180.43,180.43,Paid
PM0000227,P00014,2023-09-01,207.74,207.74,Paid
PM0003295,P00163,2026-05-01,505.44,505.44,Paid
PM0008910,P00457,2026-02-01,138.98,138.98,Paid
PM0008524,P00441,2025-03-01,457.6,457.6,Paid
PM0011577,P00597,2026-05-01,196.66,196.66,Paid
PM0008649,P00445,2025-04-01,778.87,778.87,Paid
PM0007115,P00365,2026-04-01,75.89,75.89,Paid
PM0010578,P00542,2024-05-01,177.89,177.89,Paid
PM0014273,P00735,2025-04-01,209.61,209.61,Paid
PM0009704,P00500,2025-11-01,102.77,102.77,Paid
PM0006612,P00337,2026-01-01,119.24,119.24,Paid
PM0012483,P00641,2025-03-01,309.29,309.29,Paid
PM0014591,P00750,2025-06-01,685.98,685.98,Paid
PM0012285,P00633,2026-02-01,167.48,167.48,Paid
PM0005965,P00312,2024-04-01,199.07,199.07,Paid
PM0009705,P00501,2024-06-01,518.28,518.28,Paid
PM0008435,P00436,2026-03-01,410.56,410.56,Paid
PM0005169,P00272,2025-09-01,176.81,89.6,Partial
PM0005358,P00283,2025-09-01,36.5,36.5,Paid
PM0011889,P00616,2025-04-01,648.72,648.72,Paid
PM0006368,P00326,2026-05-01,203.51,203.51,Paid
PM0004245,P00221,2025-04-01,354.54,354.54,Paid
PM0010098,P00519,2025-01-01,429.63,429.63,Paid
PM0006786,P00345,2025-12-01,661.78,661.78,Paid
PM0000037,P00004,2024-11-01,648.32,648.32,Paid
PM0001620,P00076,2026-02-01,588.77,588.77,Paid
PM0007480,P00387,2025-07-01,344.41,344.41,Paid
PM0007644,P00396,2024-08-01,555.67,555.67,Paid
PM0011152,P00578,2024-01-01,315.5,315.5,Paid
PM0007850,P00406,2025-11-01,432.77,432.77,Paid
PM0014280,P00735,2025-11-01,209.61,129.18,Partial
PM0011005,P00567,2026-02-01,85.61,85.61,Paid
PM0013479,P00693,2023-05-01,313.0,313.0,Paid
PM0000626,P00028,2023-12-01,101.58,101.58,Paid
PM0011594,P00598,2024-04-01,191.48,191.48,Paid
PM0004557,P00236,2026-05-01,768.82,768.82,Paid
PM0012078,P00625,2024-04-01,177.27,177.27,Paid
PM0010846,P00554,2025-10-01,46.23,46.23,Paid
PM0008409,P00436,2024-01-01,410.56,410.56,Paid
PM0010653,P00544,2025-10-01,524.96,524.96,Paid
PM0009827,P00506,2025-04-01,62.5,62.5,Paid
PM0011682,P00603,2026-03-01,274.0,274.0,Paid
PM0010306,P00529,2024-10-01,279.09,279.09,Paid
PM0003086,P00154,2026-01-01,311.67,199.92,Partial
PM0007124,P00367,2025-09-01,613.85,0.0,Missed
PM0002956,P00148,2024-08-01,62.38,62.38,Paid
PM0006603,P00337,2025-04-01,119.24,119.24,Paid
PM0003769,P00190,2024-02-01,488.35,488.35,Paid
PM0012818,P00657,2026-01-01,126.71,126.71,Paid
PM0008696,P00446,2025-09-01,130.98,130.98,Paid
PM0007698,P00398,2026-02-01,185.56,185.56,Paid
PM0014372,P00739,2023-09-01,147.41,147.41,Paid
PM0011055,P00570,2026-06-01,159.96,159.96,Paid
PM0012582,P00647,2024-11-01,199.76,199.76,Paid
PM0012240,P00632,2023-10-01,213.13,213.13,Paid
PM0004083,P00210,2024-04-01,422.89,0.0,Missed
PM0003838,P00191,2026-06-01,295.15,124.01,Partial
PM0000094,P00007,2025-11-01,495.09,495.09,Paid
PM0009727,P00501,2026-04-01,518.28,0.0,Missed
PM0009946,P00511,2026-01-01,105.47,105.47,Paid
PM0010740,P00549,2024-07-01,54.97,54.97,Paid
PM0006903,P00351,2025-07-01,467.05,467.05,Paid
PM0004600,P00239,2026-04-01,151.43,151.43,Paid
PM0011170,P00578,2025-07-01,315.5,315.5,Paid
PM0005621,P00299,2026-03-01,121.63,0.0,Missed
PM0009070,P00469,2023-09-01,458.43,458.43,Paid
PM0002356,P00118,2023-05-01,372.74,372.74,Paid
PM0006399,P00327,2025-11-01,428.66,428.66,Paid
PM0010819,P00552,2025-04-01,1031.65,0.0,Missed
PM0010116,P00519,2026-07-01,429.63,429.63,Paid
PM0007393,P00381,2025-08-01,137.11,137.11,Paid
PM0012335,P00635,2024-10-01,102.05,102.05,Paid
PM0001645,P00077,2024-08-01,179.71,179.71,Paid
PM0007107,P00365,2025-08-01,75.89,75.89,Paid
PM0012156,P00629,2024-04-01,489.53,489.53,Paid
PM0014434,P00742,2025-03-01,387.1,387.1,Paid
PM0014471,P00744,2023-07-01,326.31,326.31,Paid
PM0001266,P00058,2025-05-01,375.89,375.89,Paid
PM0006909,P00351,2026-01-01,467.05,0.0,Missed
PM0001446,P00067,2025-07-01,198.85,198.85,Paid
PM0011315,P00588,2025-03-01,743.35,743.35,Paid
PM0002203,P00108,2025-06-01,422.63,422.63,Paid
PM0006130,P00318,2023-05-01,212.45,212.45,Paid
PM0012239,P00632,2023-09-01,213.13,213.13,Paid
PM0004829,P00254,2025-05-01,311.13,0.0,Missed
PM0013762,P00706,2023-12-01,257.22,257.22,Paid
PM0003313,P00165,2025-06-01,882.81,882.81,Paid
PM0009106,P00470,2026-02-01,347.86,347.86,Paid
PM0008658,P00445,2026-01-01,778.87,778.87,Paid
PM0007995,P00415,2024-09-01,435.73,435.73,Paid
PM0006100,P00316,2026-07-01,790.35,790.35,Paid
PM0005861,P00308,2025-06-01,245.65,245.65,Paid
PM0005429,P00286,2025-06-01,66.09,66.09,Paid
PM0009565,P00491,2026-05-01,236.06,0.0,Missed
PM0000792,P00036,2026-03-01,543.71,543.71,Paid
PM0002805,P00139,2026-03-01,560.94,560.94,Paid
PM0008606,P00444,2024-07-01,160.87,160.87,Paid
PM0001837,P00085,2025-08-01,176.78,176.78,Paid
PM0009391,P00483,2026-05-01,149.54,58.75,Partial
PM0011755,P00608,2025-05-01,73.34,73.34,Paid
PM0003465,P00171,2024-07-01,608.31,608.31,Paid
PM0004075,P00210,2023-08-01,422.89,422.89,Paid
PM0003598,P00181,2026-03-01,134.24,134.24,Paid
PM0006098,P00316,2026-05-01,790.35,790.35,Paid
PM0013090,P00672,2024-07-01,77.27,77.27,Paid
PM0005885,P00309,2024-08-01,396.29,396.29,Paid
PM0010422,P00535,2024-02-01,145.59,145.59,Paid
PM0012449,P00639,2025-08-01,117.84,117.84,Paid
PM0010253,P00527,2024-05-01,559.89,559.89,Paid
PM0000164,P00010,2024-07-01,181.56,181.56,Paid
PM0012454,P00639,2026-01-01,117.84,117.84,Paid
PM0008559,P00442,2024-08-01,89.15,89.15,Paid
PM0008054,P00416,2026-05-01,127.49,127.49,Paid
PM0004834,P00254,2025-10-01,311.13,311.13,Paid
PM0008092,P00418,2024-08-01,476.51,476.51,Paid
PM0001964,P00096,2024-05-01,408.72,408.72,Paid
PM0007808,P00404,2024-08-01,661.28,661.28,Paid
PM0009923,P00511,2024-02-01,105.47,0.0,Missed
PM0002415,P00123,2026-03-01,697.83,697.83,Paid
PM0009042,P00468,2024-08-01,439.51,439.51,Paid
PM0001267,P00058,2025-06-01,375.89,375.89,Paid
PM0010189,P00524,2024-12-01,189.03,0.0,Missed
PM0010467,P00536,2026-02-01,0.0,0.0,Paid
PM0011031,P00570,2024-06-01,159.96,159.96,Paid
PM0001656,P00077,2025-07-01,179.71,179.71,Paid
PM0004638,P00242,2026-07-01,91.92,91.92,Paid
PM0009450,P00486,2025-08-01,482.7,482.7,Paid
PM0006089,P00316,2025-08-01,790.35,790.35,Paid
PM0008103,P00418,2025-07-01,476.51,476.51,Paid
PM0001568,P00073,2024-09-01,35.19,35.19,Paid
PM0006641,P00340,2024-07-01,163.98,163.98,Paid
PM0012882,P00661,2025-06-01,413.69,413.69,Paid
PM0011131,P00576,2025-05-01,0.0,0.0,Paid
PM0002293,P00114,2025-12-01,558.75,558.75,Paid
PM0014199,P00730,2025-07-01,362.64,362.64,Paid
PM0009489,P00487,2025-06-01,378.75,378.75,Paid
PM0001849,P00086,2024-09-01,178.36,178.36,Paid
PM0002711,P00136,2025-07-01,349.29,349.29,Paid
PM0001450,P00067,2025-11-01,198.85,198.85,Paid
PM0014261,P00734,2025-09-01,137.75,137.75,Paid
PM0001477,P00068,2025-05-01,397.96,0.0,Missed
PM0007738,P00400,2024-03-01,50.63,50.63,Paid
PM0010075,P00518,2026-02-01,67.39,67.39,Paid
PM0008314,P00430,2024-12-01,323.55,323.55,Paid
PM0009491,P00487,2025-08-01,378.75,378.75,Paid
PM0010723,P00548,2026-06-01,679.35,679.35,Paid
PM0011899,P00616,2026-02-01,648.72,648.72,Paid
PM0010144,P00521,2026-01-01,21.45,21.45,Paid
PM0008066,P00417,2025-11-01,219.24,219.24,Paid
PM0004791,P00251,2026-06-01,601.29,601.29,Paid
PM0013834,P00709,2025-01-01,262.63,262.63,Paid
PM0001896,P00092,2025-05-01,216.63,216.63,Paid
PM0002061,P00101,2023-02-01,1100.15,1100.15,Paid
PM0003378,P00167,2025-03-01,379.76,379.76,Paid
PM0013593,P00697,2025-09-01,206.98,206.98,Paid
PM0002232,P00111,2025-07-01,92.77,92.77,Paid
PM0009274,P00477,2026-06-01,708.84,708.84,Paid
PM0006031,P00315,2024-03-01,113.63,113.63,Paid
PM0008600,P00444,2024-01-01,160.87,160.87,Paid
PM0012940,P00664,2025-10-01,74.73,74.73,Paid
PM0012943,P00664,2026-01-01,74.73,29.38,Partial
PM0003254,P00162,2026-02-01,283.27,90.0,Partial
PM0009790,P00503,2026-04-01,165.85,165.85,Paid
PM0008727,P00449,2024-05-01,33.62,33.62,Paid
PM0006602,P00337,2025-03-01,119.24,119.24,Paid
PM0011979,P00619,2025-09-01,377.2,377.2,Paid
PM0012347,P00635,2025-10-01,102.05,102.05,Paid
PM0011623,P00599,2024-12-01,249.05,249.05,Paid
PM0008422,P00436,2025-02-01,410.56,410.56,Paid
PM0003577,P00178,2024-03-01,584.32,584.32,Paid
PM0009837,P00506,2026-02-01,62.5,62.5,Paid
PM0002131,P00103,2026-07-01,836.1,836.1,Paid
PM0009914,P00510,2025-08-01,375.08,375.08,Paid
PM0003034,P00151,2026-04-01,399.27,399.27,Paid
PM0001348,P00065,2023-11-01,174.21,174.21,Paid
PM0011046,P00570,2025-09-01,159.96,159.96,Paid
PM0001956,P00096,2023-09-01,408.72,408.72,Paid
PM0010005,P00515,2023-05-01,87.15,87.15,Paid
PM0003976,P00202,2026-03-01,179.65,179.65,Paid
PM0012895,P00661,2026-07-01,413.69,413.69,Paid
PM0000685,P00031,2026-03-01,211.73,211.73,Paid
PM0005962,P00312,2024-01-01,199.07,199.07,Paid
PM0002254,P00113,2023-06-01,16.19,16.19,Paid
PM0013971,P00716,2026-02-01,205.59,205.59,Paid
PM0004360,P00226,2024-12-01,719.63,719.63,Paid
PM0003024,P00150,2026-03-01,66.26,66.26,Paid
PM0006101,P00317,2024-07-01,140.28,140.28,Paid
PM0013250,P00680,2026-07-01,758.87,758.87,Paid
PM0010692,P00547,2025-05-01,417.6,417.6,Paid
PM0001617,P00076,2025-11-01,588.77,588.77,Paid
PM0005419,P00285,2025-06-01,357.44,357.44,Paid
PM0010009,P00515,2023-09-01,87.15,87.15,Paid
PM0009245,P00477,2024-01-01,708.84,708.84,Paid
PM0002982,P00149,2024-02-01,166.92,166.92,Paid
PM0006461,P00329,2026-07-01,424.18,424.18,Paid
PM0011276,P00585,2025-01-01,64.64,64.64,Paid
PM0001293,P00059,2025-01-01,134.5,134.5,Paid
PM0011619,P00598,2026-05-01,191.48,191.48,Paid
PM0007666,P00396,2026-06-01,555.67,555.67,Paid
PM0009383,P00483,2025-09-01,149.54,52.15,Partial
PM0013674,P00700,2025-09-01,330.96,330.96,Paid
PM0008225,P00427,2024-10-01,290.48,290.48,Paid
PM0004202,P00218,2026-06-01,617.01,617.01,Paid
PM0011011,P00568,2026-02-01,163.17,163.17,Paid
PM0006045,P00315,2025-05-01,113.63,45.11,Partial
PM0006856,P00350,2024-12-01,338.69,338.69,Paid
PM0005136,P00271,2025-03-01,286.75,286.75,Paid
PM0005084,P00267,2025-09-01,86.79,86.79,Paid
PM0012274,P00633,2025-03-01,167.48,167.48,Paid
PM0005598,P00298,2026-03-01,169.76,169.76,Paid
PM0012890,P00661,2026-02-01,413.69,413.69,Paid
PM0009073,P00469,2023-12-01,458.43,458.43,Paid
PM0004276,P00222,2025-11-01,42.17,42.17,Paid
PM0005876,P00309,2023-11-01,396.29,396.29,Paid
PM0009881,P00509,2024-07-01,191.4,0.0,Missed
PM0009462,P00487,2023-03-01,378.75,378.75,Paid
PM0010624,P00543,2025-12-01,150.12,150.12,Paid
PM0009345,P00482,2025-10-01,168.92,168.92,Paid
PM0000597,P00027,2024-10-01,65.33,65.33,Paid
PM0001773,P00081,2026-04-01,316.18,316.18,Paid
PM0003460,P00171,2024-02-01,608.31,608.31,Paid
PM0006109,P00317,2025-03-01,140.28,140.28,Paid
PM0009764,P00503,2024-02-01,165.85,165.85,Paid
PM0007191,P00370,2026-07-01,138.19,138.19,Paid
PM0004964,P00261,2026-02-01,183.02,183.02,Paid
PM0013056,P00671,2024-02-01,377.8,377.8,Paid
PM0007304,P00378,2024-05-01,521.31,521.31,Paid
PM0002512,P00128,2025-09-01,223.26,223.26,Paid
PM0002052,P00100,2025-12-01,386.41,386.41,Paid
PM0011867,P00614,2026-02-01,82.1,82.1,Paid
PM0002371,P00118,2024-08-01,372.74,372.74,Paid
PM0007219,P00373,2025-10-01,362.95,362.95,Paid
PM0008774,P00451,2024-03-01,195.14,195.14,Paid
PM0007458,P00385,2025-08-01,183.7,183.7,Paid
PM0008605,P00444,2024-06-01,160.87,160.87,Paid
PM0006822,P00347,2026-02-01,629.61,629.61,Paid
PM0005555,P00295,2026-07-01,314.75,314.75,Paid
PM0000876,P00040,2025-07-01,362.78,362.78,Paid
PM0004318,P00224,2026-05-01,642.21,642.21,Paid
PM0008654,P00445,2025-09-01,778.87,778.87,Paid
PM0012375,P00636,2025-05-01,152.85,152.85,Paid
PM0014307,P00736,2025-07-01,122.83,0.0,Missed
PM0009833,P00506,2025-10-01,62.5,62.5,Paid
PM0008277,P00429,2024-04-01,306.99,306.99,Paid
PM0012950,P00665,2025-09-01,506.83,506.83,Paid
PM0013630,P00698,2026-05-01,286.36,286.36,Paid
PM0000939,P00043,2026-05-01,536.29,536.29,Paid
PM0007323,P00378,2025-12-01,521.31,521.31,Paid
PM0004302,P00224,2025-01-01,642.21,642.21,Paid
PM0011499,P00595,2023-12-01,625.3,625.3,Paid
PM0010730,P00549,2023-09-01,54.97,54.97,Paid
PM0004015,P00206,2026-06-01,239.6,239.6,Paid
PM0010601,P00542,2026-04-01,177.89,0.0,Missed
PM0001095,P00050,2024-09-01,405.72,405.72,Paid
PM0003584,P00180,2026-06-01,348.36,348.36,Paid
PM0007907,P00410,2025-07-01,156.23,156.23,Paid
PM0012822,P00657,2026-05-01,126.71,126.71,Paid
PM0008534,P00441,2026-01-01,457.6,457.6,Paid
PM0002758,P00138,2025-06-01,75.47,75.47,Paid
PM0002080,P00102,2025-05-01,406.58,0.0,Missed
PM0004965,P00261,2026-03-01,183.02,183.02,Paid
PM0007737,P00400,2024-02-01,50.63,50.63,Paid
PM0003020,P00150,2025-11-01,66.26,66.26,Paid
PM0013481,P00693,2023-07-01,313.0,313.0,Paid
PM0013284,P00682,2026-02-01,511.43,511.43,Paid
PM0000510,P00025,2024-01-01,170.93,170.93,Paid
PM0002249,P00112,2026-03-01,402.19,402.19,Paid
PM0012302,P00634,2024-03-01,347.04,347.04,Paid
PM0010484,P00537,2024-06-01,570.54,375.08,Partial
PM0007165,P00370,2024-05-01,138.19,0.0,Missed
PM0006734,P00343,2025-08-01,97.41,97.41,Paid
PM0007776,P00402,2025-07-01,234.54,234.54,Paid
PM0004661,P00244,2025-11-01,138.03,138.03,Paid
PM0005869,P00308,2026-02-01,245.65,245.65,Paid
PM0001516,P00069,2025-06-01,143.01,143.01,Paid
PM0014598,P00750,2026-01-01,685.98,685.98,Paid
PM0008110,P00419,2026-06-01,223.24,223.24,Paid
PM0007419,P00383,2025-10-01,269.0,269.0,Paid
PM0005009,P00263,2025-05-01,678.47,678.47,Paid
PM0000522,P00025,2025-01-01,170.93,170.93,Paid
PM0007122,P00367,2025-07-01,613.85,613.85,Paid
PM0010716,P00548,2025-11-01,679.35,679.35,Paid
PM0006765,P00345,2024-03-01,661.78,661.78,Paid
PM0009194,P00473,2025-12-01,102.27,102.27,Paid
PM0010045,P00516,2026-07-01,39.01,39.01,Paid
PM0008700,P00446,2026-01-01,130.98,130.98,Paid
PM0012189,P00630,2025-02-01,287.44,287.44,Paid
PM0004437,P00230,2025-09-01,353.59,353.59,Paid
PM0005239,P00275,2024-04-01,181.0,109.13,Partial
PM0014144,P00727,2026-05-01,87.81,87.81,Paid
PM0002069,P00102,2024-06-01,406.58,0.0,Missed
PM0013443,P00688,2026-04-01,532.63,532.63,Paid
PM0011035,P00570,2024-10-01,159.96,159.96,Paid
PM0010648,P00544,2025-05-01,524.96,524.96,Paid
PM0004157,P00212,2026-07-01,333.07,333.07,Paid
PM0011728,P00605,2025-11-01,125.98,125.98,Paid
PM0002576,P00131,2024-07-01,359.57,359.57,Paid
PM0002162,P00107,2023-03-01,275.31,275.31,Paid
PM0009375,P00483,2025-01-01,149.54,149.54,Paid
PM0009239,P00477,2023-07-01,708.84,708.84,Paid
PM0011885,P00616,2024-12-01,648.72,648.72,Paid
PM0006457,P00329,2026-03-01,424.18,424.18,Paid
PM0001427,P00067,2023-12-01,198.85,198.85,Paid
PM0007178,P00370,2025-06-01,138.19,138.19,Paid
PM0010256,P00527,2024-08-01,559.89,559.89,Paid
PM0013980,P00717,2026-03-01,472.17,472.17,Paid
PM0000557,P00026,2024-11-01,945.63,945.63,Paid
PM0010791,P00551,2025-04-01,211.89,0.0,Missed
PM0002680,P00134,2025-06-01,195.27,195.27,Paid
PM0002793,P00139,2025-03-01,560.94,560.94,Paid
PM0010435,P00535,2025-03-01,145.59,145.59,Paid
PM0003902,P00197,2026-04-01,810.95,810.95,Paid
PM0013918,P00713,2024-12-01,694.25,694.25,Paid
PM0008962,P00461,2026-07-01,30.33,17.55,Partial
PM0006653,P00340,2025-07-01,163.98,163.98,Paid
PM0000076,P00006,2026-07-01,428.52,428.52,Paid
PM0012258,P00632,2025-04-01,213.13,213.13,Paid
PM0009824,P00506,2025-01-01,62.5,62.5,Paid
PM0005196,P00273,2026-06-01,147.79,147.79,Paid
PM0001029,P00046,2026-01-01,408.98,408.98,Paid
PM0012698,P00652,2024-11-01,687.04,687.04,Paid
PM0011383,P00590,2026-03-01,368.18,368.18,Paid
PM0008777,P00451,2024-06-01,195.14,195.14,Paid
PM0008936,P00459,2024-09-01,413.49,413.49,Paid
PM0003141,P00156,2026-05-01,231.94,231.94,Paid
PM0005150,P00271,2026-05-01,286.75,286.75,Paid
PM0005790,P00305,2025-03-01,258.23,258.23,Paid
PM0003114,P00156,2024-02-01,231.94,231.94,Paid
PM0000216,P00013,2026-03-01,149.19,0.0,Missed
PM0001854,P00086,2025-02-01,178.36,178.36,Paid
PM0005321,P00281,2026-03-01,44.33,44.33,Paid
PM0013096,P00672,2025-01-01,77.27,77.27,Paid
PM0004053,P00208,2025-10-01,180.53,0.0,Missed
PM0002648,P00133,2024-04-01,144.56,144.56,Paid
PM0001592,P00074,2025-09-01,128.94,128.94,Paid
PM0009440,P00485,2026-04-01,288.29,288.29,Paid
PM0006874,P00350,2026-06-01,338.69,338.69,Paid
PM0002174,P00107,2024-03-01,275.31,275.31,Paid
PM0007703,P00398,2026-07-01,185.56,185.56,Paid
PM0007299,P00378,2023-12-01,521.31,521.31,Paid
PM0012144,P00628,2025-10-01,327.26,327.26,Paid
PM0009326,P00480,2026-04-01,671.59,0.0,Missed
PM0010371,P00532,2025-08-01,412.5,412.5,Paid
PM0003979,P00202,2026-06-01,179.65,179.65,Paid
PM0012999,P00668,2023-06-01,75.59,0.0,Missed
PM0005759,P00304,2026-01-01,134.64,134.64,Paid
PM0006247,P00322,2024-09-01,105.73,105.73,Paid
PM0008003,P00415,2025-05-01,435.73,435.73,Paid
PM0002437,P00124,2025-07-01,714.19,714.19,Paid
PM0004068,P00209,2025-07-01,147.59,147.59,Paid
PM0006383,P00327,2024-07-01,428.66,428.66,Paid
PM0002363,P00118,2023-12-01,372.74,372.74,Paid
PM0013333,P00684,2024-09-01,128.15,128.15,Paid
PM0003213,P00161,2025-07-01,357.99,357.99,Paid
PM0012808,P00657,2025-03-01,126.71,126.71,Paid
PM0010985,P00566,2025-08-01,572.96,572.96,Paid
PM0006577,P00336,2024-07-01,198.24,198.24,Paid
PM0008946,P00459,2025-07-01,413.49,413.49,Paid
PM0001052,P00048,2024-10-01,243.93,243.93,Paid
PM0011892,P00616,2025-07-01,648.72,648.72,Paid
PM0004512,P00234,2024-09-01,101.87,101.87,Paid
PM0005988,P00312,2026-03-01,199.07,199.07,Paid
PM0000307,P00016,2023-11-01,180.43,180.43,Paid
PM0006057,P00315,2026-05-01,113.63,0.0,Missed
PM0004545,P00236,2025-05-01,768.82,768.82,Paid
PM0011485,P00594,2025-06-01,182.88,182.88,Paid
PM0010470,P00536,2026-05-01,0.0,0.0,Paid
PM0001141,P00052,2026-05-01,219.66,219.66,Paid
PM0000608,P00027,2025-09-01,65.33,65.33,Paid
PM0001982,P00096,2025-11-01,408.72,408.72,Paid
PM0006884,P00351,2023-12-01,467.05,467.05,Paid
PM0005918,P00311,2023-09-01,179.72,179.72,Paid
PM0012792,P00657,2023-11-01,126.71,126.71,Paid
PM0007370,P00380,2025-09-01,367.3,280.77,Partial
PM0005346,P00282,2026-03-01,396.55,396.55,Paid
PM0002510,P00127,2026-07-01,117.63,117.63,Paid
PM0007226,P00373,2026-05-01,362.95,362.95,Paid
PM0003763,P00189,2026-03-01,204.74,204.74,Paid
PM0004115,P00211,2023-06-01,481.39,481.39,Paid
PM0004776,P00250,2025-10-01,70.42,70.42,Paid
PM0013093,P00672,2024-10-01,77.27,77.27,Paid
PM0013531,P00695,2024-03-01,547.06,0.0,Missed
PM0005617,P00299,2025-11-01,121.63,121.63,Paid
PM0010641,P00544,2024-10-01,524.96,524.96,Paid
PM0003540,P00173,2026-03-01,247.69,247.69,Paid
PM0005046,P00265,2025-04-01,372.15,0.0,Missed
PM0010509,P00537,2026-07-01,570.54,570.54,Paid
PM0012824,P00657,2026-07-01,126.71,126.71,Paid
PM0003282,P00163,2025-04-01,505.44,505.44,Paid
PM0013501,P00693,2025-03-01,313.0,313.0,Paid
PM0008530,P00441,2025-09-01,457.6,457.6,Paid
PM0008816,P00452,2024-12-01,196.49,196.49,Paid
PM0000255,P00014,2026-01-01,207.74,0.0,Missed
PM0009316,P00479,2026-06-01,106.47,106.47,Paid
PM0012233,P00632,2023-03-01,213.13,213.13,Paid
PM0004032,P00207,2025-03-01,95.37,95.37,Paid
PM0003886,P00197,2024-12-01,810.95,810.95,Paid
PM0001653,P00077,2025-04-01,179.71,179.71,Paid
PM0003045,P00152,2024-03-01,108.42,108.42,Paid
PM0009081,P00469,2024-08-01,458.43,458.43,Paid
PM0010291,P00528,2026-07-01,91.62,91.62,Paid
PM0010278,P00527,2026-06-01,559.89,559.89,Paid
PM0010062,P00518,2025-01-01,67.39,67.39,Paid
PM0008332,P00430,2026-06-01,323.55,323.55,Paid
PM0009005,P00466,2024-07-01,167.02,167.02,Paid
PM0013258,P00681,2025-09-01,187.31,187.31,Paid
PM0004256,P00221,2026-03-01,354.54,354.54,Paid
PM0006559,P00335,2025-05-01,77.12,77.12,Paid
PM0012776,P00656,2026-02-01,63.8,63.8,Paid
PM0004267,P00222,2025-02-01,42.17,42.17,Paid
PM0005597,P00298,2026-02-01,169.76,169.76,Paid
PM0011580,P00598,2023-02-01,191.48,191.48,Paid
PM0003483,P00171,2026-01-01,608.31,608.31,Paid
PM0003123,P00156,2024-11-01,231.94,231.94,Paid
PM0009032,P00467,2026-04-01,174.62,174.62,Paid
PM0011545,P00596,2025-01-01,174.96,0.0,Missed
PM0000986,P00045,2025-09-01,217.69,217.69,Paid
PM0004840,P00255,2023-11-01,444.0,444.0,Paid
PM0000473,P00022,2026-03-01,619.12,619.12,Paid
PM0009736,P00502,2023-10-01,394.36,394.36,Paid
PM0011210,P00581,2025-06-01,101.16,0.0,Missed
PM0004808,P00252,2026-02-01,228.86,228.86,Paid
PM0008623,P00444,2025-12-01,160.87,160.87,Paid
PM0004871,P00255,2026-06-01,444.0,444.0,Paid
PM0009762,P00503,2023-12-01,165.85,165.85,Paid
PM0000124,P00008,2025-12-01,317.11,317.11,Paid
PM0004583,P00239,2024-11-01,151.43,151.43,Paid
PM0010754,P00549,2025-09-01,54.97,54.97,Paid
PM0002812,P00140,2024-09-01,584.86,584.86,Paid
PM0005987,P00312,2026-02-01,199.07,199.07,Paid
PM0010133,P00521,2025-02-01,21.45,21.45,Paid
PM0000801,P00037,2023-12-01,530.5,530.5,Paid
PM0012730,P00653,2026-02-01,211.59,211.59,Paid
PM0004354,P00226,2024-06-01,719.63,719.63,Paid
PM0005714,P00303,2025-05-01,242.73,242.73,Paid
PM0010447,P00535,2026-03-01,145.59,145.59,Paid
PM0003296,P00163,2026-06-01,505.44,505.44,Paid
PM0000948,P00044,2024-10-01,205.22,205.22,Paid
PM0008453,P00437,2026-05-01,250.12,250.12,Paid
PM0006173,P00319,2026-06-01,375.44,375.44,Paid
PM0003632,P00182,2026-05-01,226.88,226.88,Paid
PM0005465,P00288,2025-09-01,209.3,209.3,Paid
PM0002439,P00124,2025-09-01,714.19,0.0,Missed
PM0000358,P00018,2024-06-01,131.65,131.65,Paid
PM0005284,P00278,2023-11-01,317.71,317.71,Paid
PM0011445,P00593,2023-10-01,142.88,142.88,Paid
PM0013330,P00684,2024-06-01,128.15,128.15,Paid
PM0002742,P00137,2026-02-01,166.98,166.98,Paid
PM0000326,P00016,2025-06-01,180.43,180.43,Paid
PM0009149,P00472,2025-01-01,256.58,256.58,Paid
PM0007217,P00373,2025-08-01,362.95,362.95,Paid
PM0009996,P00514,2025-11-01,208.68,208.68,Paid
PM0008869,P00454,2025-03-01,258.55,258.55,Paid
PM0001902,P00092,2025-11-01,216.63,216.63,Paid
PM0007046,P00362,2024-06-01,341.2,341.2,Paid
PM0004433,P00229,2026-05-01,486.41,486.41,Paid
PM0009546,P00490,2025-08-01,45.05,45.05,Paid
PM0009155,P00472,2025-07-01,256.58,256.58,Paid
PM0010588,P00542,2025-03-01,177.89,177.89,Paid
PM0002739,P00137,2025-11-01,166.98,166.98,Paid
PM0013469,P00692,2026-01-01,440.66,440.66,Paid
PM0014152,P00728,2024-01-01,147.25,147.25,Paid
PM0007565,P00390,2026-01-01,351.42,351.42,Paid
PM0001527,P00069,2026-05-01,143.01,143.01,Paid
PM0004858,P00255,2025-05-01,444.0,444.0,Paid
PM0003914,P00198,2026-05-01,269.68,269.68,Paid
PM0006882,P00351,2023-10-01,467.05,467.05,Paid
PM0009869,P00508,2025-10-01,633.22,633.22,Paid
PM0008561,P00442,2024-10-01,89.15,89.15,Paid
PM0013538,P00695,2024-10-01,547.06,0.0,Missed
PM0008377,P00434,2025-11-01,639.88,639.88,Paid
PM0000735,P00034,2024-07-01,68.03,68.03,Paid
PM0006999,P00359,2024-10-01,394.21,394.21,Paid
PM0001257,P00058,2024-08-01,375.89,375.89,Paid
PM0003724,P00185,2026-05-01,385.7,385.7,Paid
PM0001918,P00093,2025-11-01,288.37,288.37,Paid
PM0006749,P00344,2025-09-01,925.69,925.69,Paid
PM0012886,P00661,2025-10-01,413.69,413.69,Paid
PM0013936,P00713,2026-06-01,694.25,0.0,Missed
PM0002013,P00098,2025-08-01,246.27,246.27,Paid
PM0007726,P00399,2026-07-01,87.55,87.55,Paid
PM0005248,P00275,2025-01-01,181.0,181.0,Paid
PM0006937,P00353,2025-07-01,81.36,81.36,Paid
PM0014511,P00747,2024-09-01,149.96,149.96,Paid
PM0001336,P00064,2025-11-01,0.0,0.0,Paid
PM0012491,P00641,2025-11-01,309.29,309.29,Paid
PM0004750,P00250,2023-08-01,70.42,70.42,Paid
PM0013664,P00700,2024-11-01,330.96,330.96,Paid
PM0000187,P00010,2026-06-01,181.56,181.56,Paid
PM0001425,P00067,2023-10-01,198.85,198.85,Paid
PM0008937,P00459,2024-10-01,413.49,413.49,Paid
PM0005913,P00311,2023-04-01,179.72,179.72,Paid
PM0004831,P00254,2025-07-01,311.13,311.13,Paid
PM0006627,P00338,2024-12-01,127.34,127.34,Paid
PM0008171,P00423,2025-07-01,121.63,121.63,Paid
PM0011656,P00601,2025-10-01,54.01,54.01,Paid
PM0009536,P00489,2026-03-01,516.02,516.02,Paid
PM0013127,P00674,2023-10-01,176.2,176.2,Paid
PM0006668,P00341,2023-07-01,207.83,207.83,Paid
PM0005663,P00301,2024-12-01,157.4,157.4,Paid
PM0000082,P00007,2024-11-01,495.09,495.09,Paid
PM0000958,P00044,2025-08-01,205.22,159.08,Partial
PM0004894,P00257,2025-01-01,229.95,127.68,Partial
PM0012811,P00657,2025-06-01,126.71,126.71,Paid
PM0013678,P00700,2026-01-01,330.96,330.96,Paid
PM0000276,P00015,2024-06-01,224.35,224.35,Paid
PM0005752,P00304,2025-06-01,134.64,134.64,Paid
PM0002625,P00132,2025-02-01,323.1,323.1,Paid
PM0002366,P00118,2024-03-01,372.74,0.0,Missed
PM0012474,P00640,2026-01-01,172.35,172.35,Paid
PM0010741,P00549,2024-08-01,54.97,54.97,Paid
PM0009407,P00484,2026-06-01,109.09,109.09,Paid
PM0001333,P00064,2025-08-01,0.0,0.0,Paid
PM0013640,P00699,2026-05-01,653.3,653.3,Paid
PM0004372,P00226,2025-12-01,719.63,719.63,Paid
PM0011187,P00580,2025-07-01,140.73,140.73,Paid
PM0013894,P00711,2026-07-01,203.34,203.34,Paid
PM0013564,P00696,2024-08-01,104.7,104.7,Paid
PM0007083,P00364,2025-04-01,492.7,492.7,Paid
PM0009900,P00509,2026-02-01,191.4,191.4,Paid
PM0000673,P00031,2025-03-01,211.73,211.73,Paid
PM0013802,P00707,2026-06-01,442.88,442.88,Paid
PM0002064,P00101,2023-05-01,1100.15,879.83,Partial
PM0005127,P00271,2024-06-01,286.75,286.75,Paid
PM0011685,P00603,2026-06-01,274.0,274.0,Paid
PM0011367,P00590,2024-11-01,368.18,368.18,Paid
PM0011412,P00591,2026-05-01,157.95,0.0,Missed
PM0011490,P00594,2025-11-01,182.88,182.88,Paid
PM0003236,P00162,2024-08-01,283.27,116.47,Partial
PM0005175,P00272,2026-03-01,176.81,176.81,Paid
PM0009653,P00495,2026-01-01,179.38,179.38,Paid
PM0001366,P00065,2025-05-01,174.21,174.21,Paid
PM0010536,P00539,2025-05-01,220.03,220.03,Paid
PM0011420,P00592,2024-08-01,136.15,0.0,Missed
PM0006775,P00345,2025-01-01,661.78,661.78,Paid
PM0003863,P00195,2025-11-01,305.69,305.69,Paid
PM0003734,P00186,2024-09-01,100.78,100.78,Paid
PM0014567,P00750,2023-06-01,685.98,685.98,Paid
PM0005457,P00287,2026-01-01,183.69,183.69,Paid
PM0010060,P00518,2024-11-01,67.39,67.39,Paid
PM0000892,P00041,2025-05-01,444.37,444.37,Paid
PM0006317,P00325,2025-06-01,59.23,59.23,Paid
PM0009379,P00483,2025-05-01,149.54,149.54,Paid
PM0002257,P00113,2023-09-01,16.19,0.0,Missed
PM0012521,P00643,2025-09-01,269.85,269.85,Paid
PM0009348,P00482,2026-01-01,168.92,168.92,Paid
PM0013139,P00674,2024-10-01,176.2,176.2,Paid
PM0000811,P00037,2024-10-01,530.5,530.5,Paid
PM0012043,P00623,2025-11-01,255.21,255.21,Paid
PM0014093,P00724,2025-12-01,392.33,392.33,Paid
PM0002260,P00113,2023-12-01,16.19,16.19,Paid
PM0001876,P00089,2026-02-01,211.65,211.65,Paid
PM0005035,P00265,2024-05-01,372.15,372.15,Paid
PM0012728,P00653,2025-12-01,211.59,211.59,Paid
PM0010885,P00557,2025-05-01,321.82,321.82,Paid
PM0009654,P00495,2026-02-01,179.38,179.38,Paid
PM0009218,P00475,2026-05-01,494.52,494.52,Paid
PM0001566,P00073,2024-07-01,35.19,35.19,Paid
PM0010663,P00545,2024-08-01,191.08,191.08,Paid
PM0011797,P00611,2025-10-01,552.64,552.64,Paid
PM0013018,P00668,2025-01-01,75.59,75.59,Paid
PM0004673,P00245,2025-12-01,696.24,696.24,Paid
PM0012276,P00633,2025-05-01,167.48,167.48,Paid
PM0011105,P00572,2026-06-01,619.24,619.24,Paid
PM0007847,P00405,2025-11-01,260.54,260.54,Paid
PM0007544,P00390,2024-04-01,351.42,158.62,Partial
PM0012771,P00655,2026-05-01,156.78,156.78,Paid
PM0003479,P00171,2025-09-01,608.31,608.31,Paid
PM0011171,P00578,2025-08-01,315.5,315.5,Paid
PM0008114,P00420,2026-05-01,412.33,412.33,Paid
PM0013512,P00693,2026-02-01,313.0,313.0,Paid
PM0014179,P00729,2025-11-01,122.57,122.57,Paid
PM0011360,P00589,2026-03-01,180.3,180.3,Paid
PM0014359,P00738,2026-03-01,544.15,261.04,Partial
PM0008728,P00449,2024-06-01,33.62,33.62,Paid
PM0003748,P00186,2025-11-01,100.78,0.0,Missed
PM0013912,P00713,2024-06-01,694.25,694.25,Paid
PM0007351,P00379,2025-10-01,273.9,273.9,Paid
PM0007085,P00364,2025-06-01,492.7,492.7,Paid
PM0006597,P00337,2024-10-01,119.24,53.88,Partial
PM0014096,P00724,2026-03-01,392.33,392.33,Paid
PM0002670,P00133,2026-02-01,144.56,144.56,Paid
PM0012926,P00664,2024-08-01,74.73,74.73,Paid
PM0001787,P00082,2025-08-01,174.81,174.81,Paid
PM0003111,P00156,2023-11-01,231.94,231.94,Paid
PM0002571,P00131,2024-02-01,359.57,359.57,Paid
PM0000616,P00027,2026-05-01,65.33,65.33,Paid
PM0007413,P00382,2026-02-01,694.23,694.23,Paid
PM0014378,P00739,2024-03-01,147.41,147.41,Paid
PM0001899,P00092,2025-08-01,216.63,216.63,Paid
PM0003058,P00152,2025-04-01,108.42,108.42,Paid
PM0010368,P00532,2025-05-01,412.5,412.5,Paid
PM0000081,P00007,2024-10-01,495.09,495.09,Paid
PM0009667,P00497,2026-04-01,294.83,294.83,Paid
PM0012084,P00625,2024-10-01,177.27,177.27,Paid
PM0010220,P00525,2025-01-01,29.64,29.64,Paid
PM0004536,P00235,2026-03-01,410.39,410.39,Paid
PM0001612,P00075,2026-04-01,496.67,496.67,Paid
PM0009747,P00502,2024-09-01,394.36,394.36,Paid
PM0006279,P00323,2026-07-01,267.34,267.34,Paid
PM0004287,P00223,2025-11-01,296.76,209.23,Partial
PM0005830,P00306,2024-12-01,227.92,227.92,Paid
PM0012976,P00667,2025-02-01,232.57,0.0,Missed
PM0006908,P00351,2025-12-01,467.05,467.05,Paid
PM0001122,P00051,2025-11-01,272.05,0.0,Missed
PM0010984,P00566,2025-07-01,572.96,572.96,Paid
PM0004398,P00229,2023-06-01,486.41,486.41,Paid
PM0003076,P00153,2026-06-01,821.41,821.41,Paid
PM0006696,P00341,2025-11-01,207.83,207.83,Paid
PM0002798,P00139,2025-08-01,560.94,560.94,Paid
PM0010266,P00527,2025-06-01,559.89,559.89,Paid
PM0007066,P00363,2026-06-01,30.3,30.3,Paid
PM0001834,P00085,2025-05-01,176.78,176.78,Paid
PM0010514,P00538,2025-01-01,199.22,199.22,Paid
PM0000683,P00031,2026-01-01,211.73,211.73,Paid
PM0000047,P00004,2025-09-01,648.32,648.32,Paid
PM0014066,P00723,2025-02-01,242.27,242.27,Paid
PM0009639,P00495,2024-11-01,179.38,0.0,Missed
PM0010074,P00518,2026-01-01,67.39,67.39,Paid
PM0001435,P00067,2024-08-01,198.85,198.85,Paid
PM0005734,P00304,2023-12-01,134.64,134.64,Paid
PM0001829,P00085,2024-12-01,176.78,176.78,Paid
PM0005637,P00300,2026-01-01,297.62,297.62,Paid
PM0005587,P00298,2025-04-01,169.76,169.76,Paid
PM0013372,P00686,2024-04-01,187.22,187.22,Paid
PM0012460,P00640,2024-11-01,172.35,172.35,Paid
PM0012238,P00632,2023-08-01,213.13,213.13,Paid
PM0012241,P00632,2023-11-01,213.13,213.13,Paid
PM0006032,P00315,2024-04-01,113.63,36.85,Partial
PM0012927,P00664,2024-09-01,74.73,74.73,Paid
PM0007713,P00399,2025-06-01,87.55,87.55,Paid
PM0011544,P00596,2024-12-01,174.96,174.96,Paid
PM0002893,P00144,2023-10-01,499.74,499.74,Paid
PM0012198,P00630,2025-11-01,287.44,287.44,Paid
PM0011190,P00580,2025-10-01,140.73,140.73,Paid
PM0000317,P00016,2024-09-01,180.43,180.43,Paid
PM0012855,P00660,2025-05-01,245.23,245.23,Paid
PM0007328,P00378,2026-05-01,521.31,343.27,Partial
PM0009091,P00469,2025-06-01,458.43,458.43,Paid
PM0013212,P00677,2025-06-01,138.01,138.01,Paid
PM0002856,P00143,2024-03-01,472.19,472.19,Paid
PM0006759,P00345,2023-09-01,661.78,661.78,Paid
PM0002889,P00144,2023-06-01,499.74,499.74,Paid
PM0002887,P00144,2023-04-01,499.74,499.74,Paid
PM0011980,P00619,2025-10-01,377.2,377.2,Paid
PM0013753,P00705,2025-11-01,165.8,165.8,Paid
PM0001480,P00068,2025-08-01,397.96,397.96,Paid
PM0013017,P00668,2024-12-01,75.59,75.59,Paid
PM0000491,P00024,2025-11-01,108.85,108.85,Paid
PM0000707,P00032,2025-07-01,457.22,457.22,Paid
PM0007175,P00370,2025-03-01,138.19,138.19,Paid
PM0011588,P00598,2023-10-01,191.48,191.48,Paid
PM0006770,P00345,2024-08-01,661.78,661.78,Paid
PM0014268,P00734,2026-04-01,137.75,137.75,Paid
PM0006635,P00339,2026-07-01,683.57,683.57,Paid
PM0001903,P00092,2025-12-01,216.63,216.63,Paid
PM0007532,P00389,2026-02-01,270.03,270.03,Paid
PM0011471,P00593,2025-12-01,142.88,142.88,Paid
PM0007012,P00359,2025-11-01,394.21,394.21,Paid
PM0001388,P00066,2024-01-01,343.28,343.28,Paid
PM0013003,P00668,2023-10-01,75.59,75.59,Paid
PM0012188,P00630,2025-01-01,287.44,287.44,Paid
PM0011836,P00614,2023-07-01,82.1,82.1,Paid
PM0002428,P00124,2024-10-01,714.19,714.19,Paid
PM0000250,P00014,2025-08-01,207.74,207.74,Paid
PM0004013,P00205,2026-07-01,590.84,590.84,Paid
PM0013480,P00693,2023-06-01,313.0,313.0,Paid
PM0001747,P00081,2024-02-01,316.18,316.18,Paid
PM0003174,P00158,2026-07-01,516.23,516.23,Paid
PM0009299,P00478,2026-01-01,129.82,129.82,Paid
PM0003098,P00155,2026-04-01,536.24,536.24,Paid
PM0008860,P00454,2024-06-01,258.55,258.55,Paid
PM0002306,P00116,2024-07-01,303.7,303.7,Paid
PM0003964,P00200,2026-06-01,352.42,352.42,Paid
PM0002511,P00128,2025-08-01,223.26,223.26,Paid
PM0006754,P00344,2026-02-01,925.69,925.69,Paid
PM0011119,P00575,2026-01-01,332.65,332.65,Paid
PM0001144,P00053,2025-04-01,742.45,742.45,Paid
PM0001891,P00091,2026-04-01,92.93,92.93,Paid
PM0011898,P00616,2026-01-01,648.72,648.72,Paid
PM0009430,P00485,2025-06-01,288.29,288.29,Paid
PM0007098,P00364,2026-07-01,492.7,492.7,Paid
PM0002682,P00134,2025-08-01,195.27,195.27,Paid
PM0002329,P00116,2026-06-01,303.7,0.0,Missed
PM0002148,P00105,2025-10-01,442.04,442.04,Paid
PM0000088,P00007,2025-05-01,495.09,495.09,Paid
PM0003198,P00160,2024-06-01,411.19,411.19,Paid
PM0007385,P00381,2024-12-01,137.11,137.11,Paid
PM0013190,P00676,2025-06-01,349.53,349.53,Paid
PM0013123,P00674,2023-06-01,176.2,0.0,Missed
PM0000789,P00036,2025-12-01,543.71,543.71,Paid
PM0009685,P00498,2026-02-01,514.18,514.18,Paid
PM0014051,P00721,2026-06-01,248.01,248.01,Paid
PM0014463,P00743,2026-04-01,540.59,540.59,Paid
PM0005108,P00270,2025-03-01,117.73,117.73,Paid
PM0004815,P00253,2025-11-01,160.77,160.77,Paid
PM0005575,P00297,2025-09-01,254.69,254.69,Paid
PM0012752,P00655,2024-10-01,156.78,156.78,Paid
PM0004641,P00243,2026-05-01,235.74,235.74,Paid
PM0008053,P00416,2026-04-01,127.49,127.49,Paid
PM0005389,P00284,2025-03-01,554.65,554.65,Paid
PM0004499,P00233,2026-04-01,70.1,70.1,Paid
PM0014318,P00736,2026-06-01,122.83,122.83,Paid
PM0007302,P00378,2024-03-01,521.31,521.31,Paid
PM0003722,P00185,2026-03-01,385.7,385.7,Paid
PM0007348,P00379,2025-07-01,273.9,273.9,Paid
PM0008494,P00438,2026-05-01,374.73,374.73,Paid
PM0006210,P00320,2026-07-01,149.0,149.0,Paid
PM0000398,P00019,2026-03-01,266.55,266.55,Paid
PM0014554,P00749,2024-11-01,243.11,243.11,Paid
PM0013853,P00710,2025-06-01,153.73,153.73,Paid
PM0009755,P00502,2025-05-01,394.36,394.36,Paid
PM0011709,P00604,2026-04-01,1040.1,1040.1,Paid
PM0000642,P00028,2025-04-01,101.58,101.58,Paid
PM0005051,P00266,2025-05-01,547.51,547.51,Paid
PM0002621,P00132,2024-10-01,323.1,323.1,Paid
PM0010135,P00521,2025-04-01,21.45,21.45,Paid
PM0010354,P00532,2024-03-01,412.5,270.81,Partial
PM0000804,P00037,2024-03-01,530.5,530.5,Paid
PM0009771,P00503,2024-09-01,165.85,0.0,Missed
PM0007646,P00396,2024-10-01,555.67,555.67,Paid
PM0011585,P00598,2023-07-01,191.48,191.48,Paid
PM0000062,P00005,2025-09-01,182.33,182.33,Paid
PM0002136,P00104,2025-10-01,248.78,248.78,Paid
PM0003425,P00169,2026-04-01,99.54,99.54,Paid
PM0007340,P00379,2024-11-01,273.9,273.9,Paid
PM0008834,P00452,2026-06-01,196.49,196.49,Paid
PM0003788,P00190,2025-09-01,488.35,488.35,Paid
PM0003727,P00186,2024-02-01,100.78,100.78,Paid
PM0009584,P00492,2024-08-01,836.82,836.82,Paid
PM0004862,P00255,2025-09-01,444.0,444.0,Paid
PM0006736,P00343,2025-10-01,97.41,97.41,Paid
PM0011838,P00614,2023-09-01,82.1,63.32,Partial
PM0004040,P00207,2025-11-01,95.37,66.6,Partial
PM0012115,P00627,2024-05-01,193.55,193.55,Paid
PM0009644,P00495,2025-04-01,179.38,179.38,Paid
PM0007208,P00372,2026-05-01,610.1,610.1,Paid
PM0003616,P00182,2025-01-01,226.88,226.88,Paid
PM0012497,P00641,2026-05-01,309.29,309.29,Paid
PM0006777,P00345,2025-03-01,661.78,661.78,Paid
PM0005234,P00275,2023-11-01,181.0,181.0,Paid
PM0008536,P00441,2026-03-01,457.6,457.6,Paid
PM0014080,P00723,2026-04-01,242.27,161.44,Partial
PM0007755,P00401,2025-03-01,309.09,309.09,Paid
PM0003567,P00176,2025-12-01,338.9,338.9,Paid
PM0002358,P00118,2023-07-01,372.74,372.74,Paid
PM0009885,P00509,2024-11-01,191.4,191.4,Paid
PM0010777,P00550,2025-07-01,158.06,158.06,Paid
PM0000113,P00008,2025-01-01,317.11,317.11,Paid
PM0008447,P00437,2025-11-01,250.12,250.12,Paid
PM0007742,P00400,2024-07-01,50.63,50.63,Paid
PM0000629,P00028,2024-03-01,101.58,101.58,Paid
PM0001749,P00081,2024-04-01,316.18,0.0,Missed
PM0003251,P00162,2025-11-01,283.27,283.27,Paid
PM0002514,P00128,2025-11-01,223.26,123.83,Partial
PM0001523,P00069,2026-01-01,143.01,143.01,Paid
PM0007450,P00385,2024-12-01,183.7,142.88,Partial
PM0014122,P00725,2026-05-01,428.12,428.12,Paid
PM0003056,P00152,2025-02-01,108.42,108.42,Paid
PM0009793,P00503,2026-07-01,165.85,165.85,Paid
PM0001418,P00066,2026-07-01,343.28,343.28,Paid
PM0005606,P00299,2024-12-01,121.63,121.63,Paid
PM0004193,P00217,2026-07-01,182.12,182.12,Paid
PM0008292,P00429,2025-07-01,306.99,306.99,Paid
PM0010439,P00535,2025-07-01,145.59,145.59,Paid
PM0011895,P00616,2025-10-01,648.72,0.0,Missed
PM0000973,P00045,2024-08-01,217.69,217.69,Paid
PM0012681,P00651,2026-06-01,263.42,263.42,Paid
PM0007686,P00397,2025-11-01,230.57,230.57,Paid
PM0009057,P00468,2025-11-01,439.51,439.51,Paid
PM0008121,P00421,2023-12-01,560.92,560.92,Paid
PM0005189,P00273,2025-11-01,147.79,147.79,Paid
PM0012304,P00634,2024-05-01,347.04,347.04,Paid
PM0005742,P00304,2024-08-01,134.64,134.64,Paid
PM0008786,P00451,2025-03-01,195.14,195.14,Paid
PM0014363,P00738,2026-07-01,544.15,544.15,Paid
PM0011927,P00617,2025-05-01,332.67,332.67,Paid
PM0009788,P00503,2026-02-01,165.85,165.85,Paid
PM0001879,P00089,2026-05-01,211.65,211.65,Paid
PM0001979,P00096,2025-08-01,408.72,408.72,Paid
PM0013967,P00715,2026-06-01,259.73,259.73,Paid
PM0009731,P00502,2023-05-01,394.36,394.36,Paid
PM0010805,P00552,2024-02-01,1031.65,692.06,Partial
PM0003936,P00200,2024-02-01,352.42,352.42,Paid
PM0014450,P00742,2026-07-01,387.1,387.1,Paid
PM0003333,P00166,2024-08-01,263.35,263.35,Paid
PM0010455,P00536,2025-02-01,0.0,0.0,Paid
PM0008448,P00437,2025-12-01,250.12,250.12,Paid
PM0000944,P00044,2024-06-01,205.22,205.22,Paid
PM0010324,P00529,2026-04-01,279.09,279.09,Paid
PM0013036,P00668,2026-07-01,75.59,0.0,Missed
PM0006591,P00336,2025-09-01,198.24,198.24,Paid
PM0004534,P00234,2026-07-01,101.87,101.87,Paid
PM0002948,P00148,2023-12-01,62.38,62.38,Paid
PM0012340,P00635,2025-03-01,102.05,102.05,Paid
PM0010461,P00536,2025-08-01,0.0,0.0,Paid
PM0008939,P00459,2024-12-01,413.49,413.49,Paid
PM0008577,P00442,2026-02-01,89.15,89.15,Paid
PM0014455,P00743,2025-08-01,540.59,540.59,Paid
PM0007673,P00397,2024-10-01,230.57,230.57,Paid
PM0008201,P00426,2025-09-01,240.12,240.12,Paid
PM0002869,P00143,2025-04-01,472.19,472.19,Paid
PM0011050,P00570,2026-01-01,159.96,159.96,Paid
PM0000287,P00015,2025-05-01,224.35,224.35,Paid
PM0011198,P00580,2026-06-01,140.73,73.22,Partial
PM0007421,P00383,2025-12-01,269.0,269.0,Paid
PM0008105,P00419,2026-01-01,223.24,223.24,Paid
PM0013991,P00719,2023-09-01,137.75,137.75,Paid
PM0001164,P00054,2025-02-01,148.34,148.34,Paid
PM0003216,P00161,2025-10-01,357.99,357.99,Paid
PM0002801,P00139,2025-11-01,560.94,560.94,Paid
PM0011999,P00620,2026-04-01,494.94,494.94,Paid
PM0012117,P00627,2024-07-01,193.55,193.55,Paid
PM0012227,P00631,2026-02-01,315.0,315.0,Paid
PM0001414,P00066,2026-03-01,343.28,343.28,Paid
PM0007594,P00392,2025-11-01,138.49,138.49,Paid
PM0002386,P00120,2026-04-01,849.25,849.25,Paid
PM0006931,P00353,2025-01-01,81.36,81.36,Paid
PM0002766,P00138,2026-02-01,75.47,75.47,Paid
PM0004599,P00239,2026-03-01,151.43,151.43,Paid
PM0011635,P00599,2025-12-01,249.05,0.0,Missed
PM0009488,P00487,2025-05-01,378.75,378.75,Paid
PM0000697,P00032,2024-09-01,457.22,457.22,Paid
PM0005858,P00308,2025-03-01,245.65,245.65,Paid
PM0004023,P00207,2024-06-01,95.37,95.37,Paid
PM0008954,P00459,2026-03-01,413.49,413.49,Paid
PM0014102,P00725,2024-09-01,428.12,428.12,Paid
PM0003327,P00166,2024-02-01,263.35,263.35,Paid
PM0005875,P00309,2023-10-01,396.29,396.29,Paid
PM0002106,P00103,2024-06-01,836.1,836.1,Paid
PM0009677,P00498,2025-06-01,514.18,514.18,Paid
PM0005405,P00285,2024-04-01,357.44,357.44,Paid
PM0011766,P00608,2026-04-01,73.34,57.71,Partial
PM0012352,P00635,2026-03-01,102.05,102.05,Paid
PM0005341,P00282,2025-10-01,396.55,396.55,Paid
PM0014330,P00738,2023-10-01,544.15,544.15,Paid
PM0013274,P00682,2025-04-01,511.43,511.43,Paid
PM0008973,P00463,2026-01-01,120.66,120.66,Paid
PM0004731,P00249,2025-01-01,320.96,320.96,Paid
PM0010229,P00525,2025-10-01,29.64,29.64,Paid
PM0013173,P00675,2026-06-01,119.39,0.0,Missed
PM0008618,P00444,2025-07-01,160.87,160.87,Paid
PM0011386,P00590,2026-06-01,368.18,368.18,Paid
PM0011142,P00576,2026-04-01,0.0,0.0,Paid
PM0008243,P00427,2026-04-01,290.48,0.0,Missed
PM0013956,P00715,2025-07-01,259.73,0.0,Missed
PM0006358,P00326,2025-07-01,203.51,203.51,Paid
PM0007923,P00411,2024-12-01,189.15,124.46,Partial
PM0006725,P00343,2024-11-01,97.41,97.41,Paid
PM0001637,P00077,2023-12-01,179.71,179.71,Paid
PM0000695,P00032,2024-07-01,457.22,457.22,Paid
PM0005255,P00275,2025-08-01,181.0,181.0,Paid
PM0003270,P00163,2024-04-01,505.44,188.69,Partial
PM0001055,P00048,2025-01-01,243.93,243.93,Paid
PM0003929,P00199,2024-09-01,381.36,381.36,Paid
PM0000505,P00025,2023-08-01,170.93,170.93,Paid
PM0009312,P00479,2026-02-01,106.47,106.47,Paid
PM0002560,P00130,2025-10-01,248.96,248.96,Paid
PM0007445,P00384,2026-07-01,545.23,545.23,Paid
PM0008979,P00463,2026-07-01,120.66,120.66,Paid
PM0006825,P00347,2026-05-01,629.61,629.61,Paid
PM0001421,P00067,2023-06-01,198.85,198.85,Paid
PM0010285,P00528,2026-01-01,91.62,91.62,Paid
PM0010104,P00519,2025-07-01,429.63,429.63,Paid
PM0004001,P00204,2025-12-01,465.1,465.1,Paid
PM0008026,P00416,2024-01-01,127.49,0.0,Missed
PM0002532,P00129,2025-01-01,578.23,578.23,Paid
PM0012610,P00649,2024-04-01,246.64,246.64,Paid
PM0007082,P00364,2025-03-01,492.7,492.7,Paid
PM0008692,P00446,2025-05-01,130.98,130.98,Paid
PM0009687,P00498,2026-04-01,514.18,514.18,Paid
PM0006693,P00341,2025-08-01,207.83,207.83,Paid
PM0006035,P00315,2024-07-01,113.63,113.63,Paid
PM0010418,P00534,2026-04-01,79.64,79.64,Paid
PM0001195,P00055,2024-07-01,480.85,0.0,Missed
PM0008622,P00444,2025-11-01,160.87,160.87,Paid
PM0011106,P00572,2026-07-01,619.24,619.24,Paid
PM0010260,P00527,2024-12-01,559.89,559.89,Paid
PM0009412,P00485,2023-12-01,288.29,288.29,Paid
PM0009702,P00500,2025-09-01,102.77,102.77,Paid
PM0001783,P00082,2025-04-01,174.81,174.81,Paid
PM0005548,P00295,2025-12-01,314.75,314.75,Paid
PM0003455,P00170,2026-04-01,388.44,388.44,Paid
PM0012867,P00660,2026-05-01,245.23,245.23,Paid
PM0007433,P00384,2025-07-01,545.23,545.23,Paid
PM0008660,P00445,2026-03-01,778.87,778.87,Paid
PM0001251,P00057,2026-04-01,117.57,77.48,Partial
PM0003252,P00162,2025-12-01,283.27,283.27,Paid
PM0005313,P00280,2026-07-01,98.47,98.47,Paid
PM0001394,P00066,2024-07-01,343.28,343.28,Paid
PM0004063,P00209,2025-02-01,147.59,147.59,Paid
PM0000662,P00030,2026-07-01,112.69,112.69,Paid
PM0011435,P00592,2025-11-01,136.15,136.15,Paid
PM0006929,P00353,2024-11-01,81.36,81.36,Paid
PM0013050,P00671,2023-08-01,377.8,0.0,Missed
PM0001917,P00093,2025-10-01,288.37,288.37,Paid
PM0005441,P00286,2026-06-01,66.09,66.09,Paid
PM0006616,P00337,2026-05-01,119.24,119.24,Paid
PM0010508,P00537,2026-06-01,570.54,570.54,Paid
PM0003161,P00158,2025-06-01,516.23,516.23,Paid
PM0012618,P00649,2024-12-01,246.64,246.64,Paid
PM0004770,P00250,2025-04-01,70.42,70.42,Paid
PM0008176,P00423,2025-12-01,121.63,121.63,Paid
PM0012312,P00634,2025-01-01,347.04,347.04,Paid
PM0013088,P00672,2024-05-01,77.27,77.27,Paid
PM0013694,P00701,2026-06-01,331.54,331.54,Paid
PM0003262,P00163,2023-08-01,505.44,505.44,Paid
PM0007768,P00402,2024-11-01,234.54,234.54,Paid
PM0011671,P00602,2025-06-01,45.33,45.33,Paid
PM0010174,P00523,2025-09-01,185.15,185.15,Paid
PM0003419,P00168,2026-06-01,236.69,236.69,Paid
PM0002792,P00139,2025-02-01,560.94,560.94,Paid
PM0006935,P00353,2025-05-01,81.36,81.36,Paid
PM0011669,P00602,2025-04-01,45.33,45.33,Paid
PM0009217,P00475,2026-04-01,494.52,494.52,Paid
PM0012788,P00657,2023-07-01,126.71,126.71,Paid
PM0000741,P00034,2025-01-01,68.03,68.03,Paid
PM0001909,P00092,2026-06-01,216.63,216.63,Paid
PM0010512,P00538,2024-11-01,199.22,199.22,Paid
PM0007940,P00411,2026-05-01,189.15,189.15,Paid
PM0005726,P00303,2026-05-01,242.73,242.73,Paid
PM0008016,P00415,2026-06-01,435.73,435.73,Paid
PM0001437,P00067,2024-10-01,198.85,198.85,Paid
PM0005989,P00312,2026-04-01,199.07,199.07,Paid
PM0004475,P00232,2025-07-01,449.75,449.75,Paid
PM0011750,P00608,2024-12-01,73.34,73.34,Paid
PM0002807,P00139,2026-05-01,560.94,560.94,Paid
PM0005553,P00295,2026-05-01,314.75,314.75,Paid
PM0008396,P00435,2024-10-01,160.67,0.0,Missed
PM0012897,P00662,2025-03-01,135.48,135.48,Paid
PM0000994,P00045,2026-05-01,217.69,217.69,Paid
PM0006385,P00327,2024-09-01,428.66,428.66,Paid
PM0000738,P00034,2024-10-01,68.03,68.03,Paid
PM0011194,P00580,2026-02-01,140.73,140.73,Paid
PM0012961,P00666,2025-10-01,72.37,72.37,Paid
PM0008208,P00426,2026-04-01,240.12,154.35,Partial
PM0006600,P00337,2025-01-01,119.24,53.78,Partial
PM0003231,P00162,2024-03-01,283.27,283.27,Paid
PM0001750,P00081,2024-05-01,316.18,316.18,Paid
PM0006218,P00321,2025-07-01,76.37,76.37,Paid
PM0010457,P00536,2025-04-01,0.0,0.0,Paid
PM0007552,P00390,2024-12-01,351.42,351.42,Paid
PM0004699,P00246,2025-07-01,204.0,204.0,Paid
PM0001871,P00089,2025-09-01,211.65,211.65,Paid
PM0013012,P00668,2024-07-01,75.59,75.59,Paid
PM0005125,P00271,2024-04-01,286.75,286.75,Paid
PM0003356,P00166,2026-07-01,263.35,263.35,Paid
PM0011446,P00593,2023-11-01,142.88,142.88,Paid
PM0004160,P00213,2026-06-01,587.57,587.57,Paid
PM0013221,P00677,2026-03-01,138.01,138.01,Paid
PM0003612,P00182,2024-09-01,226.88,226.88,Paid
PM0006451,P00329,2025-09-01,424.18,424.18,Paid
PM0010854,P00554,2026-06-01,46.23,46.23,Paid
PM0003783,P00190,2025-04-01,488.35,488.35,Paid
PM0009890,P00509,2025-04-01,191.4,191.4,Paid
PM0005176,P00272,2026-04-01,176.81,176.81,Paid
PM0005452,P00287,2025-08-01,183.69,183.69,Paid
PM0004886,P00257,2024-05-01,229.95,229.95,Paid
PM0000202,P00013,2025-01-01,149.19,149.19,Paid
PM0010445,P00535,2026-01-01,145.59,145.59,Paid
PM0010158,P00522,2025-10-01,478.26,478.26,Paid
PM0002190,P00107,2025-07-01,275.31,275.31,Paid
PM0009725,P00501,2026-02-01,518.28,518.28,Paid
PM0009838,P00506,2026-03-01,62.5,62.5,Paid
PM0001128,P00051,2026-05-01,272.05,272.05,Paid
PM0013164,P00675,2025-09-01,119.39,0.0,Missed
PM0013474,P00692,2026-06-01,440.66,440.66,Paid
PM0006784,P00345,2025-10-01,661.78,661.78,Paid
PM0006337,P00326,2023-10-01,203.51,203.51,Paid
PM0004938,P00259,2025-08-01,584.68,584.68,Paid
PM0011136,P00576,2025-10-01,0.0,0.0,Paid
PM0009284,P00478,2024-10-01,129.82,129.82,Paid
PM0014210,P00730,2026-06-01,362.64,362.64,Paid
PM0007037,P00360,2026-05-01,259.6,259.6,Paid
PM0002572,P00131,2024-03-01,359.57,359.57,Paid
PM0010335,P00531,2025-09-01,390.73,390.73,Paid
PM0001288,P00059,2024-08-01,134.5,134.5,Paid
PM0000131,P00008,2026-07-01,317.11,317.11,Paid
PM0012481,P00641,2025-01-01,309.29,309.29,Paid
PM0003580,P00180,2026-02-01,348.36,348.36,Paid
PM0010778,P00550,2025-08-01,158.06,158.06,Paid
PM0009384,P00483,2025-10-01,149.54,149.54,Paid
PM0013169,P00675,2026-02-01,119.39,119.39,Paid
PM0002586,P00131,2025-05-01,359.57,359.57,Paid
PM0012148,P00628,2026-02-01,327.26,327.26,Paid
PM0012256,P00632,2025-02-01,213.13,213.13,Paid
PM0011724,P00605,2025-07-01,125.98,125.98,Paid
PM0004676,P00245,2026-03-01,696.24,696.24,Paid
PM0004717,P00248,2026-02-01,168.99,168.99,Paid
PM0002823,P00140,2025-08-01,584.86,584.86,Paid
PM0012511,P00642,2026-04-01,421.15,178.31,Partial
PM0000953,P00044,2025-03-01,205.22,205.22,Paid
PM0003801,P00191,2023-05-01,295.15,295.15,Paid
PM0011141,P00576,2026-03-01,0.0,0.0,Missed
PM0009043,P00468,2024-09-01,439.51,439.51,Paid
PM0005351,P00283,2025-02-01,36.5,36.5,Paid
PM0013812,P00708,2025-04-01,180.72,180.72,Paid
PM0000868,P00040,2024-11-01,362.78,362.78,Paid
PM0009977,P00513,2025-12-01,80.59,80.59,Paid
PM0000734,P00034,2024-06-01,68.03,68.03,Paid
PM0000247,P00014,2025-05-01,207.74,105.21,Partial
PM0006419,P00328,2024-03-01,68.94,0.0,Missed
PM0001456,P00067,2026-05-01,198.85,198.85,Paid
PM0008248,P00428,2024-04-01,71.98,71.98,Paid
PM0001445,P00067,2025-06-01,198.85,198.85,Paid
PM0002164,P00107,2023-05-01,275.31,275.31,Paid
PM0008981,P00464,2024-08-01,287.74,287.74,Paid
PM0007215,P00373,2025-06-01,362.95,0.0,Missed
PM0007368,P00380,2025-07-01,367.3,367.3,Paid
PM0010554,P00540,2026-06-01,203.54,203.54,Paid
PM0009291,P00478,2025-05-01,129.82,129.82,Paid
PM0010250,P00527,2024-02-01,559.89,167.97,Partial
PM0000593,P00027,2024-06-01,65.33,65.33,Paid
PM0012412,P00638,2025-01-01,297.67,297.67,Paid
PM0011268,P00585,2024-05-01,64.64,64.64,Paid
PM0012744,P00654,2025-04-01,170.82,170.82,Paid
PM0008615,P00444,2025-04-01,160.87,160.87,Paid
PM0004611,P00241,2024-11-01,232.67,232.67,Paid
PM0003324,P00165,2026-05-01,882.81,882.81,Paid
PM0005862,P00308,2025-07-01,245.65,245.65,Paid
PM0006637,P00340,2024-03-01,163.98,163.98,Paid
PM0008168,P00423,2025-04-01,121.63,121.63,Paid
PM0011419,P00592,2024-07-01,136.15,136.15,Paid
PM0003380,P00167,2025-05-01,379.76,129.44,Partial
PM0011921,P00617,2024-11-01,332.67,332.67,Paid
PM0006146,P00318,2024-09-01,212.45,212.45,Paid
PM0012042,P00623,2025-10-01,255.21,255.21,Paid
PM0010072,P00518,2025-11-01,67.39,67.39,Paid
PM0013953,P00715,2025-04-01,259.73,259.73,Paid
PM0008761,P00451,2023-02-01,195.14,195.14,Paid
PM0011732,P00605,2026-03-01,125.98,0.0,Missed
PM0008710,P00447,2024-03-01,817.77,817.77,Paid
PM0012169,P00629,2025-05-01,489.53,489.53,Paid
PM0011716,P00605,2024-11-01,125.98,125.98,Paid
PM0009897,P00509,2025-11-01,191.4,0.0,Missed
PM0006557,P00335,2025-03-01,77.12,77.12,Paid
PM0001297,P00059,2025-05-01,134.5,134.5,Paid
PM0000122,P00008,2025-10-01,317.11,317.11,Paid
PM0012863,P00660,2026-01-01,245.23,245.23,Paid
PM0001458,P00067,2026-07-01,198.85,198.85,Paid
PM0009649,P00495,2025-09-01,179.38,179.38,Paid
PM0004179,P00214,2026-05-01,377.99,0.0,Missed
PM0001873,P00089,2025-11-01,211.65,0.0,Missed
PM0012090,P00625,2025-04-01,177.27,177.27,Paid
PM0012821,P00657,2026-04-01,126.71,126.71,Paid
PM0006774,P00345,2024-12-01,661.78,661.78,Paid
PM0014402,P00739,2026-03-01,147.41,147.41,Paid
PM0012367,P00636,2024-09-01,152.85,68.38,Partial
PM0005661,P00301,2024-10-01,157.4,157.4,Paid
PM0001966,P00096,2024-07-01,408.72,408.72,Paid
PM0008607,P00444,2024-08-01,160.87,160.87,Paid
PM0009421,P00485,2024-09-01,288.29,288.29,Paid
PM0001586,P00073,2026-03-01,35.19,35.19,Paid
PM0004385,P00228,2025-09-01,96.21,96.21,Paid
PM0010482,P00537,2024-04-01,570.54,570.54,Paid
PM0001367,P00065,2025-06-01,174.21,174.21,Paid
PM0003315,P00165,2025-08-01,882.81,882.81,Paid
PM0006893,P00351,2024-09-01,467.05,467.05,Paid
PM0008293,P00429,2025-08-01,306.99,108.64,Partial
PM0013787,P00706,2026-01-01,257.22,257.22,Paid
PM0006205,P00320,2026-02-01,149.0,149.0,Paid
PM0010821,P00552,2025-06-01,1031.65,1031.65,Paid
PM0005478,P00290,2024-06-01,564.15,564.15,Paid
PM0007363,P00380,2025-02-01,367.3,367.3,Paid
PM0012802,P00657,2024-09-01,126.71,126.71,Paid
PM0007290,P00378,2023-03-01,521.31,521.31,Paid
PM0009268,P00477,2025-12-01,708.84,708.84,Paid
PM0013766,P00706,2024-04-01,257.22,257.22,Paid
PM0001473,P00068,2025-01-01,397.96,397.96,Paid
PM0012400,P00637,2026-01-01,80.81,0.0,Missed
PM0009892,P00509,2025-06-01,191.4,191.4,Paid
PM0003829,P00191,2025-09-01,295.15,295.15,Paid
PM0011843,P00614,2024-02-01,82.1,82.1,Paid
PM0008959,P00460,2026-06-01,391.0,227.9,Partial
PM0002410,P00123,2025-10-01,697.83,697.83,Paid
PM0007427,P00383,2026-06-01,269.0,269.0,Paid
PM0009695,P00499,2026-02-01,37.36,37.36,Paid
PM0010151,P00522,2025-03-01,478.26,478.26,Paid
PM0001882,P00090,2026-05-01,575.68,0.0,Missed
PM0008020,P00416,2023-07-01,127.49,127.49,Paid
PM0001112,P00050,2026-02-01,405.72,405.72,Paid
PM0010456,P00536,2025-03-01,0.0,0.0,Paid
PM0013972,P00716,2026-03-01,205.59,205.59,Paid
PM0001381,P00066,2023-06-01,343.28,343.28,Paid
PM0002593,P00131,2025-12-01,359.57,359.57,Paid
PM0002464,P00125,2025-10-01,143.81,143.81,Paid
PM0002473,P00125,2026-07-01,143.81,143.81,Paid
PM0006125,P00317,2026-07-01,140.28,140.28,Paid
PM0008373,P00434,2025-07-01,639.88,639.88,Paid
PM0010350,P00532,2023-11-01,412.5,412.5,Paid
PM0010187,P00524,2024-10-01,189.03,189.03,Paid
PM0001387,P00066,2023-12-01,343.28,343.28,Paid
PM0010021,P00515,2024-09-01,87.15,87.15,Paid
PM0007197,P00371,2025-11-01,233.81,233.81,Paid
PM0005381,P00284,2024-07-01,554.65,554.65,Paid
PM0010844,P00554,2025-08-01,46.23,46.23,Paid
PM0010552,P00540,2026-04-01,203.54,203.54,Paid
PM0006107,P00317,2025-01-01,140.28,140.28,Paid
PM0004866,P00255,2026-01-01,444.0,156.45,Partial
PM0010637,P00544,2024-06-01,524.96,524.96,Paid
PM0005500,P00290,2026-04-01,564.15,564.15,Paid
PM0001573,P00073,2025-02-01,35.19,35.19,Paid
PM0014140,P00727,2026-01-01,87.81,87.81,Paid
PM0009899,P00509,2026-01-01,191.4,191.4,Paid
PM0012648,P00650,2024-05-01,300.09,300.09,Paid
PM0001875,P00089,2026-01-01,211.65,211.65,Paid
PM0000418,P00020,2024-11-01,573.96,573.96,Paid
PM0006494,P00332,2026-01-01,122.94,122.94,Paid
PM0012941,P00664,2025-11-01,74.73,74.73,Paid
PM0009963,P00513,2024-10-01,80.59,0.0,Missed
PM0013373,P00686,2024-05-01,187.22,187.22,Paid
PM0011160,P00578,2024-09-01,315.5,315.5,Paid
PM0004737,P00249,2025-07-01,320.96,0.0,Missed
PM0010165,P00522,2026-05-01,478.26,478.26,Paid
PM0011529,P00595,2026-06-01,625.3,625.3,Paid
PM0004392,P00228,2026-04-01,96.21,96.21,Paid
PM0006910,P00351,2026-02-01,467.05,467.05,Paid
PM0004716,P00248,2026-01-01,168.99,70.97,Partial
PM0000233,P00014,2024-03-01,207.74,207.74,Paid
PM0002768,P00138,2026-04-01,75.47,32.06,Partial
PM0006375,P00327,2023-11-01,428.66,428.66,Paid
PM0002876,P00143,2025-11-01,472.19,472.19,Paid
PM0003906,P00198,2025-09-01,269.68,269.68,Paid
PM0000441,P00021,2025-02-01,195.65,195.65,Paid
PM0011227,P00583,2024-08-01,68.95,68.95,Paid
PM0010042,P00515,2026-06-01,87.15,87.15,Paid
PM0006348,P00326,2024-09-01,203.51,203.51,Paid
PM0001507,P00069,2024-09-01,143.01,0.0,Missed
PM0006353,P00326,2025-02-01,203.51,203.51,Paid
PM0003573,P00177,2026-06-01,348.59,348.59,Paid
PM0009627,P00495,2023-11-01,179.38,179.38,Paid
PM0011155,P00578,2024-04-01,315.5,315.5,Paid
PM0011162,P00578,2024-11-01,315.5,315.5,Paid
PM0004093,P00210,2025-02-01,422.89,0.0,Missed
PM0010759,P00549,2026-02-01,54.97,54.97,Paid
PM0008712,P00448,2025-12-01,387.88,0.0,Missed
PM0014221,P00732,2024-09-01,130.64,130.64,Paid
PM0001537,P00070,2025-11-01,85.97,85.97,Paid
PM0005728,P00303,2026-07-01,242.73,242.73,Paid
PM0006681,P00341,2024-08-01,207.83,207.83,Paid
PM0008675,P00446,2023-12-01,130.98,130.98,Paid
PM0008467,P00438,2024-02-01,374.73,374.73,Paid
PM0003963,P00200,2026-05-01,352.42,352.42,Paid
PM0013453,P00689,2026-01-01,39.27,39.27,Paid
PM0007294,P00378,2023-07-01,521.31,521.31,Paid
PM0014257,P00733,2026-06-01,118.82,118.82,Paid
PM0011596,P00598,2024-06-01,191.48,191.48,Paid
PM0012520,P00643,2025-08-01,269.85,269.85,Paid
PM0009809,P00504,2026-06-01,604.93,604.93,Paid
PM0003951,P00200,2025-05-01,352.42,159.46,Partial
PM0004887,P00257,2024-06-01,229.95,229.95,Paid
PM0013771,P00706,2024-09-01,257.22,257.22,Paid
PM0009241,P00477,2023-09-01,708.84,708.84,Paid
PM0014454,P00743,2025-07-01,540.59,540.59,Paid
PM0012431,P00639,2024-02-01,117.84,117.84,Paid
PM0011769,P00608,2026-07-01,73.34,73.34,Paid
PM0005101,P00269,2026-05-01,925.24,925.24,Paid
PM0013622,P00698,2025-09-01,286.36,286.36,Paid
PM0004110,P00210,2026-07-01,422.89,422.89,Paid
PM0006971,P00356,2026-03-01,69.02,69.02,Paid
PM0010112,P00519,2026-03-01,429.63,429.63,Paid
PM0003242,P00162,2025-02-01,283.27,283.27,Paid
PM0013888,P00711,2026-01-01,203.34,203.34,Paid
PM0009772,P00503,2024-10-01,165.85,165.85,Paid
PM0006063,P00316,2023-06-01,790.35,790.35,Paid
PM0006818,P00347,2025-10-01,629.61,629.61,Paid
PM0008947,P00459,2025-08-01,413.49,413.49,Paid
PM0000254,P00014,2025-12-01,207.74,207.74,Paid
PM0007437,P00384,2025-11-01,545.23,545.23,Paid
PM0014204,P00730,2025-12-01,362.64,362.64,Paid
PM0003057,P00152,2025-03-01,108.42,108.42,Paid
PM0001031,P00046,2026-03-01,408.98,408.98,Paid
PM0001182,P00055,2023-06-01,480.85,480.85,Paid
PM0009282,P00478,2024-08-01,129.82,129.82,Paid
PM0009145,P00471,2026-04-01,337.78,0.0,Missed
PM0001968,P00096,2024-09-01,408.72,0.0,Missed
PM0012211,P00631,2024-10-01,315.0,315.0,Paid
PM0011525,P00595,2026-02-01,625.3,625.3,Paid
PM0002385,P00119,2025-04-01,67.83,67.83,Paid
PM0000732,P00034,2024-04-01,68.03,68.03,Paid
PM0008907,P00457,2025-11-01,138.98,138.98,Paid
PM0009040,P00468,2024-06-01,439.51,439.51,Paid
PM0011911,P00617,2024-01-01,332.67,332.67,Paid
PM0006690,P00341,2025-05-01,207.83,207.83,Paid
PM0006568,P00335,2026-02-01,77.12,77.12,Paid
PM0008027,P00416,2024-02-01,127.49,127.49,Paid
PM0008513,P00440,2025-09-01,373.63,373.63,Paid
PM0002830,P00140,2026-03-01,584.86,584.86,Paid
PM0013522,P00695,2023-06-01,547.06,547.06,Paid
PM0006338,P00326,2023-11-01,203.51,115.1,Partial
PM0004987,P00262,2025-02-01,377.63,377.63,Paid
PM0008899,P00456,2026-04-01,459.62,459.62,Paid
PM0012120,P00627,2024-10-01,193.55,193.55,Paid
PM0007520,P00389,2025-02-01,270.03,270.03,Paid
PM0003715,P00185,2025-08-01,385.7,385.7,Paid
PM0010581,P00542,2024-08-01,177.89,177.89,Paid
PM0003146,P00157,2024-02-01,347.53,131.36,Partial
PM0012292,P00634,2023-05-01,347.04,347.04,Paid
PM0007699,P00398,2026-03-01,185.56,185.56,Paid
PM0000866,P00040,2024-09-01,362.78,362.78,Paid
PM0012499,P00641,2026-07-01,309.29,309.29,Paid
PM0013048,P00671,2023-06-01,377.8,377.8,Paid
PM0001190,P00055,2024-02-01,480.85,0.0,Missed
PM0006504,P00333,2025-11-01,164.97,164.97,Paid
PM0009418,P00485,2024-06-01,288.29,288.29,Paid
PM0000693,P00032,2024-05-01,457.22,457.22,Paid
PM0011954,P00618,2026-04-01,713.22,713.22,Paid
PM0003237,P00162,2024-09-01,283.27,283.27,Paid
PM0008459,P00438,2023-06-01,374.73,374.73,Paid
PM0013719,P00703,2025-07-01,218.62,218.62,Paid
PM0009088,P00469,2025-03-01,458.43,458.43,Paid
PM0007312,P00378,2025-01-01,521.31,0.0,Missed
PM0005945,P00311,2025-12-01,179.72,179.72,Paid
PM0004912,P00257,2026-07-01,229.95,229.95,Paid
PM0001175,P00054,2026-01-01,148.34,148.34,Paid
PM0012517,P00643,2025-05-01,269.85,166.09,Partial
PM0014422,P00741,2025-08-01,710.9,0.0,Missed
PM0002368,P00118,2024-05-01,372.74,372.74,Paid
PM0006435,P00328,2025-07-01,68.94,68.94,Paid
PM0007474,P00387,2025-01-01,344.41,344.41,Paid
PM0002392,P00121,2025-11-01,131.46,131.46,Paid
PM0012100,P00625,2026-02-01,177.27,177.27,Paid
PM0010143,P00521,2025-12-01,21.45,21.45,Paid
PM0005892,P00309,2025-03-01,396.29,396.29,Paid
PM0000236,P00014,2024-06-01,207.74,207.74,Paid
PM0001376,P00065,2026-03-01,174.21,174.21,Paid
PM0008792,P00451,2025-09-01,195.14,195.14,Paid
PM0007503,P00389,2023-09-01,270.03,270.03,Paid
PM0010784,P00550,2026-02-01,158.06,0.0,Missed
PM0003052,P00152,2024-10-01,108.42,108.42,Paid
PM0012032,P00623,2024-12-01,255.21,255.21,Paid
PM0002655,P00133,2024-11-01,144.56,144.56,Paid
PM0007095,P00364,2026-04-01,492.7,492.7,Paid
PM0010485,P00537,2024-07-01,570.54,570.54,Paid
PM0003229,P00162,2024-01-01,283.27,283.27,Paid
PM0002425,P00124,2024-07-01,714.19,714.19,Paid
PM0013587,P00697,2025-03-01,206.98,206.98,Paid
PM0010836,P00554,2024-12-01,46.23,46.23,Paid
PM0011543,P00596,2024-11-01,174.96,174.96,Paid
PM0001307,P00059,2026-03-01,134.5,0.0,Missed
PM0005453,P00287,2025-09-01,183.69,183.69,Paid
PM0008628,P00444,2026-05-01,160.87,160.87,Paid
PM0004187,P00216,2025-01-01,641.85,641.85,Paid
PM0000900,P00041,2026-01-01,444.37,444.37,Paid
PM0007985,P00413,2026-06-01,357.69,0.0,Missed
PM0011890,P00616,2025-05-01,648.72,648.72,Paid
PM0007630,P00395,2023-12-01,209.53,209.53,Paid
PM0005596,P00298,2026-01-01,169.76,169.76,Paid
PM0012946,P00664,2026-04-01,74.73,74.73,Paid
PM0004006,P00205,2025-12-01,590.84,590.84,Paid
PM0005716,P00303,2025-07-01,242.73,242.73,Paid
PM0006408,P00328,2023-04-01,68.94,68.94,Paid
PM0010714,P00548,2025-09-01,679.35,679.35,Paid
PM0010572,P00541,2026-05-01,116.95,116.95,Paid
PM0004759,P00250,2024-05-01,70.42,70.42,Paid
PM0001362,P00065,2025-01-01,174.21,174.21,Paid
PM0012650,P00650,2024-07-01,300.09,300.09,Paid
PM0011164,P00578,2025-01-01,315.5,315.5,Paid
PM0003954,P00200,2025-08-01,352.42,352.42,Paid
PM0013596,P00697,2025-12-01,206.98,206.98,Paid
PM0012830,P00658,2026-05-01,179.53,179.53,Paid
PM0014447,P00742,2026-04-01,387.1,387.1,Paid
PM0001897,P00092,2025-06-01,216.63,216.63,Paid
PM0011814,P00613,2023-08-01,192.22,192.22,Paid
PM0008665,P00446,2023-02-01,130.98,0.0,Missed
PM0010904,P00561,2025-07-01,75.19,75.19,Paid
PM0002092,P00102,2026-05-01,406.58,238.31,Partial
PM0014015,P00720,2025-03-01,339.91,0.0,Missed
PM0005001,P00262,2026-04-01,377.63,377.63,Paid
PM0013099,P00672,2025-04-01,77.27,77.27,Paid
PM0006274,P00323,2026-02-01,267.34,267.34,Paid
PM0002470,P00125,2026-04-01,143.81,143.81,Paid
PM0013022,P00668,2025-05-01,75.59,75.59,Paid
PM0009583,P00492,2024-07-01,836.82,836.82,Paid
PM0008031,P00416,2024-06-01,127.49,127.49,Paid
PM0000891,P00041,2025-04-01,444.37,444.37,Paid
PM0001840,P00085,2025-11-01,176.78,176.78,Paid
PM0007548,P00390,2024-08-01,351.42,351.42,Paid
PM0001069,P00049,2024-08-01,64.0,64.0,Paid
PM0006764,P00345,2024-02-01,661.78,661.78,Paid
PM0001796,P00082,2026-05-01,174.81,174.81,Paid
PM0013167,P00675,2025-12-01,119.39,119.39,Paid
PM0000043,P00004,2025-05-01,648.32,648.32,Paid
PM0001558,P00072,2026-05-01,185.22,185.22,Paid
PM0001089,P00049,2026-04-01,64.0,64.0,Paid
PM0014549,P00748,2026-07-01,233.16,233.16,Paid
PM0014476,P00744,2023-12-01,326.31,326.31,Paid
PM0002538,P00130,2023-12-01,248.96,248.96,Paid
PM0013865,P00710,2026-06-01,153.73,153.73,Paid
PM0006219,P00321,2025-08-01,76.37,76.37,Paid
PM0011805,P00611,2026-06-01,552.64,0.0,Missed
PM0000753,P00034,2026-01-01,68.03,68.03,Paid
PM0011123,P00575,2026-05-01,332.65,332.65,Paid
PM0010763,P00549,2026-06-01,54.97,54.97,Paid
PM0005319,P00281,2026-01-01,44.33,44.33,Paid
PM0003263,P00163,2023-09-01,505.44,505.44,Paid
PM0002738,P00137,2025-10-01,166.98,166.98,Paid
PM0012415,P00638,2025-04-01,297.67,297.67,Paid
PM0008439,P00436,2026-07-01,410.56,0.0,Missed
PM0005767,P00305,2023-04-01,258.23,258.23,Paid
PM0009526,P00489,2025-05-01,516.02,516.02,Paid
PM0013125,P00674,2023-08-01,176.2,176.2,Paid
PM0009133,P00471,2025-04-01,337.78,0.0,Missed
PM0003119,P00156,2024-07-01,231.94,0.0,Missed
PM0013116,P00673,2025-07-01,730.17,730.17,Paid
PM0001412,P00066,2026-01-01,343.28,343.28,Paid
PM0006347,P00326,2024-08-01,203.51,203.51,Paid
PM0008760,P00450,2026-07-01,465.35,465.35,Paid
PM0009034,P00467,2026-06-01,174.62,174.62,Paid
PM0003728,P00186,2024-03-01,100.78,100.78,Paid
PM0007803,P00403,2026-07-01,137.28,137.28,Paid
PM0000709,P00032,2025-09-01,457.22,457.22,Paid
PM0013291,P00683,2024-02-01,256.4,256.4,Paid
PM0005297,P00279,2024-05-01,341.33,341.33,Paid
PM0001874,P00089,2025-12-01,211.65,211.65,Paid
PM0008416,P00436,2024-08-01,410.56,410.56,Paid
PM0012839,P00659,2026-06-01,246.65,246.65,Paid
PM0005071,P00267,2024-08-01,86.79,86.79,Paid
PM0000611,P00027,2025-12-01,65.33,65.33,Paid
PM0009465,P00487,2023-06-01,378.75,378.75,Paid
PM0001583,P00073,2025-12-01,35.19,35.19,Paid
PM0009692,P00499,2025-11-01,37.36,37.36,Paid
PM0009424,P00485,2024-12-01,288.29,288.29,Paid
PM0007296,P00378,2023-09-01,521.31,521.31,Paid
PM0009791,P00503,2026-05-01,165.85,165.85,Paid
PM0001526,P00069,2026-04-01,143.01,143.01,Paid
PM0014272,P00735,2025-03-01,209.61,209.61,Paid
PM0009186,P00473,2025-04-01,102.27,102.27,Paid
PM0014130,P00727,2025-03-01,87.81,87.81,Paid
PM0009500,P00487,2026-05-01,378.75,378.75,Paid
PM0013733,P00704,2025-03-01,243.78,243.78,Paid
PM0005162,P00272,2025-02-01,176.81,176.81,Paid
PM0013965,P00715,2026-04-01,259.73,0.0,Missed
PM0007009,P00359,2025-08-01,394.21,394.21,Paid
PM0014088,P00724,2025-07-01,392.33,392.33,Paid
PM0010202,P00524,2026-01-01,189.03,189.03,Paid
PM0010312,P00529,2025-04-01,279.09,279.09,Paid
PM0008766,P00451,2023-07-01,195.14,195.14,Paid
PM0001639,P00077,2024-02-01,179.71,179.71,Paid
PM0003115,P00156,2024-03-01,231.94,231.94,Paid
PM0006119,P00317,2026-01-01,140.28,140.28,Paid
PM0007106,P00365,2025-07-01,75.89,75.89,Paid
PM0011263,P00584,2025-05-01,447.73,447.73,Paid
PM0007889,P00409,2025-11-01,115.73,115.73,Paid
PM0002445,P00124,2026-03-01,714.19,714.19,Paid
PM0012500,P00642,2025-05-01,421.15,421.15,Paid
PM0003864,P00195,2025-12-01,305.69,305.69,Paid
PM0002727,P00137,2024-11-01,166.98,166.98,Paid
PM0004648,P00244,2024-10-01,138.03,138.03,Paid
PM0006819,P00347,2025-11-01,629.61,629.61,Paid
PM0007171,P00370,2024-11-01,138.19,138.19,Paid
PM0006670,P00341,2023-09-01,207.83,207.83,Paid
PM0000412,P00020,2024-05-01,573.96,573.96,Paid
PM0000364,P00018,2024-12-01,131.65,131.65,Paid
PM0009765,P00503,2024-03-01,165.85,165.85,Paid
PM0012060,P00624,2025-11-01,918.51,918.51,Paid
PM0000932,P00043,2025-10-01,536.29,536.29,Paid
PM0001666,P00077,2026-05-01,179.71,179.71,Paid
PM0008616,P00444,2025-05-01,160.87,160.87,Paid
PM0010654,P00544,2025-11-01,524.96,524.96,Paid
PM0001097,P00050,2024-11-01,405.72,405.72,Paid
PM0006007,P00314,2024-11-01,212.52,212.52,Paid
PM0002227,P00110,2024-05-01,107.57,107.57,Paid
PM0004007,P00205,2026-01-01,590.84,590.84,Paid
PM0004375,P00226,2026-03-01,719.63,719.63,Paid
PM0011695,P00604,2025-02-01,1040.1,1040.1,Paid
PM0006987,P00357,2026-06-01,429.74,429.74,Paid
PM0007222,P00373,2026-01-01,362.95,362.95,Paid
PM0006790,P00345,2026-04-01,661.78,661.78,Paid
PM0007998,P00415,2024-12-01,435.73,345.24,Partial
PM0008914,P00457,2026-06-01,138.98,138.98,Paid
PM0011437,P00592,2026-01-01,136.15,136.15,Paid
PM0004462,P00232,2024-06-01,449.75,449.75,Paid
PM0009466,P00487,2023-07-01,378.75,378.75,Paid
PM0000136,P00009,2024-06-01,281.25,281.25,Paid
PM0006883,P00351,2023-11-01,467.05,467.05,Paid
PM0000956,P00044,2025-06-01,205.22,205.22,Paid
PM0005356,P00283,2025-07-01,36.5,36.5,Paid
PM0010022,P00515,2024-10-01,87.15,87.15,Paid
PM0001350,P00065,2024-01-01,174.21,174.21,Paid
PM0001971,P00096,2024-12-01,408.72,408.72,Paid
PM0009164,P00472,2026-04-01,256.58,256.58,Paid
PM0012550,P00645,2025-05-01,187.95,187.95,Paid
PM0008096,P00418,2024-12-01,476.51,476.51,Paid
PM0003666,P00183,2025-09-01,179.81,179.81,Paid
PM0007540,P00390,2023-12-01,351.42,351.42,Paid
PM0003811,P00191,2024-03-01,295.15,295.15,Paid
PM0003404,P00168,2025-03-01,236.69,236.69,Paid
PM0012643,P00650,2023-12-01,300.09,300.09,Paid
PM0001625,P00076,2026-07-01,588.77,588.77,Paid
PM0002014,P00098,2025-09-01,246.27,246.27,Paid
PM0004836,P00254,2025-12-01,311.13,311.13,Paid
PM0005487,P00290,2025-03-01,564.15,564.15,Paid
PM0014451,P00743,2025-04-01,540.59,540.59,Paid
PM0009999,P00514,2026-02-01,208.68,208.68,Paid
PM0008295,P00429,2025-10-01,306.99,306.99,Paid
PM0004441,P00230,2026-01-01,353.59,353.59,Paid
PM0012200,P00630,2026-01-01,287.44,287.44,Paid
PM0005479,P00290,2024-07-01,564.15,564.15,Paid
PM0004333,P00225,2026-03-01,210.95,210.95,Paid
PM0000852,P00039,2025-08-01,1099.84,1099.84,Paid
PM0013415,P00687,2024-06-01,157.79,0.0,Missed
PM0011001,P00567,2025-10-01,85.61,85.61,Paid
PM0010097,P00519,2024-12-01,429.63,429.63,Paid
PM0003169,P00158,2026-02-01,516.23,516.23,Paid
PM0004485,P00232,2026-05-01,449.75,449.75,Paid
PM0005873,P00308,2026-06-01,245.65,245.65,Paid
PM0004311,P00224,2025-10-01,642.21,642.21,Paid
PM0002296,P00114,2026-03-01,558.75,558.75,Paid
PM0012275,P00633,2025-04-01,167.48,167.48,Paid
PM0005320,P00281,2026-02-01,44.33,44.33,Paid
PM0014397,P00739,2025-10-01,147.41,147.41,Paid
PM0013282,P00682,2025-12-01,511.43,511.43,Paid
PM0007372,P00380,2025-11-01,367.3,367.3,Paid
PM0004487,P00232,2026-07-01,449.75,449.75,Paid
PM0008844,P00453,2026-02-01,685.23,685.23,Paid
PM0004222,P00221,2023-05-01,354.54,354.54,Paid
PM0009613,P00494,2025-06-01,666.1,666.1,Paid
PM0006123,P00317,2026-05-01,140.28,140.28,Paid
PM0007145,P00369,2025-04-01,183.55,183.55,Paid
PM0013064,P00671,2024-10-01,377.8,377.8,Paid
PM0006800,P00347,2024-04-01,629.61,629.61,Paid
PM0003932,P00199,2024-12-01,381.36,381.36,Paid
PM0005784,P00305,2024-09-01,258.23,258.23,Paid
PM0001682,P00078,2024-05-01,500.1,500.1,Paid
PM0006841,P00348,2026-05-01,467.75,467.75,Paid
PM0000143,P00009,2025-01-01,281.25,281.25,Paid
PM0008674,P00446,2023-11-01,130.98,0.0,Missed
PM0002677,P00134,2025-03-01,195.27,195.27,Paid
PM0003649,P00183,2024-04-01,179.81,179.81,Paid
PM0009416,P00485,2024-04-01,288.29,288.29,Paid
PM0013724,P00703,2025-12-01,218.62,218.62,Paid
PM0000338,P00016,2026-06-01,180.43,180.43,Paid
PM0005430,P00286,2025-07-01,66.09,66.09,Paid
PM0008825,P00452,2025-09-01,196.49,196.49,Paid
PM0006582,P00336,2024-12-01,198.24,198.24,Paid
PM0006836,P00348,2025-12-01,467.75,467.75,Paid
PM0010207,P00524,2026-06-01,189.03,189.03,Paid
PM0010629,P00543,2026-05-01,150.12,150.12,Paid
PM0007050,P00362,2024-10-01,341.2,341.2,Paid
PM0010336,P00531,2025-10-01,390.73,390.73,Paid
PM0009610,P00493,2023-05-01,290.68,0.0,Missed
PM0011483,P00594,2025-04-01,182.88,182.88,Paid
PM0013087,P00672,2024-04-01,77.27,77.27,Paid
PM0010462,P00536,2025-09-01,0.0,0.0,Missed
PM0004598,P00239,2026-02-01,151.43,151.43,Paid
PM0014403,P00739,2026-04-01,147.41,147.41,Paid
PM0006209,P00320,2026-06-01,149.0,149.0,Paid
PM0002637,P00132,2026-02-01,323.1,323.1,Paid
PM0014469,P00744,2023-05-01,326.31,0.0,Missed
PM0009633,P00495,2024-05-01,179.38,179.38,Paid
PM0002981,P00149,2024-01-01,166.92,166.92,Paid
PM0013458,P00690,2026-05-01,357.85,357.85,Paid
PM0001075,P00049,2025-02-01,64.0,64.0,Paid
PM0010109,P00519,2025-12-01,429.63,429.63,Paid
PM0000692,P00032,2024-04-01,457.22,457.22,Paid
PM0008117,P00421,2023-08-01,560.92,560.92,Paid
PM0001844,P00085,2026-03-01,176.78,176.78,Paid
PM0006561,P00335,2025-07-01,77.12,77.12,Paid
PM0009803,P00504,2025-12-01,604.93,604.93,Paid
PM0006287,P00324,2026-07-01,298.71,298.71,Paid
PM0005898,P00309,2025-09-01,396.29,396.29,Paid
PM0005340,P00282,2025-09-01,396.55,396.55,Paid
PM0005075,P00267,2024-12-01,86.79,86.79,Paid
PM0009511,P00488,2025-11-01,253.1,253.1,Paid
PM0005385,P00284,2024-11-01,554.65,554.65,Paid
PM0006301,P00325,2024-02-01,59.23,34.85,Partial
PM0009319,P00480,2025-09-01,671.59,671.59,Paid
PM0010760,P00549,2026-03-01,54.97,54.97,Paid
PM0009449,P00486,2025-07-01,482.7,482.7,Paid
PM0007611,P00393,2025-08-01,834.88,834.88,Paid
PM0004374,P00226,2026-02-01,719.63,719.63,Paid
PM0003346,P00166,2025-09-01,263.35,263.35,Paid
PM0005036,P00265,2024-06-01,372.15,372.15,Paid
PM0006701,P00341,2026-04-01,207.83,207.83,Paid
PM0003077,P00153,2026-07-01,821.41,821.41,Paid
PM0003839,P00191,2026-07-01,295.15,0.0,Missed
PM0011664,P00601,2026-06-01,54.01,54.01,Paid
PM0001255,P00058,2024-06-01,375.89,375.89,Paid
PM0005572,P00297,2025-06-01,254.69,254.69,Paid
PM0000671,P00031,2025-01-01,211.73,211.73,Paid
PM0000855,P00039,2025-11-01,1099.84,1099.84,Paid
PM0010035,P00515,2025-11-01,87.15,87.15,Paid
PM0014004,P00720,2024-04-01,339.91,339.91,Paid
PM0003279,P00163,2025-01-01,505.44,505.44,Paid
PM0012948,P00664,2026-06-01,74.73,40.28,Partial
PM0009396,P00484,2025-07-01,109.09,0.0,Missed
PM0005332,P00282,2025-01-01,396.55,396.55,Paid
PM0011228,P00583,2024-09-01,68.95,68.95,Paid
PM0003250,P00162,2025-10-01,283.27,283.27,Paid
PM0014135,P00727,2025-08-01,87.81,87.81,Paid
PM0008308,P00430,2024-06-01,323.55,323.55,Paid
PM0006760,P00345,2023-10-01,661.78,661.78,Paid
PM0005143,P00271,2025-10-01,286.75,286.75,Paid
PM0010848,P00554,2025-12-01,46.23,46.23,Paid
PM0012536,P00644,2026-02-01,490.38,490.38,Paid
PM0006940,P00353,2025-10-01,81.36,81.36,Paid
PM0007910,P00410,2025-10-01,156.23,156.23,Paid
PM0008021,P00416,2023-08-01,127.49,127.49,Paid
PM0009115,P00471,2023-10-01,337.78,0.0,Missed
PM0011243,P00583,2025-12-01,68.95,68.95,Paid
PM0010387,P00533,2025-06-01,513.85,513.85,Paid
PM0003861,P00195,2025-09-01,305.69,243.17,Partial
PM0009985,P00514,2024-12-01,208.68,208.68,Paid
PM0009067,P00469,2023-06-01,458.43,458.43,Paid
PM0004458,P00232,2024-02-01,449.75,0.0,Missed
PM0007022,P00360,2025-02-01,259.6,259.6,Paid
PM0001007,P00046,2024-03-01,408.98,408.98,Paid
PM0009096,P00469,2025-11-01,458.43,458.43,Paid
PM0004769,P00250,2025-03-01,70.42,70.42,Paid
PM0007659,P00396,2025-11-01,555.67,555.67,Paid
PM0008085,P00418,2024-01-01,476.51,476.51,Paid
PM0005131,P00271,2024-10-01,286.75,286.75,Paid
PM0003300,P00164,2025-11-01,119.33,119.33,Paid
PM0007523,P00389,2025-05-01,270.03,270.03,Paid
PM0009033,P00467,2026-05-01,174.62,174.62,Paid
PM0004517,P00234,2025-02-01,101.87,101.87,Paid
PM0004089,P00210,2024-10-01,422.89,422.89,Paid
PM0000001,P00001,2025-09-01,86.9,86.9,Paid
PM0007668,P00397,2024-05-01,230.57,0.0,Missed
PM0011064,P00571,2025-01-01,296.29,164.07,Partial
PM0014255,P00733,2026-04-01,118.82,118.82,Paid
PM0012036,P00623,2025-04-01,255.21,255.21,Paid
PM0000199,P00013,2024-10-01,149.19,149.19,Paid
PM0001853,P00086,2025-01-01,178.36,178.36,Paid
PM0000359,P00018,2024-07-01,131.65,131.65,Paid
PM0013850,P00709,2026-05-01,262.63,262.63,Paid
PM0010993,P00567,2025-02-01,85.61,85.61,Paid
PM0013536,P00695,2024-08-01,547.06,547.06,Paid
PM0001510,P00069,2024-12-01,143.01,143.01,Paid
PM0002225,P00110,2024-03-01,107.57,0.0,Missed
PM0010929,P00562,2025-02-01,285.53,0.0,Missed
PM0005292,P00279,2023-12-01,341.33,341.33,Paid
PM0007869,P00408,2025-02-01,137.55,137.55,Paid
PM0001313,P00060,2026-01-01,387.34,387.34,Paid
PM0002848,P00142,2026-01-01,318.6,318.6,Paid
PM0006415,P00328,2023-11-01,68.94,68.94,Paid
PM0004589,P00239,2025-05-01,151.43,151.43,Paid
PM0010786,P00550,2026-04-01,158.06,158.06,Paid
PM0002518,P00128,2026-03-01,223.26,223.26,Paid
PM0011053,P00570,2026-04-01,159.96,159.96,Paid
PM0008186,P00425,2026-04-01,95.32,95.32,Paid
PM0009773,P00503,2024-11-01,165.85,165.85,Paid
PM0007303,P00378,2024-04-01,521.31,0.0,Missed
PM0008401,P00436,2023-05-01,410.56,410.56,Paid
PM0002616,P00132,2024-05-01,323.1,323.1,Paid
PM0010591,P00542,2025-06-01,177.89,0.0,Missed
PM0000813,P00037,2024-12-01,530.5,530.5,Paid
PM0007848,P00405,2025-12-01,260.54,260.54,Paid
PM0014491,P00744,2025-03-01,326.31,326.31,Paid
PM0010728,P00549,2023-07-01,54.97,54.97,Paid
PM0014084,P00724,2025-03-01,392.33,192.88,Partial
PM0006927,P00353,2024-09-01,81.36,81.36,Paid
PM0005078,P00267,2025-03-01,86.79,86.79,Paid
PM0008691,P00446,2025-04-01,130.98,130.98,Paid
PM0007138,P00369,2024-09-01,183.55,183.55,Paid
PM0012453,P00639,2025-12-01,117.84,117.84,Paid
PM0002496,P00127,2025-05-01,117.63,36.31,Partial
PM0003459,P00171,2024-01-01,608.31,608.31,Paid
PM0005366,P00283,2026-05-01,36.5,36.5,Paid
PM0000737,P00034,2024-09-01,68.03,68.03,Paid
PM0001505,P00069,2024-07-01,143.01,143.01,Paid
PM0005224,P00275,2023-01-01,181.0,181.0,Paid
PM0010719,P00548,2026-02-01,679.35,679.35,Paid
PM0006640,P00340,2024-06-01,163.98,163.98,Paid
PM0010958,P00563,2024-09-01,142.21,142.21,Paid
PM0011694,P00604,2025-01-01,1040.1,1040.1,Paid
PM0013574,P00696,2025-06-01,104.7,104.7,Paid
PM0000425,P00021,2023-10-01,195.65,195.65,Paid
PM0006075,P00316,2024-06-01,790.35,790.35,Paid
PM0009927,P00511,2024-06-01,105.47,105.47,Paid
PM0013667,P00700,2025-02-01,330.96,330.96,Paid
PM0001396,P00066,2024-09-01,343.28,343.28,Paid
PM0007339,P00379,2024-10-01,273.9,273.9,Paid
PM0008099,P00418,2025-03-01,476.51,476.51,Paid
PM0004724,P00249,2024-06-01,320.96,320.96,Paid
PM0007206,P00372,2026-03-01,610.1,610.1,Paid
PM0010343,P00531,2026-05-01,390.73,390.73,Paid
PM0006082,P00316,2025-01-01,790.35,790.35,Paid
PM0000835,P00038,2025-09-01,422.3,422.3,Paid
PM0007237,P00374,2023-09-01,115.5,115.5,Paid
PM0002640,P00132,2026-05-01,323.1,323.1,Paid
PM0013855,P00710,2025-08-01,153.73,153.73,Paid
PM0000912,P00042,2026-03-01,284.88,284.88,Paid
PM0001710,P00079,2025-03-01,234.25,234.25,Paid
PM0003063,P00152,2025-09-01,108.42,108.42,Paid
PM0008108,P00419,2026-04-01,223.24,223.24,Paid
PM0014224,P00732,2024-12-01,130.64,130.64,Paid
PM0013544,P00695,2025-04-01,547.06,547.06,Paid
PM0003284,P00163,2025-06-01,505.44,505.44,Paid
PM0008563,P00442,2024-12-01,89.15,89.15,Paid
PM0006592,P00336,2025-10-01,198.24,198.24,Paid
PM0004535,P00235,2026-02-01,410.39,410.39,Paid
PM0010615,P00543,2025-03-01,150.12,150.12,Paid
PM0008924,P00458,2026-07-01,109.32,109.32,Paid
PM0012006,P00621,2025-05-01,181.36,181.36,Paid
PM0007579,P00391,2025-12-01,341.5,0.0,Missed
PM0000154,P00009,2025-12-01,281.25,281.25,Paid
PM0001821,P00085,2024-04-01,176.78,176.78,Paid
PM0001960,P00096,2024-01-01,408.72,408.72,Paid
PM0011245,P00583,2026-02-01,68.95,68.95,Paid
PM0013900,P00712,2024-08-01,86.35,0.0,Missed
PM0007597,P00392,2026-02-01,138.49,138.49,Paid
PM0000863,P00039,2026-07-01,1099.84,1099.84,Paid
PM0006849,P00349,2025-12-01,354.57,226.69,Partial
PM0001690,P00078,2025-01-01,500.1,500.1,Paid
PM0010321,P00529,2026-01-01,279.09,279.09,Paid
PM0010742,P00549,2024-09-01,54.97,54.97,Paid
PM0004229,P00221,2023-12-01,354.54,0.0,Missed
PM0000213,P00013,2025-12-01,149.19,149.19,Paid
PM0007359,P00379,2026-06-01,273.9,273.9,Paid
PM0003490,P00172,2025-07-01,388.96,388.96,Paid
PM0008493,P00438,2026-04-01,374.73,374.73,Paid
PM0014427,P00741,2026-01-01,710.9,710.9,Paid
PM0010722,P00548,2026-05-01,679.35,679.35,Paid
PM0002186,P00107,2025-03-01,275.31,275.31,Paid
PM0006584,P00336,2025-02-01,198.24,198.24,Paid
PM0000161,P00009,2026-07-01,281.25,281.25,Paid
PM0004647,P00244,2024-09-01,138.03,138.03,Paid
PM0008035,P00416,2024-10-01,127.49,127.49,Paid
PM0010168,P00523,2025-03-01,185.15,185.15,Paid
PM0000032,P00003,2025-05-01,40.13,40.13,Paid
PM0003755,P00186,2026-06-01,100.78,100.78,Paid
PM0001693,P00078,2025-04-01,500.1,500.1,Paid
PM0004348,P00226,2023-12-01,719.63,719.63,Paid
PM0002795,P00139,2025-05-01,560.94,0.0,Missed
PM0006248,P00322,2024-10-01,105.73,105.73,Paid
PM0010348,P00532,2023-09-01,412.5,412.5,Paid
PM0012194,P00630,2025-07-01,287.44,287.44,Paid
PM0013160,P00674,2026-07-01,176.2,176.2,Paid
PM0014253,P00733,2026-02-01,118.82,118.82,Paid
PM0008023,P00416,2023-10-01,127.49,127.49,Paid
PM0004631,P00241,2026-07-01,232.67,232.67,Paid
PM0002459,P00125,2025-05-01,143.81,143.81,Paid
PM0002065,P00101,2023-06-01,1100.15,1100.15,Paid
PM0005426,P00286,2025-03-01,66.09,66.09,Paid
PM0010952,P00563,2024-03-01,142.21,142.21,Paid
PM0005097,P00268,2026-07-01,392.66,392.66,Paid
PM0006201,P00320,2025-10-01,149.0,149.0,Paid
PM0009306,P00479,2025-08-01,106.47,106.47,Paid
PM0008581,P00442,2026-06-01,89.15,89.15,Paid
PM0012877,P00661,2025-01-01,413.69,413.69,Paid
PM0010016,P00515,2024-04-01,87.15,87.15,Paid
PM0012108,P00626,2026-01-01,143.61,143.61,Paid
PM0007034,P00360,2026-02-01,259.6,259.6,Paid
PM0004390,P00228,2026-02-01,96.21,96.21,Paid
PM0010369,P00532,2025-06-01,412.5,412.5,Paid
PM0000027,P00003,2024-12-01,40.13,0.0,Missed
PM0011039,P00570,2025-02-01,159.96,159.96,Paid
PM0011373,P00590,2025-05-01,368.18,368.18,Paid
PM0001738,P00080,2024-10-01,493.08,493.08,Paid
PM0003693,P00184,2024-10-01,406.16,406.16,Paid
PM0002035,P00099,2026-06-01,706.95,706.95,Paid
PM0014289,P00736,2024-01-01,122.83,122.83,Paid
PM0011768,P00608,2026-06-01,73.34,73.34,Paid
PM0007468,P00385,2026-06-01,183.7,183.7,Paid
PM0013541,P00695,2025-01-01,547.06,547.06,Paid
PM0007939,P00411,2026-04-01,189.15,189.15,Paid
PM0011604,P00598,2025-02-01,191.48,191.48,Paid
PM0007352,P00379,2025-11-01,273.9,273.9,Paid
PM0007864,P00408,2024-09-01,137.55,137.55,Paid
PM0005435,P00286,2025-12-01,66.09,66.09,Paid
PM0010501,P00537,2025-11-01,570.54,570.54,Paid
PM0002062,P00101,2023-03-01,1100.15,1100.15,Paid
PM0008976,P00463,2026-04-01,120.66,120.66,Paid
PM0012161,P00629,2024-09-01,489.53,489.53,Paid
PM0003172,P00158,2026-05-01,516.23,516.23,Paid
PM0010790,P00551,2025-03-01,211.89,211.89,Paid
PM0008343,P00432,2026-07-01,833.55,833.55,Paid
PM0011658,P00601,2025-12-01,54.01,54.01,Paid
PM0003013,P00150,2025-04-01,66.26,66.26,Paid
PM0010426,P00535,2024-06-01,145.59,145.59,Paid
PM0002202,P00107,2026-07-01,275.31,275.31,Paid
PM0011078,P00571,2026-03-01,296.29,296.29,Paid
PM0004621,P00241,2025-09-01,232.67,232.67,Paid
PM0000297,P00015,2026-03-01,224.35,224.35,Paid
PM0014161,P00728,2024-10-01,147.25,147.25,Paid
PM0002897,P00144,2024-02-01,499.74,499.74,Paid
PM0004755,P00250,2024-01-01,70.42,70.42,Paid
PM0010392,P00533,2025-11-01,513.85,513.85,Paid
PM0010803,P00551,2026-04-01,211.89,211.89,Paid
PM0000607,P00027,2025-08-01,65.33,65.33,Paid
PM0007015,P00359,2026-02-01,394.21,394.21,Paid
PM0011117,P00575,2025-11-01,332.65,332.65,Paid
PM0008152,P00421,2026-07-01,560.92,560.92,Paid
PM0010570,P00541,2026-03-01,116.95,116.95,Paid
PM0001343,P00064,2026-06-01,0.0,0.0,Paid
PM0006513,P00334,2023-11-01,525.35,525.35,Paid
PM0013879,P00711,2025-04-01,203.34,203.34,Paid
PM0010761,P00549,2026-04-01,54.97,54.97,Paid
PM0014258,P00733,2026-07-01,118.82,118.82,Paid
PM0004688,P00246,2024-08-01,204.0,204.0,Paid
PM0003226,P00162,2023-10-01,283.27,283.27,Paid
PM0010244,P00527,2023-08-01,559.89,559.89,Paid
PM0008263,P00428,2025-07-01,71.98,71.98,Paid
PM0008273,P00428,2026-05-01,71.98,71.98,Paid
PM0008800,P00451,2026-05-01,195.14,195.14,Paid
PM0011932,P00617,2025-10-01,332.67,0.0,Missed
PM0004905,P00257,2025-12-01,229.95,0.0,Missed
PM0005328,P00282,2024-09-01,396.55,396.55,Paid
PM0010352,P00532,2024-01-01,412.5,412.5,Paid
PM0010206,P00524,2026-05-01,189.03,189.03,Paid
PM0011815,P00613,2023-09-01,192.22,192.22,Paid
PM0000840,P00038,2026-02-01,422.3,422.3,Paid
PM0000373,P00018,2025-09-01,131.65,131.65,Paid
PM0005899,P00309,2025-10-01,396.29,396.29,Paid
PM0012763,P00655,2025-09-01,156.78,156.78,Paid
PM0007731,P00400,2023-08-01,50.63,50.63,Paid
PM0013908,P00713,2024-02-01,694.25,694.25,Paid
PM0003357,P00167,2023-06-01,379.76,379.76,Paid
PM0000100,P00007,2026-05-01,495.09,495.09,Paid
PM0009934,P00511,2025-01-01,105.47,105.47,Paid
PM0011726,P00605,2025-09-01,125.98,125.98,Paid
PM0002610,P00132,2023-11-01,323.1,323.1,Paid
PM0002215,P00108,2026-06-01,422.63,422.63,Paid
PM0006078,P00316,2024-09-01,790.35,790.35,Paid
PM0009386,P00483,2025-12-01,149.54,149.54,Paid
PM0013832,P00709,2024-11-01,262.63,262.63,Paid
PM0013730,P00703,2026-06-01,218.62,218.62,Paid
PM0011177,P00578,2026-02-01,315.5,315.5,Paid
PM0013642,P00699,2026-07-01,653.3,653.3,Paid
PM0002394,P00121,2026-01-01,131.46,0.0,Missed
PM0004820,P00253,2026-04-01,160.77,160.77,Paid
PM0000281,P00015,2024-11-01,224.35,0.0,Missed
PM0000748,P00034,2025-08-01,68.03,68.03,Paid
PM0009387,P00483,2026-01-01,149.54,149.54,Paid
PM0002178,P00107,2024-07-01,275.31,275.31,Paid
PM0014489,P00744,2025-01-01,326.31,326.31,Paid
PM0012396,P00637,2025-09-01,80.81,80.81,Paid
PM0013393,P00686,2026-01-01,187.22,187.22,Paid
PM0006397,P00327,2025-09-01,428.66,428.66,Paid
PM0014430,P00741,2026-04-01,710.9,710.9,Paid
PM0008890,P00455,2026-06-01,485.69,485.69,Paid
PM0009242,P00477,2023-10-01,708.84,708.84,Paid
PM0001774,P00081,2026-05-01,316.18,316.18,Paid
PM0000928,P00043,2025-06-01,536.29,536.29,Paid
PM0013456,P00690,2026-03-01,357.85,357.85,Paid
PM0002390,P00121,2025-09-01,131.46,131.46,Paid
PM0012510,P00642,2026-03-01,421.15,421.15,Paid
PM0013910,P00713,2024-04-01,694.25,694.25,Paid
PM0000445,P00021,2025-06-01,195.65,195.65,Paid
PM0011298,P00587,2026-03-01,63.77,63.77,Paid
PM0011782,P00609,2025-06-01,446.21,314.44,Partial
PM0008870,P00454,2025-04-01,258.55,258.55,Paid
PM0007392,P00381,2025-07-01,137.11,0.0,Missed
PM0006168,P00319,2026-01-01,375.44,375.44,Paid
PM0004238,P00221,2024-09-01,354.54,354.54,Paid
PM0003519,P00173,2024-06-01,247.69,247.69,Paid
PM0010785,P00550,2026-03-01,158.06,158.06,Paid
PM0009370,P00483,2024-08-01,149.54,149.54,Paid
PM0013681,P00700,2026-04-01,330.96,330.96,Paid
PM0002097,P00103,2023-09-01,836.1,836.1,Paid
PM0011463,P00593,2025-04-01,142.88,142.88,Paid
PM0008182,P00425,2025-12-01,95.32,95.32,Paid
PM0012109,P00626,2026-02-01,143.61,143.61,Paid
PM0013735,P00704,2025-05-01,243.78,243.78,Paid
PM0009707,P00501,2024-08-01,518.28,518.28,Paid
PM0001165,P00054,2025-03-01,148.34,148.34,Paid
PM0000613,P00027,2026-02-01,65.33,65.33,Paid
PM0000030,P00003,2025-03-01,40.13,40.13,Paid
PM0011082,P00571,2026-07-01,296.29,296.29,Paid
PM0004169,P00214,2025-07-01,377.99,377.99,Paid
PM0001728,P00080,2023-12-01,493.08,493.08,Paid
PM0013161,P00675,2025-06-01,119.39,119.39,Paid
PM0001816,P00085,2023-11-01,176.78,0.0,Missed
PM0011938,P00617,2026-04-01,332.67,332.67,Paid
PM0003440,P00170,2025-01-01,388.44,0.0,Missed
PM0010003,P00514,2026-06-01,208.68,208.68,Paid
PM0005133,P00271,2024-12-01,286.75,286.75,Paid
PM0011531,P00596,2023-11-01,174.96,174.96,Paid
PM0012892,P00661,2026-04-01,413.69,413.69,Paid
PM0009782,P00503,2025-08-01,165.85,165.85,Paid
PM0003952,P00200,2025-06-01,352.42,0.0,Missed
PM0004781,P00250,2026-03-01,70.42,70.42,Paid
PM0011584,P00598,2023-06-01,191.48,191.48,Paid
PM0002040,P00100,2024-12-01,386.41,386.41,Paid
PM0013037,P00669,2026-05-01,155.92,155.92,Paid
PM0004149,P00211,2026-04-01,481.39,481.39,Paid
PM0005164,P00272,2025-04-01,176.81,176.81,Paid
PM0011065,P00571,2025-02-01,296.29,296.29,Paid
PM0010810,P00552,2024-07-01,1031.65,1031.65,Paid
PM0002731,P00137,2025-03-01,166.98,166.98,Paid
PM0003407,P00168,2025-06-01,236.69,236.69,Paid
PM0014023,P00720,2025-11-01,339.91,339.91,Paid
PM0001054,P00048,2024-12-01,243.93,243.93,Paid
PM0002367,P00118,2024-04-01,372.74,372.74,Paid
PM0004835,P00254,2025-11-01,311.13,311.13,Paid
PM0001669,P00078,2023-04-01,500.1,500.1,Paid
PM0005694,P00302,2026-06-01,293.34,293.34,Paid
PM0005247,P00275,2024-12-01,181.0,181.0,Paid
PM0009532,P00489,2025-11-01,516.02,0.0,Missed
PM0003188,P00159,2026-02-01,121.97,121.97,Paid
PM0003912,P00198,2026-03-01,269.68,269.68,Paid
PM0005171,P00272,2025-11-01,176.81,176.81,Paid
PM0005946,P00311,2026-01-01,179.72,179.72,Paid
PM0005836,P00306,2025-06-01,227.92,227.92,Paid
PM0014352,P00738,2025-08-01,544.15,544.15,Paid
PM0002759,P00138,2025-07-01,75.47,75.47,Paid
PM0007418,P00383,2025-09-01,269.0,269.0,Paid
PM0009016,P00466,2025-06-01,167.02,167.02,Paid
PM0010813,P00552,2024-10-01,1031.65,1031.65,Paid
PM0002163,P00107,2023-04-01,275.31,0.0,Missed
PM0011084,P00572,2024-09-01,619.24,336.71,Partial
PM0008256,P00428,2024-12-01,71.98,71.98,Paid
PM0014533,P00747,2026-07-01,149.96,149.96,Paid
PM0005610,P00299,2025-04-01,121.63,121.63,Paid
PM0001442,P00067,2025-03-01,198.85,198.85,Paid
PM0000998,P00046,2023-06-01,408.98,408.98,Paid
PM0001714,P00079,2025-07-01,234.25,234.25,Paid
PM0003368,P00167,2024-05-01,379.76,379.76,Paid
PM0009718,P00501,2025-07-01,518.28,518.28,Paid
PM0009508,P00488,2025-08-01,253.1,253.1,Paid
PM0000006,P00001,2026-02-01,86.9,86.9,Paid
PM0006652,P00340,2025-06-01,163.98,163.98,Paid
PM0011432,P00592,2025-08-01,136.15,136.15,Paid
PM0002258,P00113,2023-10-01,16.19,16.19,Paid
PM0011718,P00605,2025-01-01,125.98,125.98,Paid
PM0002304,P00116,2024-05-01,303.7,303.7,Paid
PM0014381,P00739,2024-06-01,147.41,147.41,Paid
PM0003462,P00171,2024-04-01,608.31,608.31,Paid
PM0009945,P00511,2025-12-01,105.47,105.47,Paid
PM0001191,P00055,2024-03-01,480.85,480.85,Paid
PM0014417,P00740,2026-04-01,758.16,758.16,Paid
PM0009419,P00485,2024-07-01,288.29,288.29,Paid
PM0009535,P00489,2026-02-01,516.02,516.02,Paid
PM0004555,P00236,2026-03-01,768.82,768.82,Paid
PM0008482,P00438,2025-05-01,374.73,374.73,Paid
PM0011956,P00619,2023-10-01,377.2,377.2,Paid
PM0008558,P00442,2024-07-01,89.15,89.15,Paid
PM0000874,P00040,2025-05-01,362.78,0.0,Missed
PM0000430,P00021,2024-03-01,195.65,195.65,Paid
PM0005867,P00308,2025-12-01,245.65,245.65,Paid
PM0006085,P00316,2025-04-01,790.35,790.35,Paid
PM0014131,P00727,2025-04-01,87.81,87.81,Paid
PM0006298,P00325,2023-11-01,59.23,59.23,Paid
PM0013285,P00682,2026-03-01,511.43,511.43,Paid
PM0007078,P00364,2024-11-01,492.7,492.7,Paid
PM0004067,P00209,2025-06-01,147.59,147.59,Paid
PM0010314,P00529,2025-06-01,279.09,279.09,Paid
PM0004228,P00221,2023-11-01,354.54,354.54,Paid
PM0010997,P00567,2025-06-01,85.61,85.61,Paid
PM0008505,P00440,2025-01-01,373.63,373.63,Paid
PM0000133,P00009,2024-03-01,281.25,281.25,Paid
PM0001476,P00068,2025-04-01,397.96,397.96,Paid
PM0008039,P00416,2025-02-01,127.49,0.0,Missed
PM0002600,P00131,2026-07-01,359.57,359.57,Paid
PM0004409,P00229,2024-05-01,486.41,486.41,Paid
PM0006041,P00315,2025-01-01,113.63,113.63,Paid
PM0005304,P00280,2025-10-01,98.47,98.47,Paid
PM0011453,P00593,2024-06-01,142.88,142.88,Paid
PM0001126,P00051,2026-03-01,272.05,0.0,Missed
PM0001686,P00078,2024-09-01,500.1,0.0,Missed
PM0011007,P00567,2026-04-01,85.61,85.61,Paid
PM0010516,P00538,2025-03-01,199.22,199.22,Paid
PM0007390,P00381,2025-05-01,137.11,0.0,Missed
PM0009942,P00511,2025-09-01,105.47,105.47,Paid
PM0009255,P00477,2024-11-01,708.84,708.84,Paid
PM0009817,P00505,2024-03-01,201.93,201.93,Paid
PM0003187,P00159,2026-01-01,121.97,121.97,Paid
PM0009561,P00491,2026-01-01,236.06,236.06,Paid
PM0006491,P00332,2025-10-01,122.94,122.94,Paid
PM0013106,P00672,2025-11-01,77.27,77.27,Paid
PM0001865,P00088,2023-10-01,442.24,138.57,Partial
PM0010025,P00515,2025-01-01,87.15,87.15,Paid
PM0014303,P00736,2025-03-01,122.83,122.83,Paid
PM0011098,P00572,2025-11-01,619.24,619.24,Paid
PM0002773,P00139,2023-07-01,560.94,560.94,Paid
PM0009317,P00479,2026-07-01,106.47,106.47,Paid
PM0006181,P00320,2024-02-01,149.0,149.0,Paid
PM0005491,P00290,2025-07-01,564.15,564.15,Paid
PM0009918,P00510,2025-12-01,375.08,375.08,Paid
PM0014026,P00721,2024-05-01,248.01,248.01,Paid
PM0009804,P00504,2026-01-01,604.93,604.93,Paid
PM0005970,P00312,2024-09-01,199.07,199.07,Paid
PM0007120,P00366,2026-07-01,141.93,141.93,Paid
PM0006977,P00357,2025-08-01,429.74,429.74,Paid
PM0001569,P00073,2024-10-01,35.19,35.19,Paid
PM0007168,P00370,2024-08-01,138.19,138.19,Paid
PM0010908,P00561,2025-11-01,75.19,39.26,Partial
PM0009321,P00480,2025-11-01,671.59,671.59,Paid
PM0011683,P00603,2026-04-01,274.0,274.0,Paid
PM0014453,P00743,2025-06-01,540.59,540.59,Paid
PM0012614,P00649,2024-08-01,246.64,246.64,Paid
PM0009124,P00471,2024-07-01,337.78,337.78,Paid
PM0003151,P00157,2024-07-01,347.53,347.53,Paid
PM0008410,P00436,2024-02-01,410.56,410.56,Paid
PM0006869,P00350,2026-01-01,338.69,338.69,Paid
PM0004809,P00252,2026-03-01,228.86,228.86,Paid
PM0000903,P00041,2026-04-01,444.37,444.37,Paid
PM0013446,P00688,2026-07-01,532.63,532.63,Paid
PM0010310,P00529,2025-02-01,279.09,279.09,Paid
PM0014345,P00738,2025-01-01,544.15,544.15,Paid
PM0003784,P00190,2025-05-01,488.35,488.35,Paid
PM0006134,P00318,2023-09-01,212.45,212.45,Paid
PM0010630,P00543,2026-06-01,150.12,150.12,Paid
PM0007077,P00364,2024-10-01,492.7,492.7,Paid
PM0002609,P00132,2023-10-01,323.1,323.1,Paid
PM0002200,P00107,2026-05-01,275.31,275.31,Paid
PM0014006,P00720,2024-06-01,339.91,245.1,Partial
PM0002411,P00123,2025-11-01,697.83,697.83,Paid
PM0000197,P00013,2024-08-01,149.19,149.19,Paid
PM0008354,P00434,2023-12-01,639.88,639.88,Paid
PM0002841,P00141,2026-07-01,530.16,530.16,Paid
PM0001662,P00077,2026-01-01,179.71,179.71,Paid
PM0014245,P00733,2025-06-01,118.82,118.82,Paid
PM0005695,P00302,2026-07-01,293.34,293.34,Paid
PM0001742,P00080,2025-02-01,493.08,493.08,Paid
PM0004790,P00251,2026-05-01,601.29,601.29,Paid
PM0009261,P00477,2025-05-01,708.84,708.84,Paid
PM0012836,P00659,2026-03-01,246.65,246.65,Paid
PM0002750,P00138,2024-10-01,75.47,75.47,Paid
PM0004239,P00221,2024-10-01,354.54,354.54,Paid
PM0012815,P00657,2025-10-01,126.71,126.71,Paid
PM0003395,P00168,2024-06-01,236.69,74.17,Partial
PM0009614,P00494,2025-07-01,666.1,666.1,Paid
PM0009530,P00489,2025-09-01,516.02,516.02,Paid
PM0010010,P00515,2023-10-01,87.15,87.15,Paid
PM0011363,P00589,2026-06-01,180.3,180.3,Paid
PM0013848,P00709,2026-03-01,262.63,262.63,Paid
PM0004881,P00257,2023-12-01,229.95,229.95,Paid
PM0014232,P00732,2025-08-01,130.64,130.64,Paid
PM0005117,P00270,2025-12-01,117.73,117.73,Paid
PM0006331,P00326,2023-04-01,203.51,203.51,Paid
PM0007890,P00409,2025-12-01,115.73,115.73,Paid
PM0012216,P00631,2025-03-01,315.0,315.0,Paid
PM0004218,P00221,2023-01-01,354.54,354.54,Paid
PM0005649,P00301,2023-10-01,157.4,157.4,Paid
PM0003510,P00173,2023-09-01,247.69,247.69,Paid
PM0009510,P00488,2025-10-01,253.1,253.1,Paid
PM0011163,P00578,2024-12-01,315.5,315.5,Paid
PM0009267,P00477,2025-11-01,708.84,708.84,Paid
PM0014041,P00721,2025-08-01,248.01,248.01,Paid
PM0000229,P00014,2023-11-01,207.74,207.74,Paid
PM0012840,P00659,2026-07-01,246.65,246.65,Paid
PM0007443,P00384,2026-05-01,545.23,545.23,Paid
PM0000020,P00002,2024-01-01,321.5,321.5,Paid
PM0008185,P00425,2026-03-01,95.32,95.32,Paid
PM0010424,P00535,2024-04-01,145.59,145.59,Paid
PM0006642,P00340,2024-08-01,163.98,163.98,Paid
PM0006092,P00316,2025-11-01,790.35,790.35,Paid
PM0014319,P00736,2026-07-01,122.83,122.83,Paid
PM0006665,P00340,2026-07-01,163.98,163.98,Paid
PM0012203,P00630,2026-04-01,287.44,287.44,Paid
PM0000184,P00010,2026-03-01,181.56,181.56,Paid
PM0003524,P00173,2024-11-01,247.69,247.69,Paid
PM0000090,P00007,2025-07-01,495.09,495.09,Paid
PM0000783,P00036,2025-06-01,543.71,0.0,Missed
PM0003192,P00159,2026-06-01,121.97,121.97,Paid
PM0011461,P00593,2025-02-01,142.88,142.88,Paid
PM0004789,P00251,2026-04-01,601.29,0.0,Missed
PM0002626,P00132,2025-03-01,323.1,323.1,Paid
PM0011745,P00607,2025-08-01,143.64,143.64,Paid
PM0001555,P00071,2026-03-01,410.51,0.0,Missed
PM0007347,P00379,2025-06-01,273.9,0.0,Missed
PM0002173,P00107,2024-02-01,275.31,275.31,Paid
PM0000720,P00033,2025-01-01,70.59,70.59,Paid
PM0014223,P00732,2024-11-01,130.64,130.64,Paid
PM0006928,P00353,2024-10-01,81.36,0.0,Missed
PM0003501,P00172,2026-06-01,388.96,388.96,Paid
PM0007810,P00404,2024-10-01,661.28,229.99,Partial
PM0002478,P00126,2026-05-01,184.68,184.68,Paid
PM0001957,P00096,2023-10-01,408.72,408.72,Paid
PM0000357,P00018,2024-05-01,131.65,131.65,Paid
PM0001633,P00077,2023-08-01,179.71,179.71,Paid
PM0000193,P00012,2026-04-01,142.4,142.4,Paid
PM0010867,P00556,2026-03-01,471.16,471.16,Paid
PM0000272,P00015,2024-02-01,224.35,224.35,Paid
PM0007748,P00401,2024-08-01,309.09,309.09,Paid
PM0009504,P00488,2025-04-01,253.1,253.1,Paid
PM0006596,P00337,2024-09-01,119.24,119.24,Paid
PM0000961,P00044,2025-11-01,205.22,0.0,Missed
PM0011964,P00619,2024-06-01,377.2,377.2,Paid
PM0000528,P00025,2025-07-01,170.93,170.93,Paid
PM0007263,P00374,2025-11-01,115.5,115.5,Paid
PM0001520,P00069,2025-10-01,143.01,143.01,Paid
PM0014561,P00749,2025-06-01,243.11,0.0,Missed
PM0012717,P00652,2026-06-01,687.04,687.04,Paid
PM0003833,P00191,2026-01-01,295.15,295.15,Paid
PM0005550,P00295,2026-02-01,314.75,314.75,Paid
PM0013260,P00681,2025-11-01,187.31,187.31,Paid
PM0007194,P00371,2025-08-01,233.81,0.0,Missed
PM0012700,P00652,2025-01-01,687.04,687.04,Paid
PM0003761,P00188,2026-06-01,151.72,0.0,Missed
PM0012458,P00639,2026-05-01,117.84,117.84,Paid
PM0002691,P00135,2026-03-01,168.03,168.03,Paid
PM0010001,P00514,2026-04-01,208.68,208.68,Paid
PM0010339,P00531,2026-01-01,390.73,390.73,Paid
PM0011991,P00620,2025-08-01,494.94,494.94,Paid
PM0005959,P00312,2023-10-01,199.07,199.07,Paid
PM0013403,P00687,2023-06-01,157.79,157.79,Paid
PM0010338,P00531,2025-12-01,390.73,0.0,Missed
PM0001543,P00070,2026-05-01,85.97,85.97,Paid
PM0012856,P00660,2025-06-01,245.23,245.23,Paid
PM0002433,P00124,2025-03-01,714.19,714.19,Paid
PM0005209,P00274,2025-05-01,208.87,208.87,Paid
PM0013990,P00719,2023-08-01,137.75,137.75,Paid
PM0010443,P00535,2025-11-01,145.59,145.59,Paid
PM0012126,P00627,2025-04-01,193.55,193.55,Paid
PM0009865,P00508,2025-06-01,633.22,633.22,Paid
PM0004899,P00257,2025-06-01,229.95,229.95,Paid
PM0004094,P00210,2025-03-01,422.89,422.89,Paid
PM0014056,P00722,2026-07-01,189.68,189.68,Paid
PM0000329,P00016,2025-09-01,180.43,180.43,Paid
PM0000897,P00041,2025-10-01,444.37,444.37,Paid
PM0012854,P00660,2025-04-01,245.23,245.23,Paid
PM0005067,P00267,2024-04-01,86.79,86.79,Paid
PM0009701,P00500,2025-08-01,102.77,42.78,Partial
PM0013165,P00675,2025-10-01,119.39,119.39,Paid
PM0009534,P00489,2026-01-01,516.02,516.02,Paid
PM0001161,P00054,2024-11-01,148.34,148.34,Paid
PM0013781,P00706,2025-07-01,257.22,257.22,Paid
PM0005013,P00263,2025-09-01,678.47,678.47,Paid
PM0007608,P00393,2025-05-01,834.88,834.88,Paid
PM0013292,P00683,2024-03-01,256.4,81.61,Partial
PM0011894,P00616,2025-09-01,648.72,648.72,Paid
PM0011599,P00598,2024-09-01,191.48,191.48,Paid
PM0007626,P00394,2026-06-01,65.61,0.0,Missed
PM0008603,P00444,2024-04-01,160.87,160.87,Paid
PM0012993,P00667,2026-07-01,232.57,232.57,Paid
PM0012294,P00634,2023-07-01,347.04,347.04,Paid
PM0011602,P00598,2024-12-01,191.48,191.48,Paid
PM0009150,P00472,2025-02-01,256.58,0.0,Missed
PM0011313,P00588,2025-01-01,743.35,0.0,Missed
PM0011195,P00580,2026-03-01,140.73,140.73,Paid
PM0008847,P00453,2026-05-01,685.23,685.23,Paid
PM0013982,P00717,2026-05-01,472.17,472.17,Paid
PM0004698,P00246,2025-06-01,204.0,204.0,Paid
PM0012079,P00625,2024-05-01,177.27,137.12,Partial
PM0010503,P00537,2026-01-01,570.54,570.54,Paid
PM0006713,P00343,2023-11-01,97.41,97.41,Paid
PM0012851,P00660,2025-01-01,245.23,245.23,Paid
PM0009710,P00501,2024-11-01,518.28,518.28,Paid
PM0013892,P00711,2026-05-01,203.34,203.34,Paid
PM0014116,P00725,2025-11-01,428.12,428.12,Paid
PM0011355,P00589,2025-10-01,180.3,121.68,Partial
PM0009910,P00510,2025-04-01,375.08,375.08,Paid
PM0013391,P00686,2025-11-01,187.22,187.22,Paid
PM0004416,P00229,2024-12-01,486.41,486.41,Paid
PM0008407,P00436,2023-11-01,410.56,410.56,Paid
PM0003557,P00175,2026-03-01,349.51,349.51,Paid
PM0007499,P00389,2023-05-01,270.03,270.03,Paid
PM0003955,P00200,2025-09-01,352.42,352.42,Paid
PM0011156,P00578,2024-05-01,315.5,315.5,Paid
PM0010982,P00566,2025-05-01,572.96,572.96,Paid
PM0011714,P00605,2024-09-01,125.98,125.98,Paid
PM0013578,P00696,2025-10-01,104.7,104.7,Paid
PM0008138,P00421,2025-05-01,560.92,560.92,Paid
PM0002826,P00140,2025-11-01,584.86,584.86,Paid
PM0000300,P00015,2026-06-01,224.35,224.35,Paid
PM0009619,P00494,2025-12-01,666.1,666.1,Paid
PM0012498,P00641,2026-06-01,309.29,309.29,Paid
PM0006497,P00332,2026-04-01,122.94,122.94,Paid
PM0001782,P00082,2025-03-01,174.81,174.81,Paid
PM0003916,P00198,2026-07-01,269.68,269.68,Paid
PM0004702,P00246,2025-10-01,204.0,204.0,Paid
PM0009828,P00506,2025-05-01,62.5,0.0,Missed
PM0002702,P00136,2024-10-01,349.29,0.0,Missed
PM0009975,P00513,2025-10-01,80.59,80.59,Paid
PM0009555,P00490,2026-05-01,45.05,0.0,Missed
PM0010585,P00542,2024-12-01,177.89,177.89,Paid
PM0004640,P00243,2026-04-01,235.74,235.74,Paid
PM0009889,P00509,2025-03-01,191.4,191.4,Paid
PM0008755,P00450,2026-02-01,465.35,465.35,Paid
PM0005645,P00301,2023-06-01,157.4,157.4,Paid
PM0014145,P00727,2026-06-01,87.81,87.81,Paid
PM0007674,P00397,2024-11-01,230.57,230.57,Paid
PM0010096,P00519,2024-11-01,429.63,429.63,Paid
PM0009578,P00492,2024-02-01,836.82,836.82,Paid
PM0003488,P00171,2026-06-01,608.31,608.31,Paid
PM0005625,P00299,2026-07-01,121.63,121.63,Paid
PM0001997,P00097,2026-02-01,539.09,539.09,Paid
PM0006327,P00325,2026-04-01,59.23,0.0,Missed
PM0008205,P00426,2026-01-01,240.12,0.0,Missed
PM0001163,P00054,2025-01-01,148.34,148.34,Paid
PM0014049,P00721,2026-04-01,248.01,248.01,Paid
PM0012819,P00657,2026-02-01,126.71,126.71,Paid
PM0007305,P00378,2024-06-01,521.31,521.31,Paid
PM0006581,P00336,2024-11-01,198.24,0.0,Missed
PM0007759,P00402,2024-02-01,234.54,0.0,Missed
PM0005636,P00300,2025-12-01,297.62,297.62,Paid
PM0005445,P00287,2025-01-01,183.69,183.69,Paid
PM0011698,P00604,2025-05-01,1040.1,1040.1,Paid
PM0002502,P00127,2025-11-01,117.63,117.63,Paid
PM0011172,P00578,2025-09-01,315.5,315.5,Paid
PM0004337,P00225,2026-07-01,210.95,210.95,Paid
PM0008974,P00463,2026-02-01,120.66,120.66,Paid
PM0008610,P00444,2024-11-01,160.87,160.87,Paid
PM0012476,P00640,2026-03-01,172.35,172.35,Paid
PM0010153,P00522,2025-05-01,478.26,478.26,Paid
PM0013267,P00682,2024-09-01,511.43,511.43,Paid
PM0003897,P00197,2025-11-01,810.95,0.0,Missed
PM0002213,P00108,2026-04-01,422.63,422.63,Paid
PM0010033,P00515,2025-09-01,87.15,87.15,Paid
PM0003931,P00199,2024-11-01,381.36,381.36,Paid
PM0014036,P00721,2025-03-01,248.01,248.01,Paid
PM0002091,P00102,2026-04-01,406.58,406.58,Paid
PM0002037,P00100,2024-09-01,386.41,174.62,Partial
PM0013157,P00674,2026-04-01,176.2,176.2,Paid
PM0009690,P00498,2026-07-01,514.18,514.18,Paid
PM0012374,P00636,2025-04-01,152.85,152.85,Paid
PM0012726,P00653,2025-10-01,211.59,211.59,Paid
PM0009492,P00487,2025-09-01,378.75,378.75,Paid
PM0010956,P00563,2024-07-01,142.21,142.21,Paid
PM0006158,P00318,2025-09-01,212.45,212.45,Paid
PM0009925,P00511,2024-04-01,105.47,105.47,Paid
PM0013523,P00695,2023-07-01,547.06,547.06,Paid
PM0007697,P00398,2026-01-01,185.56,185.56,Paid
PM0002269,P00113,2024-09-01,16.19,16.19,Paid
PM0007936,P00411,2026-01-01,189.15,189.15,Paid
PM0005393,P00284,2025-07-01,554.65,554.65,Paid
PM0004684,P00246,2024-04-01,204.0,204.0,Paid
PM0005994,P00313,2026-01-01,251.91,251.91,Paid
PM0011662,P00601,2026-04-01,54.01,54.01,Paid
PM0001390,P00066,2024-03-01,343.28,343.28,Paid
PM0004629,P00241,2026-05-01,232.67,232.67,Paid
PM0010535,P00539,2025-04-01,220.03,220.03,Paid
PM0006881,P00351,2023-09-01,467.05,467.05,Paid
PM0011925,P00617,2025-03-01,332.67,332.67,Paid
PM0009237,P00477,2023-05-01,708.84,708.84,Paid
PM0001174,P00054,2025-12-01,148.34,148.34,Paid
PM0013147,P00674,2025-06-01,176.2,0.0,Missed
PM0005739,P00304,2024-05-01,134.64,134.64,Paid
PM0012692,P00652,2024-05-01,687.04,687.04,Paid
PM0011914,P00617,2024-04-01,332.67,332.67,Paid
PM0003794,P00190,2026-03-01,488.35,488.35,Paid
PM0011573,P00597,2026-01-01,196.66,196.66,Paid
PM0003373,P00167,2024-10-01,379.76,379.76,Paid
PM0005058,P00266,2025-12-01,547.51,547.51,Paid
PM0010797,P00551,2025-10-01,211.89,211.89,Paid
PM0009711,P00501,2024-12-01,518.28,169.24,Partial
PM0012349,P00635,2025-12-01,102.05,33.47,Partial
PM0010004,P00514,2026-07-01,208.68,208.68,Paid
PM0010323,P00529,2026-03-01,279.09,279.09,Paid
PM0010685,P00545,2026-06-01,191.08,191.08,Paid
PM0004031,P00207,2025-02-01,95.37,95.37,Paid
PM0008725,P00449,2024-03-01,33.62,24.03,Partial
PM0004792,P00251,2026-07-01,601.29,601.29,Paid
PM0008807,P00452,2024-03-01,196.49,196.49,Paid
PM0009340,P00482,2025-05-01,168.92,168.92,Paid
PM0009092,P00469,2025-07-01,458.43,458.43,Paid
PM0002088,P00102,2026-01-01,406.58,406.58,Paid
PM0010134,P00521,2025-03-01,21.45,21.45,Paid
PM0001420,P00067,2023-05-01,198.85,198.85,Paid
PM0012598,P00647,2026-03-01,199.76,199.76,Paid
PM0000008,P00001,2026-04-01,86.9,0.0,Missed
PM0001524,P00069,2026-02-01,143.01,143.01,Paid
PM0005278,P00277,2026-06-01,119.7,119.7,Paid
PM0011388,P00591,2024-05-01,157.95,157.95,Paid
PM0006265,P00322,2026-03-01,105.73,105.73,Paid
PM0008879,P00454,2026-01-01,258.55,258.55,Paid
PM0007872,P00408,2025-05-01,137.55,137.55,Paid
PM0002907,P00144,2024-12-01,499.74,499.74,Paid
PM0010468,P00536,2026-03-01,0.0,0.0,Paid
PM0012346,P00635,2025-09-01,102.05,102.05,Paid
PM0009926,P00511,2024-05-01,105.47,105.47,Paid
PM0004060,P00208,2026-05-01,180.53,180.53,Paid
PM0003434,P00170,2024-07-01,388.44,163.5,Partial
PM0003276,P00163,2024-10-01,505.44,505.44,Paid
PM0006359,P00326,2025-08-01,203.51,203.51,Paid
PM0012265,P00632,2025-11-01,213.13,213.13,Paid
PM0000325,P00016,2025-05-01,180.43,180.43,Paid
PM0003850,P00194,2024-03-01,765.13,765.13,Paid
PM0003767,P00189,2026-07-01,204.74,204.74,Paid
PM0008379,P00434,2026-01-01,639.88,639.88,Paid
PM0008707,P00447,2023-12-01,817.77,817.77,Paid
PM0005029,P00264,2026-04-01,170.2,0.0,Missed
PM0013817,P00708,2025-09-01,180.72,180.72,Paid
PM0008438,P00436,2026-06-01,410.56,0.0,Missed
PM0012473,P00640,2025-12-01,172.35,172.35,Paid
PM0008911,P00457,2026-03-01,138.98,138.98,Paid
PM0002723,P00137,2024-07-01,166.98,166.98,Paid
PM0013795,P00707,2025-11-01,442.88,0.0,Missed
PM0007425,P00383,2026-04-01,269.0,269.0,Paid
PM0009153,P00472,2025-05-01,256.58,256.58,Paid
PM0009947,P00511,2026-02-01,105.47,105.47,Paid
PM0001994,P00097,2025-11-01,539.09,539.09,Paid
PM0003898,P00197,2025-12-01,810.95,527.92,Partial
PM0012305,P00634,2024-06-01,347.04,347.04,Paid
PM0013434,P00687,2026-01-01,157.79,0.0,Missed
PM0006391,P00327,2025-03-01,428.66,428.66,Paid
PM0013386,P00686,2025-06-01,187.22,187.22,Paid
PM0012061,P00624,2025-12-01,918.51,300.37,Partial
PM0014174,P00729,2025-06-01,122.57,122.57,Paid
PM0007769,P00402,2024-12-01,234.54,234.54,Paid
PM0014241,P00732,2026-05-01,130.64,130.64,Paid
PM0009374,P00483,2024-12-01,149.54,149.54,Paid
PM0011288,P00586,2025-12-01,835.48,835.48,Paid
PM0000980,P00045,2025-03-01,217.69,217.69,Paid
PM0006726,P00343,2024-12-01,97.41,97.41,Paid
PM0011830,P00614,2023-01-01,82.1,82.1,Paid
PM0003629,P00182,2026-02-01,226.88,226.88,Paid
PM0006474,P00331,2025-12-01,100.4,100.4,Paid
PM0008767,P00451,2023-08-01,195.14,195.14,Paid
PM0012199,P00630,2025-12-01,287.44,287.44,Paid
PM0010118,P00520,2024-03-01,52.54,52.54,Paid
PM0010850,P00554,2026-02-01,46.23,46.23,Paid
PM0004465,P00232,2024-09-01,449.75,449.75,Paid
PM0012342,P00635,2025-05-01,102.05,102.05,Paid
PM0001315,P00060,2026-03-01,387.34,0.0,Missed
PM0013380,P00686,2024-12-01,187.22,187.22,Paid
PM0012271,P00632,2026-05-01,213.13,213.13,Paid
PM0010228,P00525,2025-09-01,29.64,29.64,Paid
PM0003933,P00200,2023-11-01,352.42,352.42,Paid
PM0012343,P00635,2025-06-01,102.05,102.05,Paid
PM0003414,P00168,2026-01-01,236.69,236.69,Paid
PM0007272,P00375,2026-02-01,175.07,175.07,Paid
PM0005927,P00311,2024-06-01,179.72,179.72,Paid
PM0004594,P00239,2025-10-01,151.43,151.43,Paid
PM0007029,P00360,2025-09-01,259.6,259.6,Paid
PM0009806,P00504,2026-03-01,604.93,604.93,Paid
PM0010518,P00538,2025-05-01,199.22,199.22,Paid
PM0002831,P00140,2026-04-01,584.86,584.86,Paid
PM0002070,P00102,2024-07-01,406.58,406.58,Paid
PM0012330,P00635,2024-05-01,102.05,102.05,Paid
PM0008717,P00448,2026-05-01,387.88,387.88,Paid
PM0010277,P00527,2026-05-01,559.89,559.89,Paid
PM0012298,P00634,2023-11-01,347.04,347.04,Paid
PM0014236,P00732,2025-12-01,130.64,130.64,Paid
PM0009937,P00511,2025-04-01,105.47,105.47,Paid
PM0006103,P00317,2024-09-01,140.28,140.28,Paid
PM0005797,P00305,2025-10-01,258.23,258.23,Paid
PM0001220,P00056,2024-06-01,259.01,259.01,Paid
PM0001426,P00067,2023-11-01,198.85,198.85,Paid
PM0012944,P00664,2026-02-01,74.73,74.73,Paid
PM0012225,P00631,2025-12-01,315.0,315.0,Paid
PM0004171,P00214,2025-09-01,377.99,377.99,Paid
PM0006633,P00338,2025-06-01,127.34,0.0,Missed
PM0014452,P00743,2025-05-01,540.59,540.59,Paid
PM0011811,P00612,2026-05-01,744.62,744.62,Paid
PM0007266,P00374,2026-02-01,115.5,115.5,Paid
PM0004301,P00224,2024-12-01,642.21,642.21,Paid
PM0007275,P00375,2026-05-01,175.07,175.07,Paid
PM0003343,P00166,2025-06-01,263.35,263.35,Paid
PM0010556,P00541,2025-01-01,116.95,116.95,Paid
PM0001618,P00076,2025-12-01,588.77,588.77,Paid
PM0000002,P00001,2025-10-01,86.9,86.9,Paid
PM0005315,P00281,2025-09-01,44.33,15.11,Partial
PM0007960,P00413,2024-05-01,357.69,153.02,Partial
PM0006296,P00325,2023-09-01,59.23,59.23,Paid
PM0000870,P00040,2025-01-01,362.78,362.78,Paid
PM0013975,P00716,2026-06-01,205.59,205.59,Paid
PM0000033,P00003,2025-06-01,40.13,40.13,Paid
PM0010942,P00562,2026-03-01,285.53,285.53,Paid
PM0006866,P00350,2025-10-01,338.69,338.69,Paid
PM0007132,P00367,2026-05-01,613.85,272.19,Partial
PM0012072,P00625,2023-10-01,177.27,177.27,Paid
PM0011307,P00588,2024-07-01,743.35,743.35,Paid
PM0012870,P00661,2024-06-01,413.69,413.69,Paid
PM0010869,P00557,2024-01-01,321.82,321.82,Paid
PM0007528,P00389,2025-10-01,270.03,270.03,Paid
PM0007361,P00380,2024-12-01,367.3,0.0,Missed
PM0005543,P00295,2025-07-01,314.75,314.75,Paid
PM0005947,P00311,2026-02-01,179.72,179.72,Paid
PM0003521,P00173,2024-08-01,247.69,247.69,Paid
PM0010364,P00532,2025-01-01,412.5,412.5,Paid
PM0009320,P00480,2025-10-01,671.59,530.93,Partial
PM0000990,P00045,2026-01-01,217.69,0.0,Missed
PM0004181,P00214,2026-07-01,377.99,377.99,Paid
PM0007774,P00402,2025-05-01,234.54,0.0,Missed
PM0004461,P00232,2024-05-01,449.75,449.75,Paid
PM0012504,P00642,2025-09-01,421.15,421.15,Paid
PM0010614,P00543,2025-02-01,150.12,150.12,Paid
PM0010179,P00524,2024-02-01,189.03,189.03,Paid
PM0003992,P00203,2026-06-01,231.55,231.55,Paid
PM0009924,P00511,2024-03-01,105.47,105.47,Paid
PM0011376,P00590,2025-08-01,368.18,368.18,Paid
PM0002241,P00112,2025-07-01,402.19,402.19,Paid
PM0006939,P00353,2025-09-01,81.36,81.36,Paid
PM0008261,P00428,2025-05-01,71.98,0.0,Missed
PM0008285,P00429,2024-12-01,306.99,306.99,Paid
PM0013621,P00698,2025-08-01,286.36,286.36,Paid
PM0006336,P00326,2023-09-01,203.51,203.51,Paid
PM0004201,P00218,2026-05-01,617.01,617.01,Paid
PM0011237,P00583,2025-06-01,68.95,68.95,Paid
PM0007518,P00389,2024-12-01,270.03,270.03,Paid
PM0000125,P00008,2026-01-01,317.11,317.11,Paid
PM0007150,P00369,2025-09-01,183.55,183.55,Paid
PM0005154,P00272,2024-06-01,176.81,176.81,Paid
PM0002417,P00123,2026-05-01,697.83,697.83,Paid
PM0002694,P00135,2026-06-01,168.03,168.03,Paid
PM0010132,P00521,2025-01-01,21.45,21.45,Paid
PM0004332,P00225,2026-02-01,210.95,210.95,Paid
PM0002273,P00113,2025-01-01,16.19,16.19,Paid
PM0012873,P00661,2024-09-01,413.69,413.69,Paid
PM0003877,P00197,2024-03-01,810.95,810.95,Paid
PM0001814,P00085,2023-09-01,176.78,176.78,Paid
PM0005979,P00312,2025-06-01,199.07,199.07,Paid
PM0000812,P00037,2024-11-01,530.5,530.5,Paid
PM0003872,P00197,2023-10-01,810.95,810.95,Paid
PM0004260,P00221,2026-07-01,354.54,354.54,Paid
PM0011096,P00572,2025-09-01,619.24,619.24,Paid
PM0006933,P00353,2025-03-01,81.36,81.36,Paid
PM0009916,P00510,2025-10-01,375.08,375.08,Paid
PM0014136,P00727,2025-09-01,87.81,87.81,Paid
PM0008218,P00427,2024-03-01,290.48,290.48,Paid
PM0006410,P00328,2023-06-01,68.94,68.94,Paid
PM0000705,P00032,2025-05-01,457.22,457.22,Paid
PM0002638,P00132,2026-03-01,323.1,323.1,Paid
PM0004775,P00250,2025-09-01,70.42,70.42,Paid
PM0001145,P00053,2025-05-01,742.45,742.45,Paid
PM0010436,P00535,2025-04-01,145.59,145.59,Paid
PM0003636,P00183,2023-03-01,179.81,179.81,Paid
PM0012344,P00635,2025-07-01,102.05,102.05,Paid
PM0013248,P00679,2024-12-01,445.32,445.32,Paid
PM0011959,P00619,2024-01-01,377.2,377.2,Paid
PM0005107,P00270,2025-02-01,117.73,117.73,Paid
PM0010297,P00529,2024-01-01,279.09,279.09,Paid
PM0005155,P00272,2024-07-01,176.81,176.81,Paid
PM0014165,P00729,2024-09-01,122.57,122.57,Paid
PM0003892,P00197,2025-06-01,810.95,810.95,Paid
PM0004216,P00220,2025-12-01,204.49,204.49,Paid
PM0007309,P00378,2024-10-01,521.31,521.31,Paid
PM0011774,P00609,2024-10-01,446.21,446.21,Paid
PM0009778,P00503,2025-04-01,165.85,165.85,Paid
PM0008235,P00427,2025-08-01,290.48,290.48,Paid
PM0007265,P00374,2026-01-01,115.5,115.5,Paid
PM0009684,P00498,2026-01-01,514.18,514.18,Paid
PM0008748,P00449,2026-02-01,33.62,33.62,Paid
PM0013495,P00693,2024-09-01,313.0,313.0,Paid
PM0007654,P00396,2025-06-01,555.67,555.67,Paid
PM0010893,P00557,2026-01-01,321.82,321.82,Paid
PM0006717,P00343,2024-03-01,97.41,97.41,Paid
PM0000532,P00025,2025-11-01,170.93,170.93,Paid
PM0013913,P00713,2024-07-01,694.25,694.25,Paid
PM0009919,P00510,2026-01-01,375.08,375.08,Paid
PM0014500,P00747,2023-10-01,149.96,149.96,Paid
PM0002569,P00130,2026-07-01,248.96,248.96,Paid
PM0004261,P00222,2024-08-01,42.17,42.17,Paid
PM0014416,P00740,2026-03-01,758.16,758.16,Paid
PM0005348,P00282,2026-05-01,396.55,396.55,Paid
PM0005464,P00288,2025-08-01,209.3,209.3,Paid
PM0003016,P00150,2025-07-01,66.26,66.26,Paid
PM0002303,P00116,2024-04-01,303.7,303.7,Paid
PM0005520,P00293,2026-07-01,499.13,499.13,Paid
PM0000775,P00035,2026-03-01,139.14,0.0,Missed
PM0002851,P00142,2026-04-01,318.6,318.6,Paid
PM0008571,P00442,2025-08-01,89.15,89.15,Paid
PM0011428,P00592,2025-04-01,136.15,136.15,Paid
PM0008872,P00454,2025-06-01,258.55,258.55,Paid
PM0005700,P00303,2024-03-01,242.73,242.73,Paid
PM0009414,P00485,2024-02-01,288.29,288.29,Paid
PM0008391,P00435,2024-05-01,160.67,160.67,Paid
PM0001199,P00055,2024-11-01,480.85,480.85,Paid
PM0008244,P00427,2026-05-01,290.48,290.48,Paid
PM0013377,P00686,2024-09-01,187.22,187.22,Paid
PM0013351,P00684,2026-03-01,128.15,128.15,Paid
PM0013773,P00706,2024-11-01,257.22,257.22,Paid
PM0013222,P00677,2026-04-01,138.01,138.01,Paid
PM0006622,P00338,2024-07-01,127.34,127.34,Paid
PM0014516,P00747,2025-02-01,149.96,149.96,Paid
PM0002497,P00127,2025-06-01,117.63,117.63,Paid
PM0001043,P00047,2026-03-01,167.5,167.5,Paid
PM0008776,P00451,2024-05-01,195.14,195.14,Paid
PM0000243,P00014,2025-01-01,207.74,207.74,Paid
PM0004000,P00204,2025-11-01,465.1,465.1,Paid
PM0008258,P00428,2025-02-01,71.98,0.0,Missed
PM0000417,P00020,2024-10-01,573.96,573.96,Paid
PM0006377,P00327,2024-01-01,428.66,428.66,Paid
PM0007248,P00374,2024-08-01,115.5,115.5,Paid
PM0004505,P00234,2024-02-01,101.87,101.87,Paid
PM0004671,P00245,2025-10-01,696.24,696.24,Paid
PM0010902,P00561,2025-05-01,75.19,75.19,Paid
PM0013604,P00698,2024-03-01,286.36,286.36,Paid
PM0001839,P00085,2025-10-01,176.78,176.78,Paid
PM0001300,P00059,2025-08-01,134.5,134.5,Paid
PM0000718,P00032,2026-06-01,457.22,457.22,Paid
PM0005285,P00278,2023-12-01,317.71,317.71,Paid
PM0006176,P00320,2023-09-01,149.0,149.0,Paid
PM0004876,P00257,2023-07-01,229.95,229.95,Paid
PM0000822,P00037,2025-09-01,530.5,530.5,Paid
PM0008547,P00442,2023-08-01,89.15,89.15,Paid
PM0008404,P00436,2023-08-01,410.56,410.56,Paid
PM0008050,P00416,2026-01-01,127.49,127.49,Paid
PM0008933,P00459,2024-06-01,413.49,0.0,Missed
PM0000349,P00018,2023-09-01,131.65,131.65,Paid
PM0002218,P00110,2023-08-01,107.57,107.57,Paid
PM0000454,P00021,2026-03-01,195.65,195.65,Paid
PM0004612,P00241,2024-12-01,232.67,232.67,Paid
PM0001258,P00058,2024-09-01,375.89,375.89,Paid
PM0004825,P00254,2025-01-01,311.13,311.13,Paid
PM0003406,P00168,2025-05-01,236.69,236.69,Paid
PM0009936,P00511,2025-03-01,105.47,105.47,Paid
PM0003819,P00191,2024-11-01,295.15,295.15,Paid
PM0003044,P00152,2024-02-01,108.42,108.42,Paid
PM0008267,P00428,2025-11-01,71.98,71.98,Paid
PM0009021,P00466,2025-11-01,167.02,0.0,Missed
PM0007429,P00384,2025-03-01,545.23,545.23,Paid
PM0001991,P00097,2025-08-01,539.09,539.09,Paid
PM0002661,P00133,2025-05-01,144.56,144.56,Paid
PM0013462,P00691,2026-06-01,315.56,315.56,Paid
PM0009279,P00478,2024-05-01,129.82,129.82,Paid
PM0012709,P00652,2025-10-01,687.04,687.04,Paid
PM0008472,P00438,2024-07-01,374.73,374.73,Paid
PM0009487,P00487,2025-04-01,378.75,378.75,Paid
PM0000375,P00018,2025-11-01,131.65,131.65,Paid
PM0009468,P00487,2023-09-01,378.75,378.75,Paid
PM0007495,P00389,2023-01-01,270.03,270.03,Paid
PM0000095,P00007,2025-12-01,495.09,495.09,Paid
PM0012435,P00639,2024-06-01,117.84,117.84,Paid
PM0012874,P00661,2024-10-01,413.69,0.0,Missed
PM0014357,P00738,2026-01-01,544.15,544.15,Paid
PM0010313,P00529,2025-05-01,279.09,279.09,Paid
PM0009031,P00467,2026-03-01,174.62,174.62,Paid
PM0001718,P00079,2025-11-01,234.25,234.25,Paid
PM0010232,P00525,2026-01-01,29.64,29.64,Paid
PM0002477,P00126,2026-04-01,184.68,61.81,Partial
PM0012659,P00650,2025-04-01,300.09,300.09,Paid
PM0001386,P00066,2023-11-01,343.28,343.28,Paid
PM0011887,P00616,2025-02-01,648.72,229.36,Partial
PM0006861,P00350,2025-05-01,338.69,338.69,Paid
PM0000589,P00027,2024-02-01,65.33,65.33,Paid
PM0001646,P00077,2024-09-01,179.71,179.71,Paid
PM0007270,P00374,2026-06-01,115.5,115.5,Paid
PM0007533,P00389,2026-03-01,270.03,270.03,Paid
PM0013514,P00693,2026-04-01,313.0,0.0,Missed
PM0013790,P00706,2026-04-01,257.22,257.22,Paid
PM0005803,P00305,2026-04-01,258.23,258.23,Paid
PM0010425,P00535,2024-05-01,145.59,145.59,Paid
PM0013043,P00671,2023-01-01,377.8,377.8,Paid
PM0013047,P00671,2023-05-01,377.8,377.8,Paid
PM0000248,P00014,2025-06-01,207.74,164.16,Partial
PM0014528,P00747,2026-02-01,149.96,149.96,Paid
PM0013288,P00682,2026-06-01,511.43,511.43,Paid
PM0013240,P00679,2024-04-01,445.32,445.32,Paid
PM0013357,P00685,2025-12-01,432.99,432.99,Paid
PM0002772,P00139,2023-06-01,560.94,560.94,Paid
PM0008443,P00437,2025-07-01,250.12,250.12,Paid
PM0011475,P00593,2026-04-01,142.88,61.88,Partial
PM0013355,P00684,2026-07-01,128.15,128.15,Paid
PM0002238,P00112,2025-04-01,402.19,0.0,Missed
PM0004559,P00236,2026-07-01,768.82,768.82,Paid
PM0003942,P00200,2024-08-01,352.42,258.25,Partial
PM0009784,P00503,2025-10-01,165.85,165.85,Paid
PM0010264,P00527,2025-04-01,559.89,559.89,Paid
PM0001513,P00069,2025-03-01,143.01,143.01,Paid
PM0010517,P00538,2025-04-01,199.22,199.22,Paid
PM0003361,P00167,2023-10-01,379.76,379.76,Paid
PM0002820,P00140,2025-05-01,584.86,584.86,Paid
PM0013013,P00668,2024-08-01,75.59,23.65,Partial
PM0013702,P00702,2025-11-01,279.0,279.0,Paid
PM0011508,P00595,2024-09-01,625.3,625.3,Paid
PM0002250,P00112,2026-04-01,402.19,402.19,Paid
PM0001349,P00065,2023-12-01,174.21,174.21,Paid
PM0010598,P00542,2026-01-01,177.89,177.89,Paid
PM0011762,P00608,2025-12-01,73.34,73.34,Paid
PM0003234,P00162,2024-06-01,283.27,283.27,Paid
PM0003266,P00163,2023-12-01,505.44,505.44,Paid
PM0006318,P00325,2025-07-01,59.23,59.23,Paid
PM0009167,P00472,2026-07-01,256.58,256.58,Paid
PM0004746,P00249,2026-04-01,320.96,320.96,Paid
PM0000083,P00007,2024-12-01,495.09,495.09,Paid
PM0000582,P00027,2023-07-01,65.33,65.33,Paid
PM0008742,P00449,2025-08-01,33.62,33.62,Paid
PM0012443,P00639,2025-02-01,117.84,117.84,Paid
PM0003377,P00167,2025-02-01,379.76,379.76,Paid
PM0010300,P00529,2024-04-01,279.09,279.09,Paid
PM0006789,P00345,2026-03-01,661.78,661.78,Paid
PM0012139,P00627,2026-05-01,193.55,193.55,Paid
PM0005703,P00303,2024-06-01,242.73,242.73,Paid
PM0008283,P00429,2024-10-01,306.99,0.0,Missed
PM0006151,P00318,2025-02-01,212.45,212.45,Paid
PM0013081,P00671,2026-03-01,377.8,377.8,Paid
PM0001154,P00053,2026-02-01,742.45,742.45,Paid
PM0010170,P00523,2025-05-01,185.15,185.15,Paid
PM0013704,P00702,2026-01-01,279.0,279.0,Paid
PM0002901,P00144,2024-06-01,499.74,499.74,Paid
PM0001403,P00066,2025-04-01,343.28,343.28,Paid
PM0014379,P00739,2024-04-01,147.41,147.41,Paid
PM0008083,P00418,2023-11-01,476.51,148.44,Partial
PM0003908,P00198,2025-11-01,269.68,269.68,Paid
PM0004325,P00225,2025-07-01,210.95,210.95,Paid
PM0014456,P00743,2025-09-01,540.59,540.59,Paid
PM0013651,P00700,2023-10-01,330.96,330.96,Paid
PM0011893,P00616,2025-08-01,648.72,222.53,Partial
PM0006021,P00314,2026-01-01,212.52,212.52,Paid
PM0007163,P00370,2024-03-01,138.19,138.19,Paid
PM0000293,P00015,2025-11-01,224.35,224.35,Paid
PM0001488,P00068,2026-04-01,397.96,397.96,Paid
PM0011829,P00613,2024-11-01,192.22,192.22,Paid
PM0008024,P00416,2023-11-01,127.49,127.49,Paid
PM0007800,P00403,2026-04-01,137.28,137.28,Paid
PM0005401,P00285,2023-12-01,357.44,357.44,Paid
PM0013925,P00713,2025-07-01,694.25,0.0,Missed
PM0010215,P00525,2024-08-01,29.64,29.64,Paid
PM0000947,P00044,2024-09-01,205.22,205.22,Paid
PM0011248,P00583,2026-05-01,68.95,68.95,Paid
PM0007072,P00364,2024-05-01,492.7,492.7,Paid
PM0012158,P00629,2024-06-01,489.53,489.53,Paid
PM0002389,P00120,2026-07-01,849.25,849.25,Paid
PM0013300,P00683,2024-11-01,256.4,256.4,Paid
PM0000710,P00032,2025-10-01,457.22,457.22,Paid
PM0001405,P00066,2025-06-01,343.28,343.28,Paid
PM0010795,P00551,2025-08-01,211.89,211.89,Paid
PM0005411,P00285,2024-10-01,357.44,357.44,Paid
PM0008047,P00416,2025-10-01,127.49,127.49,Paid
PM0011381,P00590,2026-01-01,368.18,368.18,Paid
PM0004721,P00248,2026-06-01,168.99,168.99,Paid
PM0012382,P00636,2025-12-01,152.85,0.0,Missed
PM0004459,P00232,2024-03-01,449.75,449.75,Paid
PM0003424,P00169,2026-03-01,99.54,0.0,Missed
PM0008014,P00415,2026-04-01,435.73,435.73,Paid
PM0010702,P00548,2024-09-01,679.35,679.35,Paid
PM0004074,P00210,2023-07-01,422.89,422.89,Paid
PM0012218,P00631,2025-05-01,315.0,315.0,Paid
PM0014540,P00748,2025-10-01,233.16,233.16,Paid
PM0001239,P00056,2026-01-01,259.01,259.01,Paid
PM0008863,P00454,2024-09-01,258.55,258.55,Paid
PM0009829,P00506,2025-06-01,62.5,62.5,Paid
PM0000219,P00013,2026-06-01,149.19,149.19,Paid
PM0009108,P00470,2026-04-01,347.86,347.86,Paid
PM0010921,P00562,2024-06-01,285.53,0.0,Missed
PM0010753,P00549,2025-08-01,54.97,54.97,Paid
PM0005205,P00274,2025-01-01,208.87,208.87,Paid
PM0010476,P00537,2023-10-01,570.54,0.0,Missed
PM0009349,P00482,2026-02-01,168.92,168.92,Paid
PM0006944,P00353,2026-02-01,81.36,81.36,Paid
PM0005192,P00273,2026-02-01,147.79,147.79,Paid
PM0012969,P00666,2026-06-01,72.37,72.37,Paid
PM0008854,P00454,2023-12-01,258.55,258.55,Paid
PM0008306,P00430,2024-04-01,323.55,323.55,Paid
PM0003587,P00181,2025-04-01,134.24,134.24,Paid
PM0005783,P00305,2024-08-01,258.23,258.23,Paid
PM0011960,P00619,2024-02-01,377.2,377.2,Paid
PM0001449,P00067,2025-10-01,198.85,198.85,Paid
PM0005614,P00299,2025-08-01,121.63,121.63,Paid
PM0001475,P00068,2025-03-01,397.96,397.96,Paid
PM0012535,P00644,2026-01-01,490.38,490.38,Paid
PM0005539,P00294,2026-06-01,166.79,166.79,Paid
PM0004419,P00229,2025-03-01,486.41,486.41,Paid
PM0008015,P00415,2026-05-01,435.73,435.73,Paid
PM0001850,P00086,2024-10-01,178.36,178.36,Paid
PM0006233,P00322,2023-07-01,105.73,105.73,Paid
PM0011439,P00592,2026-03-01,136.15,136.15,Paid
PM0013683,P00700,2026-06-01,330.96,330.96,Paid
PM0011970,P00619,2024-12-01,377.2,377.2,Paid
PM0002741,P00137,2026-01-01,166.98,166.98,Paid
PM0014285,P00735,2026-04-01,209.61,209.61,Paid
PM0004726,P00249,2024-08-01,320.96,320.96,Paid
PM0010099,P00519,2025-02-01,429.63,429.63,Paid
PM0010452,P00536,2024-11-01,0.0,0.0,Paid
PM0012885,P00661,2025-09-01,413.69,413.69,Paid
PM0004155,P00212,2026-05-01,333.07,333.07,Paid
PM0009078,P00469,2024-05-01,458.43,458.43,Paid
PM0012841,P00660,2024-03-01,245.23,245.23,Paid
PM0002732,P00137,2025-04-01,166.98,166.98,Paid
PM0000644,P00028,2025-06-01,101.58,101.58,Paid
PM0004100,P00210,2025-09-01,422.89,422.89,Paid
PM0008344,P00433,2026-04-01,39.67,0.0,Missed
PM0010991,P00567,2024-12-01,85.61,85.61,Paid
PM0001885,P00091,2025-10-01,92.93,92.93,Paid
PM0006049,P00315,2025-09-01,113.63,113.63,Paid
PM0008296,P00429,2025-11-01,306.99,306.99,Paid
PM0010453,P00536,2024-12-01,0.0,0.0,Paid
PM0001160,P00054,2024-10-01,148.34,148.34,Paid
PM0009227,P00476,2025-11-01,595.25,595.25,Paid
PM0006905,P00351,2025-09-01,467.05,467.05,Paid
PM0005942,P00311,2025-09-01,179.72,179.72,Paid
PM0007153,P00369,2025-12-01,183.55,183.55,Paid
PM0007667,P00396,2026-07-01,555.67,555.67,Paid
PM0013352,P00684,2026-04-01,128.15,128.15,Paid
PM0010571,P00541,2026-04-01,116.95,0.0,Missed
PM0003265,P00163,2023-11-01,505.44,505.44,Paid
PM0010366,P00532,2025-03-01,412.5,412.5,Paid
PM0010405,P00534,2025-03-01,79.64,79.64,Paid
PM0002135,P00104,2025-09-01,248.78,248.78,Paid
PM0008596,P00443,2026-04-01,112.5,112.5,Paid
PM0011985,P00619,2026-03-01,377.2,377.2,Paid
PM0007387,P00381,2025-02-01,137.11,137.11,Paid
PM0008784,P00451,2025-01-01,195.14,0.0,Missed
PM0003240,P00162,2024-12-01,283.27,283.27,Paid
PM0001813,P00085,2023-08-01,176.78,0.0,Missed
PM0001067,P00049,2024-06-01,64.0,64.0,Paid
PM0002736,P00137,2025-08-01,166.98,166.98,Paid
PM0007416,P00382,2026-05-01,694.23,694.23,Paid
PM0010573,P00541,2026-06-01,116.95,0.0,Missed
PM0007344,P00379,2025-03-01,273.9,188.54,Partial
PM0003815,P00191,2024-07-01,295.15,295.15,Paid
PM0005507,P00291,2026-02-01,353.26,353.26,Paid
PM0001042,P00047,2026-02-01,167.5,167.5,Paid
PM0003267,P00163,2024-01-01,505.44,505.44,Paid
PM0004509,P00234,2024-06-01,101.87,0.0,Missed
PM0013374,P00686,2024-06-01,187.22,187.22,Paid
PM0005177,P00272,2026-05-01,176.81,176.81,Paid
PM0001658,P00077,2025-09-01,179.71,179.71,Paid
PM0004521,P00234,2025-06-01,101.87,101.87,Paid
PM0011013,P00568,2026-04-01,163.17,163.17,Paid
PM0007806,P00404,2024-06-01,661.28,661.28,Paid
PM0003116,P00156,2024-04-01,231.94,0.0,Missed
PM0010635,P00544,2024-04-01,524.96,524.96,Paid
PM0008743,P00449,2025-09-01,33.62,33.62,Paid
PM0000025,P00003,2024-10-01,40.13,40.13,Paid
PM0003467,P00171,2024-09-01,608.31,608.31,Paid
PM0011091,P00572,2025-04-01,619.24,619.24,Paid
PM0007857,P00407,2026-01-01,127.02,127.02,Paid
PM0006305,P00325,2024-06-01,59.23,59.23,Paid
PM0010602,P00542,2026-05-01,177.89,177.89,Paid
PM0006611,P00337,2025-12-01,119.24,119.24,Paid
PM0000085,P00007,2025-02-01,495.09,495.09,Paid
PM0004561,P00237,2026-04-01,155.16,155.16,Paid
PM0001851,P00086,2024-11-01,178.36,178.36,Paid
PM0009733,P00502,2023-07-01,394.36,394.36,Paid
PM0005407,P00285,2024-06-01,357.44,357.44,Paid
PM0005040,P00265,2024-10-01,372.15,372.15,Paid
PM0014343,P00738,2024-11-01,544.15,544.15,Paid
PM0000256,P00014,2026-02-01,207.74,207.74,Paid
PM0003134,P00156,2025-10-01,231.94,154.88,Partial
PM0011598,P00598,2024-08-01,191.48,191.48,Paid
PM0013249,P00680,2026-06-01,758.87,758.87,Paid
PM0007417,P00382,2026-06-01,694.23,694.23,Paid
PM0007271,P00374,2026-07-01,115.5,115.5,Paid
PM0001374,P00065,2026-01-01,174.21,174.21,Paid
PM0004854,P00255,2025-01-01,444.0,0.0,Missed
PM0003451,P00170,2025-12-01,388.44,253.17,Partial
PM0012638,P00650,2023-07-01,300.09,300.09,Paid
PM0006277,P00323,2026-05-01,267.34,267.34,Paid
PM0000825,P00037,2025-12-01,530.5,530.5,Paid
PM0004544,P00236,2025-04-01,768.82,768.82,Paid
PM0011586,P00598,2023-08-01,191.48,191.48,Paid
PM0008269,P00428,2026-01-01,71.98,71.98,Paid
PM0004340,P00226,2023-04-01,719.63,719.63,Paid
PM0000497,P00024,2026-05-01,108.85,108.85,Paid
PM0002056,P00100,2026-04-01,386.41,386.41,Paid
PM0010478,P00537,2023-12-01,570.54,570.54,Paid
PM0011233,P00583,2025-02-01,68.95,68.95,Paid
PM0001900,P00092,2025-09-01,216.63,216.63,Paid
PM0011710,P00604,2026-05-01,1040.1,1040.1,Paid
PM0008504,P00440,2024-12-01,373.63,373.63,Paid
PM0010491,P00537,2025-01-01,570.54,570.54,Paid
PM0006533,P00334,2025-07-01,525.35,525.35,Paid
PM0008069,P00417,2026-02-01,219.24,219.24,Paid
PM0011540,P00596,2024-08-01,174.96,174.96,Paid
PM0003772,P00190,2024-05-01,488.35,488.35,Paid
PM0001098,P00050,2024-12-01,405.72,405.72,Paid
PM0011359,P00589,2026-02-01,180.3,97.22,Partial
PM0002288,P00113,2026-04-01,16.19,16.19,Paid
PM0004147,P00211,2026-02-01,481.39,481.39,Paid
PM0005805,P00305,2026-06-01,258.23,258.23,Paid
PM0013934,P00713,2026-04-01,694.25,694.25,Paid
PM0002811,P00140,2024-08-01,584.86,584.86,Paid
PM0001092,P00049,2026-07-01,64.0,64.0,Paid
PM0012888,P00661,2025-12-01,413.69,413.69,Paid
PM0010987,P00566,2025-10-01,572.96,258.56,Partial
PM0008930,P00459,2024-03-01,413.49,136.42,Partial
PM0005485,P00290,2025-01-01,564.15,564.15,Paid
PM0014013,P00720,2025-01-01,339.91,339.91,Paid
PM0004969,P00262,2023-08-01,377.63,377.63,Paid
PM0002596,P00131,2026-03-01,359.57,359.57,Paid
PM0004252,P00221,2025-11-01,354.54,354.54,Paid
PM0005882,P00309,2024-05-01,396.29,396.29,Paid
PM0001878,P00089,2026-04-01,211.65,211.65,Paid
PM0001559,P00072,2026-06-01,185.22,185.22,Paid
PM0014311,P00736,2025-11-01,122.83,122.83,Paid
PM0000526,P00025,2025-05-01,170.93,170.93,Paid
PM0003805,P00191,2023-09-01,295.15,295.15,Paid
PM0001492,P00069,2023-06-01,143.01,143.01,Paid
PM0005545,P00295,2025-09-01,314.75,314.75,Paid
PM0010620,P00543,2025-08-01,150.12,150.12,Paid
PM0008041,P00416,2025-04-01,127.49,127.49,Paid
PM0012053,P00624,2025-04-01,918.51,918.51,Paid
PM0012212,P00631,2024-11-01,315.0,187.15,Partial
PM0005283,P00278,2023-10-01,317.71,317.71,Paid
PM0007640,P00396,2024-04-01,555.67,555.67,Paid
PM0009810,P00504,2026-07-01,604.93,604.93,Paid
PM0008815,P00452,2024-11-01,196.49,196.49,Paid
PM0002796,P00139,2025-06-01,560.94,560.94,Paid
PM0008685,P00446,2024-10-01,130.98,130.98,Paid
PM0003828,P00191,2025-08-01,295.15,295.15,Paid
PM0006127,P00318,2023-02-01,212.45,212.45,Paid
PM0003647,P00183,2024-02-01,179.81,0.0,Missed
PM0005771,P00305,2023-08-01,258.23,258.23,Paid
PM0014306,P00736,2025-06-01,122.83,122.83,Paid
PM0003241,P00162,2025-01-01,283.27,283.27,Paid
PM0004774,P00250,2025-08-01,70.42,70.42,Paid
PM0006426,P00328,2024-10-01,68.94,68.94,Paid
PM0000645,P00028,2025-07-01,101.58,101.58,Paid
PM0008588,P00443,2025-08-01,112.5,112.5,Paid
PM0000803,P00037,2024-02-01,530.5,530.5,Paid
PM0009097,P00469,2025-12-01,458.43,458.43,Paid
PM0003484,P00171,2026-02-01,608.31,608.31,Paid
PM0009087,P00469,2025-02-01,458.43,458.43,Paid
PM0003752,P00186,2026-03-01,100.78,32.68,Partial
PM0011560,P00596,2026-04-01,174.96,73.34,Partial
PM0010633,P00544,2024-02-01,524.96,524.96,Paid
PM0010007,P00515,2023-07-01,87.15,87.15,Paid
PM0004121,P00211,2023-12-01,481.39,0.0,Missed
PM0004706,P00246,2026-02-01,204.0,204.0,Paid
PM0013915,P00713,2024-09-01,694.25,694.25,Paid
PM0001482,P00068,2025-10-01,397.96,397.96,Paid
PM0000210,P00013,2025-09-01,149.19,149.19,Paid
PM0011804,P00611,2026-05-01,552.64,552.64,Paid
PM0011667,P00602,2025-02-01,45.33,45.33,Paid
PM0004955,P00260,2024-06-01,743.27,743.27,Paid
PM0008228,P00427,2025-01-01,290.48,290.48,Paid
PM0002894,P00144,2023-11-01,499.74,499.74,Paid
PM0006267,P00322,2026-05-01,105.73,105.73,Paid
PM0008802,P00451,2026-07-01,195.14,195.14,Paid
PM0006750,P00344,2025-10-01,925.69,925.69,Paid
PM0004194,P00218,2025-10-01,617.01,617.01,Paid
PM0006753,P00344,2026-01-01,925.69,925.69,Paid
PM0005735,P00304,2024-01-01,134.64,134.64,Paid
PM0007762,P00402,2024-05-01,234.54,87.81,Partial
PM0001499,P00069,2024-01-01,143.01,143.01,Paid
PM0001286,P00059,2024-06-01,134.5,134.5,Paid
PM0002776,P00139,2023-10-01,560.94,560.94,Paid
PM0009932,P00511,2024-11-01,105.47,105.47,Paid
PM0003399,P00168,2024-10-01,236.69,236.69,Paid
PM0011689,P00604,2024-08-01,1040.1,1040.1,Paid
PM0011727,P00605,2025-10-01,125.98,81.75,Partial
PM0013526,P00695,2023-10-01,547.06,547.06,Paid
PM0009902,P00509,2026-04-01,191.4,191.4,Paid
PM0008587,P00443,2025-07-01,112.5,112.5,Paid
PM0002987,P00149,2024-07-01,166.92,166.92,Paid
PM0006334,P00326,2023-07-01,203.51,203.51,Paid
PM0005477,P00290,2024-05-01,564.15,564.15,Paid
PM0012446,P00639,2025-05-01,117.84,117.84,Paid
PM0008264,P00428,2025-08-01,71.98,71.98,Paid
PM0013413,P00687,2024-04-01,157.79,157.79,Paid
PM0004493,P00233,2025-10-01,70.1,70.1,Paid
PM0000933,P00043,2025-11-01,536.29,536.29,Paid
PM0007821,P00404,2025-09-01,661.28,661.28,Paid
PM0011107,P00573,2026-05-01,408.13,408.13,Paid
PM0009433,P00485,2025-09-01,288.29,288.29,Paid
PM0004460,P00232,2024-04-01,449.75,449.75,Paid
PM0011052,P00570,2026-03-01,159.96,159.96,Paid
PM0005854,P00307,2024-12-01,191.08,0.0,Missed
PM0008661,P00445,2026-04-01,778.87,778.87,Paid
PM0000752,P00034,2025-12-01,68.03,68.03,Paid
PM0011776,P00609,2024-12-01,446.21,446.21,Paid
PM0001248,P00057,2026-01-01,117.57,117.57,Paid
PM0008339,P00431,2026-05-01,51.11,51.11,Paid
PM0009821,P00506,2024-10-01,62.5,62.5,Paid
PM0012984,P00667,2025-10-01,232.57,232.57,Paid
PM0002395,P00121,2026-02-01,131.46,131.46,Paid
PM0006735,P00343,2025-09-01,97.41,0.0,Missed
PM0001085,P00049,2025-12-01,64.0,64.0,Paid
PM0003813,P00191,2024-05-01,295.15,152.21,Partial
PM0000985,P00045,2025-08-01,217.69,217.69,Paid
PM0012962,P00666,2025-11-01,72.37,72.37,Paid
PM0013973,P00716,2026-04-01,205.59,205.59,Paid
PM0005990,P00312,2026-05-01,199.07,199.07,Paid
PM0002236,P00112,2025-02-01,402.19,402.19,Paid
PM0008887,P00455,2026-03-01,485.69,485.69,Paid
PM0000494,P00024,2026-02-01,108.85,108.85,Paid
PM0011533,P00596,2024-01-01,174.96,174.96,Paid
PM0011393,P00591,2024-10-01,157.95,157.95,Paid
PM0012020,P00621,2026-07-01,181.36,122.04,Partial
PM0002308,P00116,2024-09-01,303.7,303.7,Paid
PM0014600,P00750,2026-03-01,685.98,685.98,Paid
PM0007326,P00378,2026-03-01,521.31,521.31,Paid
PM0010721,P00548,2026-04-01,679.35,679.35,Paid
PM0010251,P00527,2024-03-01,559.89,559.89,Paid
PM0008526,P00441,2025-05-01,457.6,357.82,Partial
PM0009346,P00482,2025-11-01,168.92,168.92,Paid
PM0004161,P00213,2026-07-01,587.57,587.57,Paid
PM0007964,P00413,2024-09-01,357.69,357.69,Paid
PM0004635,P00242,2026-04-01,91.92,91.92,Paid
PM0013420,P00687,2024-11-01,157.79,157.79,Paid
PM0003217,P00161,2025-11-01,357.99,357.99,Paid
PM0007269,P00374,2026-05-01,115.5,115.5,Paid
PM0004044,P00207,2026-03-01,95.37,95.37,Paid
PM0005024,P00264,2025-11-01,170.2,170.2,Paid
PM0000782,P00036,2025-05-01,543.71,543.71,Paid
PM0009423,P00485,2024-11-01,288.29,288.29,Paid
PM0010054,P00518,2024-05-01,67.39,67.39,Paid
PM0010344,P00531,2026-06-01,390.73,390.73,Paid
PM0002060,P00101,2023-01-01,1100.15,1100.15,Paid
PM0002242,P00112,2025-08-01,402.19,402.19,Paid
PM0013269,P00682,2024-11-01,511.43,511.43,Paid
PM0012094,P00625,2025-08-01,177.27,177.27,Paid
PM0001938,P00095,2025-07-01,234.38,234.38,Paid
PM0005745,P00304,2024-11-01,134.64,134.64,Paid
PM0012970,P00666,2026-07-01,72.37,72.37,Paid
PM0011789,P00611,2025-02-01,552.64,552.64,Paid
PM0007966,P00413,2024-11-01,357.69,357.69,Paid
PM0006454,P00329,2025-12-01,424.18,0.0,Missed
PM0013881,P00711,2025-06-01,203.34,203.34,Paid
PM0011403,P00591,2025-08-01,157.95,157.95,Paid
PM0003675,P00183,2026-06-01,179.81,179.81,Paid
PM0010532,P00539,2025-01-01,220.03,220.03,Paid
PM0012603,P00648,2026-03-01,161.57,161.57,Paid
PM0007706,P00399,2024-11-01,87.55,87.55,Paid
PM0011372,P00590,2025-04-01,368.18,368.18,Paid
PM0001068,P00049,2024-07-01,64.0,64.0,Paid
PM0013437,P00687,2026-04-01,157.79,157.79,Paid
PM0004859,P00255,2025-06-01,444.0,444.0,Paid
PM0000920,P00043,2024-10-01,536.29,536.29,Paid
PM0008533,P00441,2025-12-01,457.6,457.6,Paid
PM0008445,P00437,2025-09-01,250.12,250.12,Paid
PM0005847,P00306,2026-05-01,227.92,227.92,Paid
PM0007362,P00380,2025-01-01,367.3,367.3,Paid
PM0014024,P00720,2025-12-01,339.91,339.91,Paid
PM0002963,P00148,2025-03-01,62.38,62.38,Paid
PM0005904,P00309,2026-03-01,396.29,396.29,Paid
PM0009080,P00469,2024-07-01,458.43,0.0,Missed
PM0013955,P00715,2025-06-01,259.73,259.73,Paid
PM0013138,P00674,2024-09-01,176.2,176.2,Paid
PM0007582,P00391,2026-03-01,341.5,341.5,Paid
PM0011735,P00605,2026-06-01,125.98,125.98,Paid
PM0013518,P00694,2026-06-01,316.16,0.0,Missed
PM0006056,P00315,2026-04-01,113.63,113.63,Paid
PM0008444,P00437,2025-08-01,250.12,250.12,Paid
PM0000535,P00025,2026-02-01,170.93,170.93,Paid
PM0001613,P00075,2026-05-01,496.67,496.67,Paid
PM0010531,P00539,2024-12-01,220.03,220.03,Paid
PM0008625,P00444,2026-02-01,160.87,160.87,Paid
PM0001880,P00089,2026-06-01,211.65,211.65,Paid
PM0013976,P00716,2026-07-01,205.59,205.59,Paid
PM0009501,P00487,2026-06-01,378.75,378.75,Paid
PM0014509,P00747,2024-07-01,149.96,149.96,Paid
PM0002275,P00113,2025-03-01,16.19,16.19,Paid
PM0004800,P00252,2025-06-01,228.86,228.86,Paid
PM0013237,P00679,2024-01-01,445.32,445.32,Paid
PM0006507,P00334,2023-05-01,525.35,525.35,Paid
PM0000109,P00008,2024-09-01,317.11,317.11,Paid
PM0003603,P00182,2023-12-01,226.88,226.88,Paid
PM0010080,P00518,2026-07-01,67.39,0.0,Missed
PM0009539,P00489,2026-06-01,516.02,516.02,Paid
PM0008268,P00428,2025-12-01,71.98,71.98,Paid
PM0008134,P00421,2025-01-01,560.92,560.92,Paid
PM0003163,P00158,2025-08-01,516.23,516.23,Paid
PM0002217,P00109,2026-07-01,118.74,118.74,Paid
PM0007152,P00369,2025-11-01,183.55,183.55,Paid
PM0003360,P00167,2023-09-01,379.76,379.76,Paid
PM0013710,P00703,2024-10-01,218.62,218.62,Paid
PM0013445,P00688,2026-06-01,532.63,532.63,Paid
PM0014527,P00747,2026-01-01,149.96,69.39,Partial
PM0007467,P00385,2026-05-01,183.7,183.7,Paid
PM0014499,P00747,2023-09-01,149.96,149.96,Paid
PM0009726,P00501,2026-03-01,518.28,393.2,Partial
PM0003069,P00152,2026-03-01,108.42,108.42,Paid
PM0013166,P00675,2025-11-01,119.39,119.39,Paid
PM0002763,P00138,2025-11-01,75.47,75.47,Paid
PM0006129,P00318,2023-04-01,212.45,212.45,Paid
PM0006968,P00356,2025-12-01,69.02,69.02,Paid
PM0002104,P00103,2024-04-01,836.1,836.1,Paid
PM0014409,P00740,2025-08-01,758.16,758.16,Paid
PM0011823,P00613,2024-05-01,192.22,192.22,Paid
PM0013736,P00704,2025-06-01,243.78,243.78,Paid
PM0006828,P00348,2025-04-01,467.75,467.75,Paid
PM0012262,P00632,2025-08-01,213.13,213.13,Paid
PM0008388,P00435,2024-02-01,160.67,160.67,Paid
PM0006039,P00315,2024-11-01,113.63,113.63,Paid
PM0003889,P00197,2025-03-01,810.95,810.95,Paid
PM0006617,P00337,2026-06-01,119.24,119.24,Paid
PM0010822,P00552,2025-07-01,1031.65,1031.65,Paid
PM0008043,P00416,2025-06-01,127.49,127.49,Paid
PM0004861,P00255,2025-08-01,444.0,444.0,Paid
PM0006013,P00314,2025-05-01,212.52,212.52,Paid
PM0011878,P00616,2024-05-01,648.72,648.72,Paid
PM0001485,P00068,2026-01-01,397.96,397.96,Paid
PM0006271,P00323,2025-11-01,267.34,267.34,Paid
PM0004197,P00218,2026-01-01,617.01,617.01,Paid
PM0006072,P00316,2024-03-01,790.35,790.35,Paid
PM0002645,P00133,2024-01-01,144.56,144.56,Paid
PM0010160,P00522,2025-12-01,478.26,478.26,Paid
PM0013875,P00711,2024-12-01,203.34,203.34,Paid
PM0007459,P00385,2025-09-01,183.7,183.7,Paid
PM0003619,P00182,2025-04-01,226.88,226.88,Paid
PM0013132,P00674,2024-03-01,176.2,176.2,Paid
PM0003520,P00173,2024-07-01,247.69,247.69,Paid
PM0007572,P00391,2025-05-01,341.5,341.5,Paid
PM0001770,P00081,2026-01-01,316.18,316.18,Paid
PM0011030,P00570,2024-05-01,159.96,159.96,Paid
PM0006040,P00315,2024-12-01,113.63,113.63,Paid
PM0004645,P00244,2024-07-01,138.03,138.03,Paid
PM0003909,P00198,2025-12-01,269.68,269.68,Paid
PM0012407,P00638,2024-08-01,297.67,297.67,Paid
PM0000974,P00045,2024-09-01,217.69,217.69,Paid
PM0011575,P00597,2026-03-01,196.66,196.66,Paid
PM0010713,P00548,2025-08-01,679.35,679.35,Paid
PM0005263,P00275,2026-04-01,181.0,181.0,Paid
PM0010852,P00554,2026-04-01,46.23,46.23,Paid
PM0006644,P00340,2024-10-01,163.98,163.98,Paid
PM0003006,P00149,2026-02-01,166.92,166.92,Paid
PM0006044,P00315,2025-04-01,113.63,113.63,Paid
PM0007909,P00410,2025-09-01,156.23,156.23,Paid
PM0008000,P00415,2025-02-01,435.73,435.73,Paid
PM0007333,P00379,2024-04-01,273.9,273.9,Paid
PM0004549,P00236,2025-09-01,768.82,768.82,Paid
PM0011008,P00567,2026-05-01,85.61,85.61,Paid
PM0005911,P00310,2026-06-01,213.81,213.81,Paid
PM0007722,P00399,2026-03-01,87.55,87.55,Paid
PM0002602,P00132,2023-03-01,323.1,323.1,Paid
PM0008738,P00449,2025-04-01,33.62,33.62,Paid
PM0005399,P00284,2026-01-01,554.65,554.65,Paid
PM0011179,P00578,2026-04-01,315.5,315.5,Paid
PM0010962,P00563,2025-01-01,142.21,142.21,Paid
PM0010979,P00566,2025-02-01,572.96,572.96,Paid
PM0006346,P00326,2024-07-01,203.51,203.51,Paid
PM0002754,P00138,2025-02-01,75.47,75.47,Paid
PM0012593,P00647,2025-10-01,199.76,199.76,Paid
PM0003705,P00184,2025-10-01,406.16,406.16,Paid
PM0006053,P00315,2026-01-01,113.63,113.63,Paid
PM0000578,P00027,2023-03-01,65.33,65.33,Paid
PM0006858,P00350,2025-02-01,338.69,338.69,Paid
PM0012735,P00653,2026-07-01,211.59,211.59,Paid
PM0007859,P00407,2026-03-01,127.02,127.02,Paid
PM0001410,P00066,2025-11-01,343.28,343.28,Paid
PM0002297,P00114,2026-04-01,558.75,558.75,Paid
PM0002743,P00137,2026-03-01,166.98,166.98,Paid
PM0008180,P00424,2026-07-01,344.33,344.33,Paid
PM0002726,P00137,2024-10-01,166.98,166.98,Paid
PM0002319,P00116,2025-08-01,303.7,303.7,Paid
PM0011697,P00604,2025-04-01,1040.1,1040.1,Paid
PM0004850,P00255,2024-09-01,444.0,0.0,Missed
PM0012632,P00649,2026-02-01,246.64,246.64,Paid
PM0014142,P00727,2026-03-01,87.81,87.81,Paid
PM0005129,P00271,2024-08-01,286.75,286.75,Paid
PM0010914,P00562,2023-11-01,285.53,285.53,Paid
PM0009921,P00511,2023-12-01,105.47,105.47,Paid
PM0004516,P00234,2025-01-01,101.87,101.87,Paid
PM0007525,P00389,2025-07-01,270.03,270.03,Paid
PM0010395,P00533,2026-02-01,513.85,513.85,Paid
PM0008370,P00434,2025-04-01,639.88,639.88,Paid
PM0001801,P00083,2026-07-01,221.46,221.46,Paid
PM0006676,P00341,2024-03-01,207.83,207.83,Paid
PM0000022,P00003,2024-07-01,40.13,40.13,Paid
PM0006539,P00334,2026-01-01,525.35,525.35,Paid
PM0011990,P00620,2025-07-01,494.94,494.94,Paid
PM0000371,P00018,2025-07-01,131.65,131.65,Paid
PM0007902,P00410,2025-02-01,156.23,156.23,Paid
PM0011429,P00592,2025-05-01,136.15,136.15,Paid
PM0014225,P00732,2025-01-01,130.64,130.64,Paid
PM0010334,P00531,2025-08-01,390.73,390.73,Paid
PM0012010,P00621,2025-09-01,181.36,0.0,Missed
PM0004388,P00228,2025-12-01,96.21,96.21,Paid
PM0009435,P00485,2025-11-01,288.29,288.29,Paid
PM0014597,P00750,2025-12-01,685.98,685.98,Paid
PM0008251,P00428,2024-07-01,71.98,71.98,Paid
PM0010416,P00534,2026-02-01,79.64,79.64,Paid
PM0008573,P00442,2025-10-01,89.15,89.15,Paid
PM0006483,P00332,2025-02-01,122.94,122.94,Paid
PM0006795,P00346,2023-08-01,216.2,216.2,Paid
PM0014473,P00744,2023-09-01,326.31,326.31,Paid
PM0004226,P00221,2023-09-01,354.54,354.54,Paid
PM0012327,P00635,2024-02-01,102.05,102.05,Paid
PM0007306,P00378,2024-07-01,521.31,521.31,Paid
PM0008990,P00466,2023-04-01,167.02,167.02,Paid
PM0008376,P00434,2025-10-01,639.88,639.88,Paid
PM0008687,P00446,2024-12-01,130.98,130.98,Paid
PM0006486,P00332,2025-05-01,122.94,122.94,Paid
PM0009548,P00490,2025-10-01,45.05,33.74,Partial
PM0006163,P00319,2025-08-01,375.44,375.44,Paid
PM0012732,P00653,2026-04-01,211.59,211.59,Paid
PM0013327,P00684,2024-03-01,128.15,128.15,Paid
PM0010864,P00555,2026-07-01,216.39,216.39,Paid
PM0013110,P00673,2025-01-01,730.17,730.17,Paid
PM0009269,P00477,2026-01-01,708.84,708.84,Paid
PM0006430,P00328,2025-02-01,68.94,68.94,Paid
PM0005410,P00285,2024-09-01,357.44,357.44,Paid
PM0009200,P00473,2026-06-01,102.27,102.27,Paid
PM0008421,P00436,2025-01-01,410.56,410.56,Paid
PM0000465,P00022,2025-07-01,619.12,619.12,Paid
PM0007977,P00413,2025-10-01,357.69,216.74,Partial
PM0007724,P00399,2026-05-01,87.55,87.55,Paid
PM0009179,P00473,2024-09-01,102.27,102.27,Paid
PM0006033,P00315,2024-05-01,113.63,113.63,Paid
PM0011733,P00605,2026-04-01,125.98,125.98,Paid
PM0014592,P00750,2025-07-01,685.98,685.98,Paid
PM0012306,P00634,2024-07-01,347.04,347.04,Paid
PM0001484,P00068,2025-12-01,397.96,397.96,Paid
PM0003408,P00168,2025-07-01,236.69,236.69,Paid
PM0004617,P00241,2025-05-01,232.67,232.67,Paid
PM0006650,P00340,2025-04-01,163.98,163.98,Paid
PM0006601,P00337,2025-02-01,119.24,119.24,Paid
PM0014566,P00749,2025-11-01,243.11,243.11,Paid
PM0005200,P00274,2024-08-01,208.87,208.87,Paid
PM0012181,P00629,2026-05-01,489.53,489.53,Paid
PM0010105,P00519,2025-08-01,429.63,429.63,Paid
PM0000911,P00042,2026-02-01,284.88,284.88,Paid
PM0010018,P00515,2024-06-01,87.15,87.15,Paid
PM0010762,P00549,2026-05-01,54.97,54.97,Paid
PM0007567,P00390,2026-03-01,351.42,351.42,Paid
PM0009589,P00492,2025-01-01,836.82,836.82,Paid
PM0004427,P00229,2025-11-01,486.41,486.41,Paid
PM0006659,P00340,2026-01-01,163.98,0.0,Missed
PM0006674,P00341,2024-01-01,207.83,207.83,Paid
PM0000729,P00034,2024-01-01,68.03,68.03,Paid
PM0011266,P00585,2024-03-01,64.64,64.64,Paid
PM0013337,P00684,2025-01-01,128.15,128.15,Paid
PM0001225,P00056,2024-11-01,259.01,259.01,Paid
PM0004081,P00210,2024-02-01,422.89,422.89,Paid
PM0004796,P00252,2025-02-01,228.86,228.86,Paid
PM0012310,P00634,2024-11-01,347.04,347.04,Paid
PM0009397,P00484,2025-08-01,109.09,109.09,Paid
PM0012104,P00625,2026-06-01,177.27,177.27,Paid
PM0004584,P00239,2024-12-01,151.43,151.43,Paid
PM0002669,P00133,2026-01-01,144.56,144.56,Paid
PM0000925,P00043,2025-03-01,536.29,536.29,Paid
PM0002885,P00144,2023-02-01,499.74,499.74,Paid
PM0001294,P00059,2025-02-01,134.5,134.5,Paid
PM0010988,P00566,2025-11-01,572.96,572.96,Paid
PM0009991,P00514,2025-06-01,208.68,208.68,Paid
PM0001273,P00058,2025-12-01,375.89,375.89,Paid
PM0005282,P00278,2023-09-01,317.71,317.71,Paid
PM0000386,P00019,2025-03-01,266.55,193.51,Partial
PM0012353,P00635,2026-04-01,102.05,102.05,Paid
PM0007382,P00381,2024-09-01,137.11,0.0,Missed
PM0003392,P00167,2026-05-01,379.76,379.76,Paid
PM0002685,P00134,2025-11-01,195.27,195.27,Paid
PM0000189,P00011,2026-04-01,150.23,150.23,Paid
PM0008325,P00430,2025-11-01,323.55,323.55,Paid
PM0006833,P00348,2025-09-01,467.75,467.75,Paid
PM0002794,P00139,2025-04-01,560.94,560.94,Paid
PM0014162,P00728,2024-11-01,147.25,147.25,Paid
PM0001741,P00080,2025-01-01,493.08,493.08,Paid
PM0009713,P00501,2025-02-01,518.28,518.28,Paid
PM0004009,P00205,2026-03-01,590.84,590.84,Paid
PM0010938,P00562,2025-11-01,285.53,285.53,Paid
PM0003019,P00150,2025-10-01,66.26,66.26,Paid
PM0013916,P00713,2024-10-01,694.25,694.25,Paid
PM0012750,P00655,2024-08-01,156.78,156.78,Paid
PM0011221,P00581,2026-05-01,101.16,101.16,Paid
PM0009623,P00494,2026-04-01,666.1,666.1,Paid
PM0012081,P00625,2024-07-01,177.27,177.27,Paid
PM0007432,P00384,2025-06-01,545.23,545.23,Paid
PM0011883,P00616,2024-10-01,648.72,648.72,Paid
PM0002331,P00117,2024-07-01,55.81,55.81,Paid
PM0008826,P00452,2025-10-01,196.49,196.49,Paid
PM0010834,P00554,2024-10-01,46.23,46.23,Paid
PM0001380,P00065,2026-07-01,174.21,174.21,Paid
PM0006493,P00332,2025-12-01,122.94,122.94,Paid
PM0001812,P00085,2023-07-01,176.78,176.78,Paid
PM0000896,P00041,2025-09-01,444.37,444.37,Paid
PM0013857,P00710,2025-10-01,153.73,153.73,Paid
PM0012447,P00639,2025-06-01,117.84,117.84,Paid
PM0010650,P00544,2025-07-01,524.96,524.96,Paid
PM0002667,P00133,2025-11-01,144.56,144.56,Paid
PM0007134,P00367,2026-07-01,613.85,613.85,Paid
PM0008098,P00418,2025-02-01,476.51,476.51,Paid
PM0013847,P00709,2026-02-01,262.63,262.63,Paid
PM0012243,P00632,2024-01-01,213.13,213.13,Paid
PM0012693,P00652,2024-06-01,687.04,687.04,Paid
PM0006259,P00322,2025-09-01,105.73,105.73,Paid
PM0000560,P00026,2025-02-01,945.63,945.63,Paid
PM0008595,P00443,2026-03-01,112.5,112.5,Paid
PM0002309,P00116,2024-10-01,303.7,303.7,Paid
PM0003940,P00200,2024-06-01,352.42,352.42,Paid
PM0010428,P00535,2024-08-01,145.59,145.59,Paid
PM0000924,P00043,2025-02-01,536.29,536.29,Paid
PM0011324,P00588,2025-12-01,743.35,743.35,Paid
PM0004038,P00207,2025-09-01,95.37,95.37,Paid
PM0003201,P00160,2024-09-01,411.19,411.19,Paid
PM0000525,P00025,2025-04-01,170.93,115.97,Partial
PM0011902,P00617,2023-04-01,332.67,332.67,Paid
PM0014046,P00721,2026-01-01,248.01,248.01,Paid
PM0004049,P00208,2025-06-01,180.53,180.53,Paid
PM0003959,P00200,2026-01-01,352.42,352.42,Paid
PM0002958,P00148,2024-10-01,62.38,62.38,Paid
PM0007452,P00385,2025-02-01,183.7,0.0,Missed
PM0000378,P00018,2026-02-01,131.65,131.65,Paid
PM0013299,P00683,2024-10-01,256.4,256.4,Paid
PM0005642,P00300,2026-06-01,297.62,297.62,Paid
PM0004628,P00241,2026-04-01,232.67,232.67,Paid
PM0014433,P00741,2026-07-01,710.9,710.9,Paid
PM0008076,P00418,2023-04-01,476.51,476.51,Paid
PM0008310,P00430,2024-08-01,323.55,323.55,Paid
PM0010548,P00540,2025-12-01,203.54,203.54,Paid
PM0003219,P00161,2026-01-01,357.99,357.99,Paid
PM0010708,P00548,2025-03-01,679.35,679.35,Paid
PM0005451,P00287,2025-07-01,183.69,183.69,Paid
PM0003075,P00153,2026-05-01,821.41,821.41,Paid
PM0010155,P00522,2025-07-01,478.26,478.26,Paid
PM0014571,P00750,2023-10-01,685.98,685.98,Paid
PM0004531,P00234,2026-04-01,101.87,101.87,Paid
PM0014262,P00734,2025-10-01,137.75,137.75,Paid
PM0013402,P00687,2023-05-01,157.79,157.79,Paid
PM0014515,P00747,2025-01-01,149.96,149.96,Paid
PM0010188,P00524,2024-11-01,189.03,189.03,Paid
PM0001757,P00081,2024-12-01,316.18,181.76,Partial
PM0006231,P00322,2023-05-01,105.73,105.73,Paid
PM0007338,P00379,2024-09-01,273.9,0.0,Missed
PM0010477,P00537,2023-11-01,570.54,570.54,Paid
PM0007297,P00378,2023-10-01,521.31,521.31,Paid
PM0008518,P00440,2026-02-01,373.63,373.63,Paid
PM0001194,P00055,2024-06-01,480.85,194.11,Partial
PM0009474,P00487,2024-03-01,378.75,378.75,Paid
PM0003290,P00163,2025-12-01,505.44,505.44,Paid
PM0007719,P00399,2025-12-01,87.55,87.55,Paid
PM0012437,P00639,2024-08-01,117.84,0.0,Missed
PM0001062,P00049,2024-01-01,64.0,0.0,Missed
PM0004124,P00211,2024-03-01,481.39,481.39,Paid
PM0005934,P00311,2025-01-01,179.72,179.72,Paid
PM0010002,P00514,2026-05-01,208.68,208.68,Paid
PM0006268,P00322,2026-06-01,105.73,105.73,Paid
PM0005853,P00307,2024-11-01,191.08,191.08,Paid
PM0002483,P00127,2024-04-01,117.63,117.63,Paid
PM0004355,P00226,2024-07-01,719.63,0.0,Missed
PM0013961,P00715,2025-12-01,259.73,259.73,Paid
PM0006544,P00334,2026-06-01,525.35,525.35,Paid
PM0010561,P00541,2025-06-01,116.95,116.95,Paid
PM0010089,P00519,2024-04-01,429.63,429.63,Paid
PM0011818,P00613,2023-12-01,192.22,192.22,Paid
PM0006638,P00340,2024-04-01,163.98,163.98,Paid
PM0013155,P00674,2026-02-01,176.2,138.84,Partial
PM0006024,P00314,2026-04-01,212.52,212.52,Paid
PM0014275,P00735,2025-06-01,209.61,209.61,Paid
PM0011484,P00594,2025-05-01,182.88,182.88,Paid
PM0006892,P00351,2024-08-01,467.05,467.05,Paid
PM0012879,P00661,2025-03-01,413.69,413.69,Paid
PM0002996,P00149,2025-04-01,166.92,166.92,Paid
PM0013230,P00679,2023-06-01,445.32,445.32,Paid
PM0002681,P00134,2025-07-01,195.27,195.27,Paid
PM0002259,P00113,2023-11-01,16.19,16.19,Paid
PM0000470,P00022,2025-12-01,619.12,619.12,Paid
PM0014154,P00728,2024-03-01,147.25,147.25,Paid
PM0013761,P00705,2026-07-01,165.8,165.8,Paid
PM0003136,P00156,2025-12-01,231.94,231.94,Paid
PM0013124,P00674,2023-07-01,176.2,176.2,Paid
PM0003383,P00167,2025-08-01,379.76,379.76,Paid
PM0002526,P00129,2024-07-01,578.23,578.23,Paid
PM0000901,P00041,2026-02-01,444.37,444.37,Paid
PM0006678,P00341,2024-05-01,207.83,207.83,Paid
PM0002229,P00110,2024-07-01,107.57,107.57,Paid
PM0011916,P00617,2024-06-01,332.67,332.67,Paid
PM0012572,P00646,2025-06-01,72.97,72.97,Paid
PM0013690,P00701,2026-02-01,331.54,331.54,Paid
PM0011549,P00596,2025-05-01,174.96,174.96,Paid
PM0000745,P00034,2025-05-01,68.03,68.03,Paid
PM0002479,P00126,2026-06-01,184.68,184.68,Paid
PM0013552,P00695,2025-12-01,547.06,547.06,Paid
PM0007827,P00404,2026-03-01,661.28,661.28,Paid
PM0004281,P00222,2026-04-01,42.17,42.17,Paid
PM0012260,P00632,2025-06-01,213.13,213.13,Paid
PM0006560,P00335,2025-06-01,77.12,77.12,Paid
PM0005910,P00310,2026-05-01,213.81,213.81,Paid
PM0012994,P00668,2023-01-01,75.59,75.59,Paid
PM0010767,P00550,2024-09-01,158.06,158.06,Paid
PM0008964,P00462,2026-06-01,119.01,0.0,Missed
PM0007170,P00370,2024-10-01,138.19,138.19,Paid
PM0007117,P00365,2026-06-01,75.89,75.89,Paid
PM0003350,P00166,2026-01-01,263.35,263.35,Paid
PM0007590,P00392,2025-07-01,138.49,138.49,Paid
PM0013326,P00684,2024-02-01,128.15,128.15,Paid
PM0004582,P00239,2024-10-01,151.43,151.43,Paid
PM0010955,P00563,2024-06-01,142.21,142.21,Paid
PM0002383,P00119,2025-02-01,67.83,67.83,Paid
PM0005281,P00278,2023-08-01,317.71,317.71,Paid
PM0004391,P00228,2026-03-01,96.21,96.21,Paid
PM0010390,P00533,2025-09-01,513.85,513.85,Paid
PM0005316,P00281,2025-10-01,44.33,44.33,Paid
PM0013180,P00676,2024-08-01,349.53,349.53,Paid
PM0000744,P00034,2025-04-01,68.03,68.03,Paid
PM0009560,P00491,2025-12-01,236.06,236.06,Paid
PM0008371,P00434,2025-05-01,639.88,639.88,Paid
PM0008645,P00445,2024-12-01,778.87,373.04,Partial
PM0003183,P00159,2025-09-01,121.97,121.97,Paid
PM0000714,P00032,2026-02-01,457.22,457.22,Paid
PM0000908,P00042,2025-11-01,284.88,284.88,Paid
PM0000774,P00035,2026-02-01,139.14,139.14,Paid
PM0003393,P00167,2026-06-01,379.76,379.76,Paid
PM0010385,P00533,2025-04-01,513.85,513.85,Paid
PM0003876,P00197,2024-02-01,810.95,810.95,Paid
PM0004982,P00262,2024-09-01,377.63,377.63,Paid
PM0008317,P00430,2025-03-01,323.55,323.55,Paid
PM0009522,P00489,2025-01-01,516.02,516.02,Paid
PM0009519,P00488,2026-07-01,253.1,253.1,Paid
PM0000500,P00025,2023-03-01,170.93,170.93,Paid
PM0012423,P00638,2025-12-01,297.67,297.67,Paid
PM0011975,P00619,2025-05-01,377.2,377.2,Paid
PM0005249,P00275,2025-02-01,181.0,181.0,Paid
PM0009689,P00498,2026-06-01,514.18,514.18,Paid
PM0000602,P00027,2025-03-01,65.33,65.33,Paid
PM0010316,P00529,2025-08-01,279.09,279.09,Paid
PM0003733,P00186,2024-08-01,100.78,100.78,Paid
PM0011325,P00588,2026-01-01,743.35,0.0,Missed
PM0009399,P00484,2025-10-01,109.09,109.09,Paid
PM0008318,P00430,2025-04-01,323.55,323.55,Paid
PM0010093,P00519,2024-08-01,429.63,429.63,Paid
PM0009823,P00506,2024-12-01,62.5,62.5,Paid
PM0005566,P00296,2026-05-01,277.13,277.13,Paid
PM0010295,P00529,2023-11-01,279.09,279.09,Paid
PM0006380,P00327,2024-04-01,428.66,428.66,Paid
PM0009258,P00477,2025-02-01,708.84,708.84,Paid
PM0003186,P00159,2025-12-01,121.97,121.97,Paid
PM0007886,P00408,2026-07-01,137.55,137.55,Paid
PM0004920,P00258,2025-08-01,243.18,243.18,Paid
PM0008034,P00416,2024-09-01,127.49,0.0,Missed
PM0010154,P00522,2025-06-01,478.26,478.26,Paid
PM0013794,P00707,2025-10-01,442.88,236.89,Partial
PM0006876,P00351,2023-04-01,467.05,467.05,Paid
PM0000623,P00028,2023-09-01,101.58,101.58,Paid
PM0002450,P00125,2024-08-01,143.81,143.81,Paid
PM0000365,P00018,2025-01-01,131.65,100.36,Partial
PM0004298,P00224,2024-09-01,642.21,642.21,Paid
PM0004259,P00221,2026-06-01,354.54,354.54,Paid
PM0006312,P00325,2025-01-01,59.23,59.23,Paid
PM0005323,P00281,2026-05-01,44.33,0.0,Missed
PM0001931,P00094,2024-12-01,269.34,0.0,Missed
PM0010233,P00525,2026-02-01,29.64,29.64,Paid
PM0003662,P00183,2025-05-01,179.81,179.81,Paid
PM0013442,P00688,2026-03-01,532.63,532.63,Paid
PM0011771,P00609,2024-07-01,446.21,446.21,Paid
PM0010038,P00515,2026-02-01,87.15,87.15,Paid
PM0008366,P00434,2024-12-01,639.88,639.88,Paid
PM0010157,P00522,2025-09-01,478.26,478.26,Paid
PM0009368,P00483,2024-06-01,149.54,149.54,Paid
PM0014570,P00750,2023-09-01,685.98,685.98,Paid
PM0000273,P00015,2024-03-01,224.35,126.65,Partial
PM0006787,P00345,2026-01-01,661.78,661.78,Paid
PM0013945,P00715,2024-08-01,259.73,259.73,Paid
PM0005449,P00287,2025-05-01,183.69,183.69,Paid
PM0001217,P00055,2026-05-01,480.85,480.85,Paid
PM0009807,P00504,2026-04-01,604.93,604.93,Paid
PM0005474,P00290,2024-02-01,564.15,564.15,Paid
PM0001441,P00067,2025-02-01,198.85,198.85,Paid
PM0001447,P00067,2025-08-01,198.85,198.85,Paid
PM0005363,P00283,2026-02-01,36.5,36.5,Paid
PM0006505,P00334,2023-03-01,525.35,525.35,Paid
PM0012478,P00640,2026-05-01,172.35,172.35,Paid
PM0008367,P00434,2025-01-01,639.88,639.88,Paid
PM0012861,P00660,2025-11-01,245.23,245.23,Paid
PM0012408,P00638,2024-09-01,297.67,297.67,Paid
PM0000235,P00014,2024-05-01,207.74,207.74,Paid
PM0014263,P00734,2025-11-01,137.75,0.0,Missed
PM0005829,P00306,2024-11-01,227.92,227.92,Paid
PM0009071,P00469,2023-10-01,458.43,458.43,Paid
PM0010883,P00557,2025-03-01,321.82,321.82,Paid
PM0009146,P00471,2026-05-01,337.78,337.78,Paid
PM0008375,P00434,2025-09-01,639.88,639.88,Paid
PM0012912,P00662,2026-06-01,135.48,135.48,Paid
PM0000797,P00037,2023-08-01,530.5,530.5,Paid
PM0006842,P00348,2026-06-01,467.75,467.75,Paid
PM0009100,P00469,2026-03-01,458.43,458.43,Paid
PM0010879,P00557,2024-11-01,321.82,321.82,Paid
PM0012637,P00649,2026-07-01,246.64,246.64,Paid
PM0003699,P00184,2025-04-01,406.16,406.16,Paid
PM0005569,P00297,2025-03-01,254.69,254.69,Paid
PM0013623,P00698,2025-10-01,286.36,286.36,Paid
PM0002937,P00146,2026-02-01,251.37,251.37,Paid
PM0002171,P00107,2023-12-01,275.31,275.31,Paid
PM0001759,P00081,2025-02-01,316.18,316.18,Paid
PM0001074,P00049,2025-01-01,64.0,64.0,Paid
PM0000946,P00044,2024-08-01,205.22,205.22,Paid
PM0012202,P00630,2026-03-01,287.44,287.44,Paid
PM0012021,P00622,2025-12-01,198.16,139.02,Partial
PM0014442,P00742,2025-11-01,387.1,0.0,Missed
PM0003938,P00200,2024-04-01,352.42,352.42,Paid
PM0010933,P00562,2025-06-01,285.53,285.53,Paid
PM0009352,P00482,2026-05-01,168.92,168.92,Paid
PM0008812,P00452,2024-08-01,196.49,0.0,Missed
PM0007723,P00399,2026-04-01,87.55,87.55,Paid
PM0011226,P00583,2024-07-01,68.95,68.95,Paid
PM0004701,P00246,2025-09-01,204.0,204.0,Paid
PM0014423,P00741,2025-09-01,710.9,710.9,Paid
PM0013029,P00668,2025-12-01,75.59,75.59,Paid
PM0012372,P00636,2025-02-01,152.85,152.85,Paid
PM0012125,P00627,2025-03-01,193.55,193.55,Paid
PM0001860,P00087,2025-07-01,154.82,154.82,Paid
PM0014550,P00749,2024-07-01,243.11,243.11,Paid
PM0002808,P00139,2026-06-01,560.94,560.94,Paid
PM0013978,P00717,2026-01-01,472.17,472.17,Paid
PM0006669,P00341,2023-08-01,207.83,100.46,Partial
PM0012556,P00645,2025-11-01,187.95,187.95,Paid
PM0010360,P00532,2024-09-01,412.5,412.5,Paid
PM0001275,P00058,2026-02-01,375.89,375.89,Paid
PM0011906,P00617,2023-08-01,332.67,332.67,Paid
PM0005609,P00299,2025-03-01,121.63,121.63,Paid
PM0003329,P00166,2024-04-01,263.35,263.35,Paid
PM0001138,P00052,2026-02-01,219.66,219.66,Paid
PM0005428,P00286,2025-05-01,66.09,66.09,Paid
PM0012432,P00639,2024-03-01,117.84,117.84,Paid
PM0012096,P00625,2025-10-01,177.27,177.27,Paid
PM0000751,P00034,2025-11-01,68.03,68.03,Paid
PM0012616,P00649,2024-10-01,246.64,246.64,Paid
PM0002705,P00136,2025-01-01,349.29,349.29,Paid
PM0003823,P00191,2025-03-01,295.15,201.57,Partial
PM0012065,P00624,2026-04-01,918.51,0.0,Missed
PM0003485,P00171,2026-03-01,608.31,608.31,Paid
PM0007137,P00368,2026-06-01,700.24,700.24,Paid
PM0003831,P00191,2025-11-01,295.15,295.15,Paid
PM0000730,P00034,2024-02-01,68.03,68.03,Paid
PM0012580,P00646,2026-02-01,72.97,72.97,Paid
PM0013475,P00692,2026-07-01,440.66,262.39,Partial
PM0012641,P00650,2023-10-01,300.09,300.09,Paid
PM0013470,P00692,2026-02-01,440.66,440.66,Paid
PM0005705,P00303,2024-08-01,242.73,242.73,Paid
PM0000468,P00022,2025-10-01,619.12,619.12,Paid
PM0014139,P00727,2025-12-01,87.81,87.81,Paid
PM0004665,P00244,2026-03-01,138.03,138.03,Paid
PM0014347,P00738,2025-03-01,544.15,0.0,Missed
PM0009660,P00496,2026-04-01,340.64,340.64,Paid
PM0003826,P00191,2025-06-01,295.15,295.15,Paid
PM0009196,P00473,2026-02-01,102.27,102.27,Paid
PM0004625,P00241,2026-01-01,232.67,141.66,Partial
PM0008036,P00416,2024-11-01,127.49,0.0,Missed
PM0003747,P00186,2025-10-01,100.78,100.78,Paid
PM0014513,P00747,2024-11-01,149.96,149.96,Paid
PM0002815,P00140,2024-12-01,584.86,584.86,Paid
PM0014418,P00740,2026-05-01,758.16,758.16,Paid
PM0004464,P00232,2024-08-01,449.75,271.42,Partial
PM0006613,P00337,2026-02-01,119.24,119.24,Paid
PM0007599,P00392,2026-04-01,138.49,138.49,Paid
PM0012527,P00643,2026-03-01,269.85,269.85,Paid
PM0006605,P00337,2025-06-01,119.24,119.24,Paid
PM0000619,P00028,2023-05-01,101.58,101.58,Paid
PM0000923,P00043,2025-01-01,536.29,536.29,Paid
PM0005374,P00284,2023-12-01,554.65,554.65,Paid
PM0008686,P00446,2024-11-01,130.98,130.98,Paid
PM0010983,P00566,2025-06-01,572.96,0.0,Missed
PM0011705,P00604,2025-12-01,1040.1,1040.1,Paid
PM0013562,P00696,2024-06-01,104.7,104.7,Paid
PM0013020,P00668,2025-03-01,75.59,0.0,Missed
PM0010917,P00562,2024-02-01,285.53,285.53,Paid
PM0001884,P00090,2026-07-01,575.68,575.68,Paid
PM0004178,P00214,2026-04-01,377.99,377.99,Paid
PM0009722,P00501,2025-11-01,518.28,518.28,Paid
PM0011900,P00616,2026-03-01,648.72,648.72,Paid
PM0002762,P00138,2025-10-01,75.47,75.47,Paid
PM0002341,P00117,2025-05-01,55.81,55.81,Paid
PM0009132,P00471,2025-03-01,337.78,337.78,Paid
PM0000594,P00027,2024-07-01,65.33,65.33,Paid
PM0009266,P00477,2025-10-01,708.84,708.84,Paid
PM0010407,P00534,2025-05-01,79.64,79.64,Paid
PM0007717,P00399,2025-10-01,87.55,87.55,Paid
PM0013030,P00668,2026-01-01,75.59,75.59,Paid
PM0011868,P00614,2026-03-01,82.1,82.1,Paid
PM0011405,P00591,2025-10-01,157.95,157.95,Paid
PM0007377,P00380,2026-04-01,367.3,367.3,Paid
PM0000722,P00033,2025-03-01,70.59,0.0,Missed
PM0005008,P00263,2025-04-01,678.47,678.47,Paid
PM0010577,P00542,2024-04-01,177.89,177.89,Paid
PM0008440,P00437,2025-04-01,250.12,76.78,Partial
PM0013558,P00695,2026-06-01,547.06,547.06,Paid
PM0003261,P00163,2023-07-01,505.44,505.44,Paid
PM0002187,P00107,2025-04-01,275.31,275.31,Paid
PM0000814,P00037,2025-01-01,530.5,530.5,Paid
PM0006405,P00327,2026-05-01,428.66,217.66,Partial
PM0009696,P00499,2026-03-01,37.36,37.36,Paid
PM0004752,P00250,2023-10-01,70.42,70.42,Paid
PM0010446,P00535,2026-02-01,145.59,145.59,Paid
PM0008823,P00452,2025-07-01,196.49,196.49,Paid
PM0008291,P00429,2025-06-01,306.99,306.99,Paid
PM0014364,P00739,2023-01-01,147.41,147.41,Paid
PM0005103,P00269,2026-07-01,925.24,925.24,Paid
PM0004362,P00226,2025-02-01,719.63,719.63,Paid
PM0009877,P00509,2024-03-01,191.4,191.4,Paid
PM0012358,P00636,2023-12-01,152.85,152.85,Paid
PM0009125,P00471,2024-08-01,337.78,337.78,Paid
PM0004502,P00233,2026-07-01,70.1,70.1,Paid
PM0002429,P00124,2024-11-01,714.19,714.19,Paid
PM0003656,P00183,2024-11-01,179.81,179.81,Paid
PM0011547,P00596,2025-03-01,174.96,174.96,Paid
PM0000780,P00036,2025-03-01,543.71,0.0,Missed
PM0011125,P00575,2026-07-01,332.65,332.65,Paid
PM0006478,P00331,2026-04-01,100.4,52.2,Partial
PM0012464,P00640,2025-03-01,172.35,172.35,Paid
PM0005524,P00294,2025-03-01,166.79,166.79,Paid
PM0013468,P00692,2025-12-01,440.66,440.66,Paid
PM0012205,P00630,2026-06-01,287.44,287.44,Paid
PM0008503,P00439,2026-07-01,134.08,134.08,Paid
PM0005789,P00305,2025-02-01,258.23,258.23,Paid
PM0003591,P00181,2025-08-01,134.24,134.24,Paid
PM0002946,P00147,2025-10-01,719.21,719.21,Paid
PM0010584,P00542,2024-11-01,177.89,177.89,Paid
PM0011504,P00595,2024-05-01,625.3,625.3,Paid
PM0008921,P00458,2026-04-01,109.32,109.32,Paid
PM0010057,P00518,2024-08-01,67.39,29.42,Partial
PM0003353,P00166,2026-04-01,263.35,0.0,Missed
PM0003202,P00160,2024-10-01,411.19,411.19,Paid
PM0003961,P00200,2026-03-01,352.42,0.0,Missed
PM0009475,P00487,2024-04-01,378.75,263.34,Partial
PM0011312,P00588,2024-12-01,743.35,743.35,Paid
PM0007634,P00395,2024-04-01,209.53,209.53,Paid
PM0011365,P00590,2024-09-01,368.18,368.18,Paid
PM0008806,P00452,2024-02-01,196.49,196.49,Paid
PM0013427,P00687,2025-06-01,157.79,157.79,Paid
PM0011075,P00571,2025-12-01,296.29,296.29,Paid
PM0011869,P00614,2026-04-01,82.1,82.1,Paid
PM0011918,P00617,2024-08-01,332.67,0.0,Missed
PM0003255,P00162,2026-03-01,283.27,283.27,Paid
PM0013378,P00686,2024-10-01,187.22,187.22,Paid
PM0008538,P00441,2026-05-01,457.6,457.6,Paid
PM0007249,P00374,2024-09-01,115.5,115.5,Paid
PM0011647,P00601,2025-01-01,54.01,54.01,Paid
PM0009093,P00469,2025-08-01,458.43,458.43,Paid
PM0000456,P00021,2026-05-01,195.65,195.65,Paid
PM0000850,P00039,2025-06-01,1099.84,0.0,Missed
PM0004353,P00226,2024-05-01,719.63,719.63,Paid
PM0001881,P00089,2026-07-01,211.65,211.65,Paid
PM0002420,P00124,2024-02-01,714.19,714.19,Paid
PM0008646,P00445,2025-01-01,778.87,778.87,Paid
PM0001856,P00086,2025-04-01,178.36,178.36,Paid
PM0001018,P00046,2025-02-01,408.98,408.98,Paid
PM0006170,P00319,2026-03-01,375.44,375.44,Paid
PM0002783,P00139,2024-05-01,560.94,560.94,Paid
PM0012741,P00654,2025-01-01,170.82,170.82,Paid
PM0004428,P00229,2025-12-01,486.41,486.41,Paid
PM0005066,P00267,2024-03-01,86.79,86.79,Paid
PM0011655,P00601,2025-09-01,54.01,54.01,Paid
PM0011678,P00603,2025-11-01,274.0,274.0,Paid
PM0005799,P00305,2025-12-01,258.23,258.23,Paid
PM0005939,P00311,2025-06-01,179.72,179.72,Paid
PM0009825,P00506,2025-02-01,62.5,62.5,Paid
PM0014358,P00738,2026-02-01,544.15,544.15,Paid
PM0004449,P00231,2026-01-01,440.5,440.5,Paid
PM0004316,P00224,2026-03-01,642.21,642.21,Paid
PM0013646,P00700,2023-05-01,330.96,330.96,Paid
PM0002840,P00141,2026-06-01,530.16,530.16,Paid
PM0005589,P00298,2025-06-01,169.76,169.76,Paid
PM0012016,P00621,2026-03-01,181.36,181.36,Paid
PM0002952,P00148,2024-04-01,62.38,0.0,Missed
PM0001716,P00079,2025-09-01,234.25,234.25,Paid
PM0011806,P00611,2026-07-01,552.64,552.64,Paid
PM0006891,P00351,2024-07-01,467.05,467.05,Paid
PM0005271,P00276,2026-04-01,137.11,137.11,Paid
PM0008193,P00426,2025-01-01,240.12,240.12,Paid
PM0005615,P00299,2025-09-01,121.63,121.63,Paid
PM0004943,P00259,2026-01-01,584.68,0.0,Missed
PM0004722,P00248,2026-07-01,168.99,168.99,Paid
PM0003517,P00173,2024-04-01,247.69,247.69,Paid
PM0012417,P00638,2025-06-01,297.67,234.95,Partial
PM0007090,P00364,2025-11-01,492.7,292.87,Partial
PM0005758,P00304,2025-12-01,134.64,134.64,Paid
PM0005720,P00303,2025-11-01,242.73,242.73,Paid
PM0014547,P00748,2026-05-01,233.16,233.16,Paid
PM0013873,P00711,2024-10-01,203.34,203.34,Paid
PM0009404,P00484,2026-03-01,109.09,109.09,Paid
PM0008089,P00418,2024-05-01,476.51,476.51,Paid
PM0002048,P00100,2025-08-01,386.41,386.41,Paid
PM0011224,P00582,2026-07-01,267.09,267.09,Paid
PM0006845,P00349,2025-08-01,354.57,0.0,Missed
PM0008147,P00421,2026-02-01,560.92,560.92,Paid
PM0008470,P00438,2024-05-01,374.73,374.73,Paid
PM0007842,P00405,2025-06-01,260.54,260.54,Paid
PM0003725,P00185,2026-06-01,385.7,385.7,Paid
PM0004408,P00229,2024-04-01,486.41,486.41,Paid
PM0010185,P00524,2024-08-01,189.03,189.03,Paid
PM0003635,P00183,2023-02-01,179.81,179.81,Paid
PM0003100,P00155,2026-06-01,536.24,536.24,Paid
PM0003739,P00186,2025-02-01,100.78,100.78,Paid
PM0012114,P00626,2026-07-01,143.61,143.61,Paid
PM0007968,P00413,2025-01-01,357.69,357.69,Paid
PM0008129,P00421,2024-08-01,560.92,560.92,Paid
PM0001247,P00057,2025-12-01,117.57,117.57,Paid
PM0000134,P00009,2024-04-01,281.25,281.25,Paid
PM0011590,P00598,2023-12-01,191.48,191.48,Paid
PM0007341,P00379,2024-12-01,273.9,273.9,Paid
PM0013986,P00718,2026-06-01,134.33,134.33,Paid
PM0000157,P00009,2026-03-01,281.25,281.25,Paid
PM0012252,P00632,2024-10-01,213.13,213.13,Paid
PM0007357,P00379,2026-04-01,273.9,273.9,Paid
PM0007953,P00413,2023-10-01,357.69,357.69,Paid
PM0000431,P00021,2024-04-01,195.65,195.65,Paid
PM0012721,P00653,2025-05-01,211.59,211.59,Paid
PM0002346,P00117,2025-10-01,55.81,55.81,Paid
PM0003396,P00168,2024-07-01,236.69,0.0,Missed
PM0000605,P00027,2025-06-01,65.33,65.33,Paid
PM0002447,P00124,2026-05-01,714.19,714.19,Paid
PM0001988,P00096,2026-05-01,408.72,0.0,Missed
PM0003703,P00184,2025-08-01,406.16,406.16,Paid
PM0000240,P00014,2024-10-01,207.74,207.74,Paid
PM0000627,P00028,2024-01-01,101.58,101.58,Paid
PM0001942,P00095,2025-11-01,234.38,234.38,Paid
PM0009195,P00473,2026-01-01,102.27,102.27,Paid
PM0005664,P00301,2025-01-01,157.4,157.4,Paid
PM0004498,P00233,2026-03-01,70.1,70.1,Paid
PM0012910,P00662,2026-04-01,135.48,135.48,Paid
PM0014230,P00732,2025-06-01,130.64,130.64,Paid
PM0004177,P00214,2026-03-01,377.99,377.99,Paid
PM0005600,P00298,2026-05-01,169.76,169.76,Paid
PM0013011,P00668,2024-06-01,75.59,75.59,Paid
PM0005458,P00287,2026-02-01,183.69,183.69,Paid
PM0011871,P00614,2026-06-01,82.1,82.1,Paid
PM0001466,P00068,2024-06-01,397.96,397.96,Paid
PM0000015,P00002,2023-08-01,321.5,321.5,Paid
PM0011306,P00588,2024-06-01,743.35,0.0,Missed
PM0012182,P00629,2026-06-01,489.53,489.53,Paid
PM0014426,P00741,2025-12-01,710.9,710.9,Paid
PM0004154,P00212,2026-04-01,333.07,333.07,Paid
PM0000203,P00013,2025-02-01,149.19,149.19,Paid
PM0006978,P00357,2025-09-01,429.74,429.74,Paid
PM0011926,P00617,2025-04-01,332.67,332.67,Paid
PM0000684,P00031,2026-02-01,211.73,211.73,Paid
PM0005041,P00265,2024-11-01,372.15,372.15,Paid
PM0009523,P00489,2025-02-01,516.02,516.02,Paid
PM0000070,P00005,2026-05-01,182.33,182.33,Paid
PM0004090,P00210,2024-11-01,422.89,422.89,Paid
PM0007084,P00364,2025-05-01,492.7,492.7,Paid
PM0010651,P00544,2025-08-01,524.96,524.96,Paid
PM0006815,P00347,2025-07-01,629.61,476.14,Partial
PM0005770,P00305,2023-07-01,258.23,258.23,Paid
PM0000126,P00008,2026-02-01,317.11,317.11,Paid
PM0010853,P00554,2026-05-01,46.23,46.23,Paid
PM0004174,P00214,2025-12-01,377.99,377.99,Paid
PM0004773,P00250,2025-07-01,70.42,70.42,Paid
PM0001887,P00091,2025-12-01,92.93,92.93,Paid
PM0002964,P00148,2025-04-01,62.38,62.38,Paid
PM0000577,P00026,2026-07-01,945.63,945.63,Paid
PM0010776,P00550,2025-06-01,158.06,158.06,Paid
PM0008116,P00420,2026-07-01,412.33,412.33,Paid
PM0000864,P00040,2024-07-01,362.78,362.78,Paid
PM0000117,P00008,2025-05-01,317.11,0.0,Missed
PM0009956,P00512,2026-04-01,93.98,93.98,Paid
PM0004466,P00232,2024-10-01,449.75,449.75,Paid
PM0003493,P00172,2025-10-01,388.96,388.96,Paid
PM0004249,P00221,2025-08-01,354.54,354.54,Paid
PM0005863,P00308,2025-08-01,245.65,245.65,Paid
PM0004386,P00228,2025-10-01,96.21,96.21,Paid
PM0004401,P00229,2023-09-01,486.41,486.41,Paid
PM0005433,P00286,2025-10-01,66.09,66.09,Paid
PM0006102,P00317,2024-08-01,140.28,140.28,Paid
PM0007715,P00399,2025-08-01,87.55,87.55,Paid
PM0012577,P00646,2025-11-01,72.97,72.97,Paid
PM0002684,P00134,2025-10-01,195.27,195.27,Paid
PM0010386,P00533,2025-05-01,513.85,513.85,Paid
PM0013898,P00712,2024-06-01,86.35,0.0,Missed
PM0011660,P00601,2026-02-01,54.01,54.01,Paid
PM0009351,P00482,2026-04-01,168.92,168.92,Paid
PM0009700,P00499,2026-07-01,37.36,37.36,Paid
PM0011033,P00570,2024-08-01,159.96,159.96,Paid
PM0004275,P00222,2025-10-01,42.17,42.17,Paid
PM0005339,P00282,2025-08-01,396.55,396.55,Paid
PM0007398,P00381,2026-01-01,137.11,137.11,Paid
PM0003009,P00149,2026-05-01,166.92,166.92,Paid
PM0003427,P00169,2026-06-01,99.54,99.54,Paid
PM0011612,P00598,2025-10-01,191.48,191.48,Paid
PM0003390,P00167,2026-03-01,379.76,379.76,Paid
PM0007407,P00382,2025-08-01,694.23,694.23,Paid
PM0011443,P00592,2026-07-01,136.15,136.15,Paid
PM0007853,P00406,2026-02-01,432.77,432.77,Paid
PM0007986,P00413,2026-07-01,357.69,357.69,Paid
PM0010497,P00537,2025-07-01,570.54,570.54,Paid
PM0014367,P00739,2023-04-01,147.41,147.41,Paid
PM0011166,P00578,2025-03-01,315.5,315.5,Paid
PM0001448,P00067,2025-09-01,198.85,198.85,Paid
PM0002132,P00104,2025-06-01,248.78,248.78,Paid
PM0002112,P00103,2024-12-01,836.1,458.58,Partial
PM0004142,P00211,2025-09-01,481.39,481.39,Paid
PM0004490,P00233,2025-07-01,70.1,70.1,Paid
PM0009854,P00507,2026-06-01,110.0,110.0,Paid
PM0004680,P00245,2026-07-01,696.24,696.24,Paid
PM0002925,P00145,2026-01-01,294.38,294.38,Paid
PM0007199,P00371,2026-01-01,233.81,233.81,Paid
PM0008358,P00434,2024-04-01,639.88,639.88,Paid
PM0003285,P00163,2025-07-01,505.44,505.44,Paid
PM0006261,P00322,2025-11-01,105.73,105.73,Paid
PM0001535,P00070,2025-09-01,85.97,85.97,Paid
PM0006984,P00357,2026-03-01,429.74,429.74,Paid
PM0013757,P00705,2026-03-01,165.8,165.8,Paid
PM0002146,P00105,2025-08-01,442.04,442.04,Paid
PM0007403,P00381,2026-06-01,137.11,137.11,Paid
PM0011936,P00617,2026-02-01,332.67,332.67,Paid
PM0002264,P00113,2024-04-01,16.19,16.19,Paid
PM0002539,P00130,2024-01-01,248.96,248.96,Paid
PM0011080,P00571,2026-05-01,296.29,296.29,Paid
PM0007740,P00400,2024-05-01,50.63,25.04,Partial
PM0013073,P00671,2025-07-01,377.8,0.0,Missed
PM0009513,P00488,2026-01-01,253.1,253.1,Paid
PM0001893,P00091,2026-06-01,92.93,92.93,Paid
PM0007949,P00413,2023-06-01,357.69,357.69,Paid
PM0001751,P00081,2024-06-01,316.18,316.18,Paid
PM0005754,P00304,2025-08-01,134.64,134.64,Paid
PM0011799,P00611,2025-12-01,552.64,552.64,Paid
PM0001981,P00096,2025-10-01,408.72,408.72,Paid
PM0004609,P00241,2024-09-01,232.67,232.67,Paid
PM0012795,P00657,2024-02-01,126.71,0.0,Missed
PM0001791,P00082,2025-12-01,174.81,174.81,Paid
PM0009355,P00483,2023-05-01,149.54,149.54,Paid
PM0007192,P00371,2025-06-01,233.81,233.81,Paid
PM0012894,P00661,2026-06-01,413.69,0.0,Missed
PM0003457,P00170,2026-06-01,388.44,388.44,Paid
PM0002656,P00133,2024-12-01,144.56,144.56,Paid
PM0009225,P00476,2025-09-01,595.25,595.25,Paid
PM0008107,P00419,2026-03-01,223.24,223.24,Paid
PM0009949,P00511,2026-04-01,105.47,105.47,Paid
PM0008591,P00443,2025-11-01,112.5,112.5,Paid
PM0006499,P00332,2026-06-01,122.94,122.94,Paid
PM0013400,P00687,2023-03-01,157.79,157.79,Paid
PM0008419,P00436,2024-11-01,410.56,162.51,Partial
PM0008718,P00448,2026-06-01,387.88,387.88,Paid
PM0011441,P00592,2026-05-01,136.15,136.15,Paid
PM0014227,P00732,2025-03-01,130.64,130.64,Paid
PM0011341,P00589,2024-08-01,180.3,0.0,Missed
PM0001150,P00053,2025-10-01,742.45,742.45,Paid
PM0012127,P00627,2025-05-01,193.55,193.55,Paid
PM0002902,P00144,2024-07-01,499.74,499.74,Paid
PM0002352,P00117,2026-04-01,55.81,55.81,Paid
PM0013429,P00687,2025-08-01,157.79,157.79,Paid
PM0012578,P00646,2025-12-01,72.97,72.97,Paid
PM0007957,P00413,2024-02-01,357.69,0.0,Missed
PM0009940,P00511,2025-07-01,105.47,105.47,Paid
PM0011090,P00572,2025-03-01,619.24,619.24,Paid
PM0012138,P00627,2026-04-01,193.55,0.0,Missed
PM0001329,P00063,2026-01-01,606.65,606.65,Paid
PM0004763,P00250,2024-09-01,70.42,70.42,Paid
PM0011305,P00588,2024-05-01,743.35,0.0,Missed
PM0014219,P00732,2024-07-01,130.64,130.64,Paid
PM0001416,P00066,2026-05-01,343.28,343.28,Paid
PM0003717,P00185,2025-10-01,385.7,385.7,Paid
PM0002799,P00139,2025-09-01,560.94,265.05,Partial
PM0001063,P00049,2024-02-01,64.0,64.0,Paid
PM0004139,P00211,2025-06-01,481.39,481.39,Paid
PM0013430,P00687,2025-09-01,157.79,157.79,Paid
PM0000389,P00019,2025-06-01,266.55,266.55,Paid
PM0014082,P00723,2026-06-01,242.27,242.27,Paid
PM0006960,P00355,2026-01-01,70.51,70.51,Paid
PM0003051,P00152,2024-09-01,108.42,108.42,Paid
PM0008166,P00423,2025-02-01,121.63,121.63,Paid
PM0004022,P00207,2024-05-01,95.37,34.14,Partial
PM0003397,P00168,2024-08-01,236.69,236.69,Paid
PM0004646,P00244,2024-08-01,138.03,138.03,Paid
PM0007670,P00397,2024-07-01,230.57,0.0,Missed
PM0002551,P00130,2025-01-01,248.96,248.96,Paid
PM0012987,P00667,2026-01-01,232.57,232.57,Paid
PM0006122,P00317,2026-04-01,140.28,75.03,Partial
PM0008405,P00436,2023-09-01,410.56,218.59,Partial
PM0009308,P00479,2025-10-01,106.47,106.47,Paid
PM0005711,P00303,2025-02-01,242.73,242.73,Paid
PM0014132,P00727,2025-05-01,87.81,87.81,Paid
PM0010505,P00537,2026-03-01,570.54,570.54,Paid
PM0009019,P00466,2025-09-01,167.02,167.02,Paid
PM0008867,P00454,2025-01-01,258.55,258.55,Paid
PM0001151,P00053,2025-11-01,742.45,742.45,Paid
PM0008384,P00434,2026-06-01,639.88,639.88,Paid
PM0008165,P00423,2025-01-01,121.63,121.63,Paid
PM0006434,P00328,2025-06-01,68.94,68.94,Paid
PM0001808,P00085,2023-03-01,176.78,0.0,Missed
PM0012246,P00632,2024-04-01,213.13,213.13,Paid
PM0014322,P00737,2025-11-01,66.99,0.0,Missed
PM0007180,P00370,2025-08-01,138.19,138.19,Paid
PM0010355,P00532,2024-04-01,412.5,412.5,Paid
PM0004212,P00220,2025-08-01,204.49,204.49,Paid
PM0007384,P00381,2024-11-01,137.11,137.11,Paid
PM0004422,P00229,2025-06-01,486.41,486.41,Paid
PM0010345,P00531,2026-07-01,390.73,390.73,Paid
PM0009119,P00471,2024-02-01,337.78,337.78,Paid
PM0010408,P00534,2025-06-01,79.64,79.64,Paid
PM0002746,P00137,2026-06-01,166.98,166.98,Paid
PM0001915,P00093,2025-08-01,288.37,288.37,Paid
PM0001841,P00085,2025-12-01,176.78,176.78,Paid
PM0013942,P00715,2024-05-01,259.73,259.73,Paid
PM0007184,P00370,2025-12-01,138.19,0.0,Missed
PM0011079,P00571,2026-04-01,296.29,296.29,Paid
PM0012691,P00652,2024-04-01,687.04,687.04,Paid
PM0010696,P00547,2025-09-01,417.6,417.6,Paid
PM0008274,P00428,2026-06-01,71.98,71.98,Paid
PM0007730,P00400,2023-07-01,50.63,50.63,Paid
PM0000415,P00020,2024-08-01,573.96,284.47,Partial
PM0011554,P00596,2025-10-01,174.96,0.0,Missed
PM0012369,P00636,2024-11-01,152.85,152.85,Paid
PM0002617,P00132,2024-06-01,323.1,323.1,Paid
PM0012103,P00625,2026-05-01,177.27,177.27,Paid
PM0010770,P00550,2024-12-01,158.06,158.06,Paid
PM0008155,P00422,2026-03-01,289.52,289.52,Paid
PM0005159,P00272,2024-11-01,176.81,176.81,Paid
PM0001401,P00066,2025-02-01,343.28,343.28,Paid
PM0010519,P00538,2025-06-01,199.22,199.22,Paid
PM0009547,P00490,2025-09-01,45.05,45.05,Paid
PM0009473,P00487,2024-02-01,378.75,378.75,Paid
PM0007167,P00370,2024-07-01,138.19,138.19,Paid
PM0011394,P00591,2024-11-01,157.95,157.95,Paid
PM0000463,P00022,2025-05-01,619.12,619.12,Paid
PM0004806,P00252,2025-12-01,228.86,228.86,Paid
PM0000796,P00036,2026-07-01,543.71,543.71,Paid
PM0006128,P00318,2023-03-01,212.45,212.45,Paid
PM0012418,P00638,2025-07-01,297.67,297.67,Paid
PM0011086,P00572,2024-11-01,619.24,619.24,Paid
PM0004657,P00244,2025-07-01,138.03,138.03,Paid
PM0002618,P00132,2024-07-01,323.1,323.1,Paid
PM0009165,P00472,2026-05-01,256.58,256.58,Paid
PM0014029,P00721,2024-08-01,248.01,248.01,Paid
PM0010965,P00564,2025-06-01,387.81,0.0,Missed
PM0013345,P00684,2025-09-01,128.15,128.15,Paid
PM0011888,P00616,2025-03-01,648.72,648.72,Paid
PM0009098,P00469,2026-01-01,458.43,458.43,Paid
PM0012669,P00650,2026-02-01,300.09,300.09,Paid
PM0004819,P00253,2026-03-01,160.77,160.77,Paid
PM0009659,P00495,2026-07-01,179.38,179.38,Paid
PM0000044,P00004,2025-06-01,648.32,648.32,Paid
PM0007464,P00385,2026-02-01,183.7,183.7,Paid
PM0011519,P00595,2025-08-01,625.3,0.0,Missed
PM0003851,P00194,2024-04-01,765.13,765.13,Paid
PM0007760,P00402,2024-03-01,234.54,234.54,Paid
PM0004396,P00229,2023-04-01,486.41,486.41,Paid
PM0001794,P00082,2026-03-01,174.81,103.99,Partial
PM0007566,P00390,2026-02-01,351.42,351.42,Paid
PM0008012,P00415,2026-02-01,435.73,435.73,Paid
PM0007861,P00407,2026-05-01,127.02,127.02,Paid
PM0014118,P00725,2026-01-01,428.12,428.12,Paid
PM0012080,P00625,2024-06-01,177.27,177.27,Paid
PM0004940,P00259,2025-10-01,584.68,0.0,Missed
PM0003542,P00173,2026-05-01,247.69,247.69,Paid
PM0009836,P00506,2026-01-01,62.5,62.5,Paid
PM0006058,P00315,2026-06-01,113.63,0.0,Missed
PM0003499,P00172,2026-04-01,388.96,388.96,Paid
PM0005015,P00263,2025-11-01,678.47,678.47,Paid
PM0003204,P00160,2024-12-01,411.19,411.19,Paid
PM0004233,P00221,2024-04-01,354.54,354.54,Paid
PM0007099,P00365,2024-12-01,75.89,75.89,Paid
PM0005017,P00263,2026-01-01,678.47,0.0,Missed
PM0008818,P00452,2025-02-01,196.49,196.49,Paid
PM0014048,P00721,2026-03-01,248.01,248.01,Paid
PM0008522,P00440,2026-06-01,373.63,373.63,Paid
PM0004019,P00207,2024-02-01,95.37,95.37,Paid
PM0001746,P00081,2024-01-01,316.18,316.18,Paid
PM0008184,P00425,2026-02-01,95.32,95.32,Paid
PM0000899,P00041,2025-12-01,444.37,444.37,Paid
PM0012425,P00638,2026-02-01,297.67,297.67,Paid
PM0000739,P00034,2024-11-01,68.03,68.03,Paid
PM0006796,P00347,2023-12-01,629.61,629.61,Paid
PM0014182,P00729,2026-02-01,122.57,122.57,Paid
PM0001321,P00061,2026-05-01,210.31,210.31,Paid
PM0005582,P00297,2026-04-01,254.69,254.69,Paid
PM0012190,P00630,2025-03-01,287.44,287.44,Paid
PM0005434,P00286,2025-11-01,66.09,66.09,Paid
PM0004469,P00232,2025-01-01,449.75,449.75,Paid
PM0006362,P00326,2025-11-01,203.51,203.51,Paid
PM0014081,P00723,2026-05-01,242.27,242.27,Paid
PM0005396,P00284,2025-10-01,554.65,554.65,Paid
PM0003223,P00162,2023-07-01,283.27,283.27,Paid
PM0006480,P00331,2026-06-01,100.4,100.4,Paid
PM0003307,P00164,2026-06-01,119.33,119.33,Paid
PM0000628,P00028,2024-02-01,101.58,101.58,Paid
PM0014337,P00738,2024-05-01,544.15,544.15,Paid
PM0000660,P00029,2026-07-01,62.65,62.65,Paid
PM0003256,P00162,2026-04-01,283.27,283.27,Paid
PM0007065,P00363,2026-05-01,30.3,18.21,Partial
PM0000459,P00022,2025-01-01,619.12,619.12,Paid
PM0000424,P00021,2023-09-01,195.65,195.65,Paid
PM0012234,P00632,2023-04-01,213.13,213.13,Paid
PM0011318,P00588,2025-06-01,743.35,0.0,Missed
PM0002699,P00136,2024-07-01,349.29,349.29,Paid
PM0012773,P00655,2026-07-01,156.78,156.78,Paid
PM0011532,P00596,2023-12-01,174.96,174.96,Paid
PM0010198,P00524,2025-09-01,189.03,189.03,Paid
PM0003305,P00164,2026-04-01,119.33,119.33,Paid
PM0009365,P00483,2024-03-01,149.54,149.54,Paid
PM0004069,P00209,2025-08-01,147.59,147.59,Paid
PM0005619,P00299,2026-01-01,121.63,121.63,Paid
PM0013297,P00683,2024-08-01,256.4,256.4,Paid
PM0012380,P00636,2025-10-01,152.85,152.85,Paid
PM0003108,P00156,2023-08-01,231.94,231.94,Paid
PM0008871,P00454,2025-05-01,258.55,258.55,Paid
PM0011399,P00591,2025-04-01,157.95,112.98,Partial
PM0004833,P00254,2025-09-01,311.13,311.13,Paid
PM0013477,P00693,2023-03-01,313.0,313.0,Paid
PM0008340,P00431,2026-06-01,51.11,51.11,Paid
PM0002633,P00132,2025-10-01,323.1,323.1,Paid
PM0013410,P00687,2024-01-01,157.79,157.79,Paid
PM0003604,P00182,2024-01-01,226.88,226.88,Paid
PM0013142,P00674,2025-01-01,176.2,176.2,Paid
PM0004296,P00224,2024-07-01,642.21,642.21,Paid
PM0003983,P00203,2025-09-01,231.55,231.55,Paid
PM0003428,P00169,2026-07-01,99.54,99.54,Paid
PM0007818,P00404,2025-06-01,661.28,661.28,Paid
PM0009006,P00466,2024-08-01,167.02,167.02,Paid
PM0005270,P00276,2026-03-01,137.11,137.11,Paid
PM0014474,P00744,2023-10-01,326.31,326.31,Paid
PM0007442,P00384,2026-04-01,545.23,545.23,Paid
PM0004146,P00211,2026-01-01,481.39,231.67,Partial
PM0010420,P00534,2026-06-01,79.64,79.64,Paid
PM0008070,P00417,2026-03-01,219.24,219.24,Paid
PM0014542,P00748,2025-12-01,233.16,233.16,Paid
PM0010916,P00562,2024-01-01,285.53,0.0,Missed
PM0002426,P00124,2024-08-01,714.19,714.19,Paid
PM0013553,P00695,2026-01-01,547.06,547.06,Paid
PM0010347,P00532,2023-08-01,412.5,412.5,Paid
PM0009599,P00492,2025-11-01,836.82,836.82,Paid
PM0001584,P00073,2026-01-01,35.19,35.19,Paid
PM0007887,P00409,2025-09-01,115.73,115.73,Paid
PM0013741,P00704,2025-11-01,243.78,0.0,Missed
PM0008744,P00449,2025-10-01,33.62,-33.62,Paid
PM0005135,P00271,2025-02-01,286.75,286.75,Paid
PM0014187,P00729,2026-07-01,122.57,80.82,Partial
PM0003426,P00169,2026-05-01,99.54,99.54,Paid
PM0012679,P00651,2026-04-01,263.42,263.42,Paid
PM0012799,P00657,2024-06-01,126.71,126.71,Paid
PM0011715,P00605,2024-10-01,125.98,125.98,Paid
PM0009039,P00468,2024-05-01,439.51,439.51,Paid
PM0005010,P00263,2025-06-01,678.47,678.47,Paid
PM0012293,P00634,2023-06-01,347.04,347.04,Paid
PM0002833,P00140,2026-06-01,584.86,584.86,Paid
PM0003613,P00182,2024-10-01,226.88,226.88,Paid
PM0008287,P00429,2025-02-01,306.99,306.99,Paid
PM0001689,P00078,2024-12-01,500.1,500.1,Paid
PM0004636,P00242,2026-05-01,91.92,91.92,Paid
PM0010257,P00527,2024-09-01,559.89,559.89,Paid
PM0005674,P00301,2025-11-01,157.4,157.4,Paid
PM0007561,P00390,2025-09-01,351.42,351.42,Paid
PM0010238,P00525,2026-07-01,29.64,29.64,Paid
PM0012564,P00645,2026-07-01,187.95,187.95,Paid
PM0011666,P00602,2025-01-01,45.33,45.33,Paid
PM0011241,P00583,2025-10-01,68.95,68.95,Paid
PM0011271,P00585,2024-08-01,64.64,64.64,Paid
PM0014373,P00739,2023-10-01,147.41,147.41,Paid
PM0008905,P00457,2025-09-01,138.98,138.98,Paid
PM0000218,P00013,2026-05-01,149.19,149.19,Paid
PM0002854,P00142,2026-07-01,318.6,318.6,Paid
PM0014243,P00732,2026-07-01,130.64,130.64,Paid
PM0008341,P00431,2026-07-01,51.11,51.11,Paid
PM0012088,P00625,2025-02-01,177.27,177.27,Paid
PM0009402,P00484,2026-01-01,109.09,109.09,Paid
PM0014295,P00736,2024-07-01,122.83,122.83,Paid
PM0006671,P00341,2023-10-01,207.83,207.83,Paid
PM0008347,P00433,2026-07-01,39.67,39.67,Paid
PM0002050,P00100,2025-10-01,386.41,386.41,Paid
PM0005879,P00309,2024-02-01,396.29,396.29,Paid
PM0006720,P00343,2024-06-01,97.41,97.41,Paid
PM0002936,P00146,2026-01-01,251.37,251.37,Paid
PM0010400,P00533,2026-07-01,513.85,513.85,Paid
PM0006744,P00343,2026-06-01,97.41,97.41,Paid
PM0014411,P00740,2025-10-01,758.16,758.16,Paid
PM0012154,P00629,2024-02-01,489.53,489.53,Paid
PM0007221,P00373,2025-12-01,362.95,362.95,Paid
PM0012493,P00641,2026-01-01,309.29,309.29,Paid
PM0012452,P00639,2025-11-01,117.84,117.84,Paid
PM0006618,P00337,2026-07-01,119.24,119.24,Paid
PM0010357,P00532,2024-06-01,412.5,412.5,Paid
PM0014468,P00744,2023-04-01,326.31,0.0,Missed
PM0007057,P00362,2025-05-01,341.2,341.2,Paid
PM0003997,P00204,2025-08-01,465.1,465.1,Paid
PM0013569,P00696,2025-01-01,104.7,104.7,Paid
PM0010609,P00543,2024-09-01,150.12,150.12,Paid
PM0002361,P00118,2023-10-01,372.74,372.74,Paid
PM0012085,P00625,2024-11-01,177.27,177.27,Paid
PM0013517,P00693,2026-07-01,313.0,313.0,Paid
PM0013716,P00703,2025-04-01,218.62,218.62,Paid
PM0012871,P00661,2024-07-01,413.69,413.69,Paid
PM0003421,P00169,2025-12-01,99.54,99.54,Paid
PM0001603,P00075,2025-07-01,496.67,351.61,Partial
PM0009207,P00474,2025-10-01,544.06,544.06,Paid
PM0003156,P00158,2025-01-01,516.23,516.23,Paid
PM0001593,P00074,2025-10-01,128.94,128.94,Paid
PM0001235,P00056,2025-09-01,259.01,259.01,Paid
PM0012594,P00647,2025-11-01,199.76,199.76,Paid
PM0003744,P00186,2025-07-01,100.78,100.78,Paid
PM0008008,P00415,2025-10-01,435.73,435.73,Paid
PM0009516,P00488,2026-04-01,253.1,253.1,Paid
PM0004180,P00214,2026-06-01,377.99,377.99,Paid
PM0009786,P00503,2025-12-01,165.85,165.85,Paid
PM0009017,P00466,2025-07-01,167.02,167.02,Paid
PM0006276,P00323,2026-04-01,267.34,267.34,Paid
PM0000026,P00003,2024-11-01,40.13,40.13,Paid
PM0007526,P00389,2025-08-01,270.03,270.03,Paid
PM0007231,P00374,2023-03-01,115.5,115.5,Paid
PM0010126,P00520,2024-11-01,52.54,23.54,Partial
PM0010841,P00554,2025-05-01,46.23,46.23,Paid
PM0011821,P00613,2024-03-01,192.22,192.22,Paid
PM0014490,P00744,2025-02-01,326.31,326.31,Paid
PM0008544,P00442,2023-05-01,89.15,89.15,Paid
PM0005833,P00306,2025-03-01,227.92,227.92,Paid
PM0012048,P00623,2026-04-01,255.21,255.21,Paid
PM0002942,P00146,2026-07-01,251.37,251.37,Paid
PM0010626,P00543,2026-02-01,150.12,150.12,Paid
PM0006083,P00316,2025-02-01,790.35,790.35,Paid
PM0008734,P00449,2024-12-01,33.62,0.0,Missed
PM0003145,P00157,2024-01-01,347.53,347.53,Paid
PM0010261,P00527,2025-01-01,559.89,559.89,Paid
PM0002054,P00100,2026-02-01,386.41,386.41,Paid
PM0006088,P00316,2025-07-01,790.35,790.35,Paid
PM0012835,P00659,2026-02-01,246.65,246.65,Paid
PM0008570,P00442,2025-07-01,89.15,89.15,Paid
PM0005835,P00306,2025-05-01,227.92,227.92,Paid
PM0003905,P00197,2026-07-01,810.95,810.95,Paid
PM0002861,P00143,2024-08-01,472.19,472.19,Paid
PM0005266,P00275,2026-07-01,181.0,181.0,Paid
PM0008836,P00453,2025-06-01,685.23,685.23,Paid
PM0014536,P00748,2025-06-01,233.16,233.16,Paid
PM0012477,P00640,2026-04-01,172.35,172.35,Paid
PM0003411,P00168,2025-10-01,236.69,0.0,Missed
PM0013742,P00704,2025-12-01,243.78,243.78,Paid
PM0003708,P00184,2026-01-01,406.16,406.16,Paid
PM0007043,P00361,2025-05-01,166.15,166.15,Paid
PM0001066,P00049,2024-05-01,64.0,0.0,Missed
PM0002219,P00110,2023-09-01,107.57,107.57,Paid
PM0001910,P00092,2026-07-01,216.63,216.63,Paid
PM0008529,P00441,2025-08-01,457.6,457.6,Paid
PM0012893,P00661,2026-05-01,413.69,413.69,Paid
PM0012671,P00650,2026-04-01,300.09,300.09,Paid
PM0003249,P00162,2025-09-01,283.27,283.27,Paid
PM0005991,P00312,2026-06-01,199.07,199.07,Paid
PM0008163,P00423,2024-11-01,121.63,121.63,Paid
PM0004397,P00229,2023-05-01,486.41,486.41,Paid
PM0012015,P00621,2026-02-01,181.36,181.36,Paid
PM0006535,P00334,2025-09-01,525.35,525.35,Paid
PM0003334,P00166,2024-09-01,263.35,164.73,Partial
PM0009030,P00467,2026-02-01,174.62,174.62,Paid
PM0001081,P00049,2025-08-01,64.0,64.0,Paid
PM0013744,P00705,2025-02-01,165.8,165.8,Paid
PM0013175,P00676,2024-03-01,349.53,349.53,Paid
PM0013368,P00686,2023-12-01,187.22,187.22,Paid
PM0003645,P00183,2023-12-01,179.81,107.0,Partial
PM0007641,P00396,2024-05-01,555.67,555.67,Paid
PM0014217,P00732,2024-05-01,130.64,130.64,Paid
PM0005774,P00305,2023-11-01,258.23,258.23,Paid
PM0007804,P00404,2024-04-01,661.28,661.28,Paid
PM0013171,P00675,2026-04-01,119.39,119.39,Paid
PM0002639,P00132,2026-04-01,323.1,323.1,Paid
PM0004056,P00208,2026-01-01,180.53,180.53,Paid
PM0005022,P00263,2026-06-01,678.47,678.47,Paid
PM0002221,P00110,2023-11-01,107.57,107.57,Paid
PM0002063,P00101,2023-04-01,1100.15,1100.15,Paid
PM0001929,P00094,2024-10-01,269.34,269.34,Paid
PM0005679,P00301,2026-04-01,157.4,112.75,Partial
PM0006973,P00356,2026-05-01,69.02,69.02,Paid
PM0001134,P00052,2025-10-01,219.66,219.66,Paid
PM0004330,P00225,2025-12-01,210.95,210.95,Paid
PM0012667,P00650,2025-12-01,300.09,300.09,Paid
PM0002995,P00149,2025-03-01,166.92,166.92,Paid
PM0007276,P00375,2026-06-01,175.07,175.07,Paid
PM0000159,P00009,2026-05-01,281.25,281.25,Paid
PM0012589,P00647,2025-06-01,199.76,199.76,Paid
PM0005252,P00275,2025-05-01,181.0,181.0,Paid
PM0011644,P00601,2024-10-01,54.01,54.01,Paid
PM0007486,P00387,2026-01-01,344.41,344.41,Paid
PM0011279,P00585,2025-04-01,64.64,64.64,Paid
PM0008474,P00438,2024-09-01,374.73,374.73,Paid
PM0014315,P00736,2026-03-01,122.83,122.83,Paid
PM0012111,P00626,2026-04-01,143.61,143.61,Paid
PM0010119,P00520,2024-04-01,52.54,52.54,Paid
PM0006685,P00341,2024-12-01,207.83,207.83,Paid
PM0000152,P00009,2025-10-01,281.25,281.25,Paid
PM0005699,P00303,2024-02-01,242.73,242.73,Paid
PM0006054,P00315,2026-02-01,113.63,113.63,Paid
PM0007514,P00389,2024-08-01,270.03,270.03,Paid
PM0005792,P00305,2025-05-01,258.23,258.23,Paid
PM0007541,P00390,2024-01-01,351.42,351.42,Paid
PM0004654,P00244,2025-04-01,138.03,138.03,Paid
PM0001065,P00049,2024-04-01,64.0,64.0,Paid
PM0004624,P00241,2025-12-01,232.67,232.67,Paid
PM0001528,P00069,2026-06-01,143.01,143.01,Paid
PM0012204,P00630,2026-05-01,287.44,287.44,Paid
PM0001631,P00077,2023-06-01,179.71,179.71,Paid
PM0002030,P00099,2026-01-01,706.95,706.95,Paid
PM0003449,P00170,2025-10-01,388.44,283.58,Partial
PM0001556,P00071,2026-04-01,410.51,0.0,Missed
PM0013723,P00703,2025-11-01,218.62,218.62,Paid
PM0008305,P00430,2024-03-01,323.55,323.55,Paid
PM0011366,P00590,2024-10-01,368.18,368.18,Paid
PM0009497,P00487,2026-02-01,378.75,378.75,Paid
PM0006781,P00345,2025-07-01,661.78,661.78,Paid
PM0006566,P00335,2025-12-01,77.12,77.12,Paid
PM0010970,P00564,2025-11-01,387.81,387.81,Paid
PM0007708,P00399,2025-01-01,87.55,87.55,Paid
PM0010877,P00557,2024-09-01,321.82,321.82,Paid
PM0009785,P00503,2025-11-01,165.85,165.85,Paid
PM0005817,P00306,2023-11-01,227.92,227.92,Paid
PM0004192,P00216,2025-06-01,641.85,641.85,Paid
PM0008970,P00463,2025-10-01,120.66,120.66,Paid
PM0009411,P00485,2023-11-01,288.29,288.29,Paid
PM0008989,P00466,2023-03-01,167.02,167.02,Paid
PM0001730,P00080,2024-02-01,493.08,330.54,Partial
PM0000828,P00037,2026-03-01,530.5,378.04,Partial
PM0009215,P00475,2026-02-01,494.52,494.52,Paid
PM0012166,P00629,2025-02-01,489.53,489.53,Paid
PM0006131,P00318,2023-06-01,212.45,212.45,Paid
PM0006414,P00328,2023-10-01,68.94,68.94,Paid
PM0004125,P00211,2024-04-01,481.39,481.39,Paid
PM0014206,P00730,2026-02-01,362.64,362.64,Paid
PM0008865,P00454,2024-11-01,258.55,258.55,Paid
PM0002421,P00124,2024-03-01,714.19,714.19,Paid
PM0002589,P00131,2025-08-01,359.57,359.57,Paid
PM0004843,P00255,2024-02-01,444.0,444.0,Paid
PM0004765,P00250,2024-11-01,70.42,70.42,Paid
PM0006528,P00334,2025-02-01,525.35,525.35,Paid
PM0005724,P00303,2026-03-01,242.73,242.73,Paid
PM0004084,P00210,2024-05-01,422.89,422.89,Paid
PM0009008,P00466,2024-10-01,167.02,167.02,Paid
PM0002570,P00131,2024-01-01,359.57,0.0,Missed
PM0010642,P00544,2024-11-01,524.96,524.96,Paid
PM0002396,P00121,2026-03-01,131.46,131.46,Paid
PM0014383,P00739,2024-08-01,147.41,147.41,Paid
PM0009874,P00509,2023-12-01,191.4,191.4,Paid
PM0010900,P00560,2026-02-01,202.67,202.67,Paid
PM0010884,P00557,2025-04-01,321.82,321.82,Paid
PM0004234,P00221,2024-05-01,354.54,354.54,Paid
PM0007142,P00369,2025-01-01,183.55,183.55,Paid
PM0011369,P00590,2025-01-01,368.18,368.18,Paid
PM0013603,P00697,2026-07-01,206.98,206.98,Paid
PM0013032,P00668,2026-03-01,75.59,75.59,Paid
PM0010275,P00527,2026-03-01,559.89,0.0,Missed
PM0001115,P00050,2026-05-01,405.72,405.72,Paid
PM0008796,P00451,2026-01-01,195.14,195.14,Paid
PM0003387,P00167,2025-12-01,379.76,379.76,Paid
PM0000224,P00014,2023-06-01,207.74,207.74,Paid
PM0007892,P00409,2026-02-01,115.73,115.73,Paid
PM0012838,P00659,2026-05-01,246.65,246.65,Paid
PM0003802,P00191,2023-06-01,295.15,295.15,Paid
PM0008288,P00429,2025-03-01,306.99,306.99,Paid
PM0010183,P00524,2024-06-01,189.03,189.03,Paid
PM0000816,P00037,2025-03-01,530.5,530.5,Paid
PM0013585,P00696,2026-05-01,104.7,104.7,Paid
PM0010162,P00522,2026-02-01,478.26,478.26,Paid
PM0007030,P00360,2025-10-01,259.6,259.6,Paid
PM0003294,P00163,2026-04-01,505.44,505.44,Paid
PM0011876,P00615,2026-05-01,482.16,482.16,Paid
PM0006628,P00338,2025-01-01,127.34,127.34,Paid
PM0004864,P00255,2025-11-01,444.0,444.0,Paid
PM0013571,P00696,2025-03-01,104.7,104.7,Paid
PM0011467,P00593,2025-08-01,142.88,142.88,Paid
PM0008162,P00423,2024-10-01,121.63,121.63,Paid
PM0013197,P00676,2026-01-01,349.53,349.53,Paid
PM0002322,P00116,2025-11-01,303.7,303.7,Paid
PM0014505,P00747,2024-03-01,149.96,149.96,Paid
PM0006521,P00334,2024-07-01,525.35,216.08,Partial
PM0011334,P00589,2024-01-01,180.3,180.3,Paid
PM0006809,P00347,2025-01-01,629.61,629.61,Paid
PM0002079,P00102,2025-04-01,406.58,0.0,Missed
PM0008667,P00446,2023-04-01,130.98,130.98,Paid
PM0009594,P00492,2025-06-01,836.82,836.82,Paid
PM0001762,P00081,2025-05-01,316.18,316.18,Paid
PM0002706,P00136,2025-02-01,349.29,349.29,Paid
PM0000180,P00010,2025-11-01,181.56,0.0,Missed
PM0011320,P00588,2025-08-01,743.35,743.35,Paid
PM0008916,P00458,2025-11-01,109.32,109.32,Paid
PM0006164,P00319,2025-09-01,375.44,375.44,Paid
PM0000377,P00018,2026-01-01,131.65,131.65,Paid
PM0009861,P00508,2025-02-01,633.22,633.22,Paid
PM0013062,P00671,2024-08-01,377.8,377.8,Paid
PM0006028,P00315,2023-12-01,113.63,113.63,Paid
PM0008466,P00438,2024-01-01,374.73,374.73,Paid
PM0003317,P00165,2025-10-01,882.81,882.81,Paid
PM0001490,P00068,2026-06-01,397.96,397.96,Paid
PM0011595,P00598,2024-05-01,191.48,191.48,Paid
PM0004064,P00209,2025-03-01,147.59,147.59,Paid
PM0005685,P00302,2025-09-01,293.34,293.34,Paid
PM0003878,P00197,2024-04-01,810.95,0.0,Missed
PM0000239,P00014,2024-09-01,207.74,207.74,Paid
PM0010832,P00554,2024-08-01,46.23,46.23,Paid
PM0013830,P00709,2024-09-01,262.63,262.63,Paid
PM0003860,P00194,2025-01-01,765.13,765.13,Paid
PM0000024,P00003,2024-09-01,40.13,40.13,Paid
PM0013874,P00711,2024-11-01,203.34,203.34,Paid
PM0003947,P00200,2025-01-01,352.42,352.42,Paid
PM0014395,P00739,2025-08-01,147.41,147.41,Paid
PM0014472,P00744,2023-08-01,326.31,326.31,Paid
PM0008179,P00424,2026-06-01,344.33,344.33,Paid
PM0003738,P00186,2025-01-01,100.78,100.78,Paid
PM0002116,P00103,2025-04-01,836.1,836.1,Paid
PM0009457,P00486,2026-03-01,482.7,482.7,Paid
PM0005594,P00298,2025-11-01,169.76,169.76,Paid
PM0005397,P00284,2025-11-01,554.65,554.65,Paid
PM0013628,P00698,2026-03-01,286.36,286.36,Paid
PM0006297,P00325,2023-10-01,59.23,59.23,Paid
PM0002449,P00124,2026-07-01,714.19,714.19,Paid
PM0013941,P00715,2024-04-01,259.73,0.0,Missed
PM0008820,P00452,2025-04-01,196.49,196.49,Paid
PM0000446,P00021,2025-07-01,195.65,195.65,Paid
PM0000031,P00003,2025-04-01,40.13,40.13,Paid
PM0012547,P00645,2025-02-01,187.95,187.95,Paid
PM0012309,P00634,2024-10-01,347.04,0.0,Missed
PM0003685,P00184,2024-02-01,406.16,406.16,Paid
PM0014396,P00739,2025-09-01,147.41,147.41,Paid
PM0014412,P00740,2025-11-01,758.16,758.16,Paid
PM0014297,P00736,2024-09-01,122.83,122.83,Paid
PM0013502,P00693,2025-04-01,313.0,313.0,Paid
PM0007596,P00392,2026-01-01,138.49,138.49,Paid
PM0014482,P00744,2024-06-01,326.31,326.31,Paid
PM0006106,P00317,2024-12-01,140.28,140.28,Paid
PM0008362,P00434,2024-08-01,639.88,0.0,Missed
PM0013611,P00698,2024-10-01,286.36,286.36,Paid
PM0012712,P00652,2026-01-01,687.04,687.04,Paid
PM0000904,P00041,2026-05-01,444.37,444.37,Paid
PM0007975,P00413,2025-08-01,357.69,357.69,Paid
PM0006531,P00334,2025-05-01,525.35,525.35,Paid
PM0007562,P00390,2025-10-01,351.42,351.42,Paid
PM0000096,P00007,2026-01-01,495.09,495.09,Paid
PM0000806,P00037,2024-05-01,530.5,530.5,Paid
PM0004421,P00229,2025-05-01,486.41,486.41,Paid
PM0004413,P00229,2024-09-01,486.41,486.41,Paid
PM0004793,P00252,2024-11-01,228.86,228.86,Paid
PM0002557,P00130,2025-07-01,248.96,248.96,Paid
PM0000638,P00028,2024-12-01,101.58,101.58,Paid
PM0006648,P00340,2025-02-01,163.98,163.98,Paid
PM0006239,P00322,2024-01-01,105.73,105.73,Paid
PM0003825,P00191,2025-05-01,295.15,295.15,Paid
PM0006955,P00355,2025-08-01,70.51,70.51,Paid
PM0005635,P00300,2025-11-01,297.62,297.62,Paid
PM0005684,P00302,2025-08-01,293.34,293.34,Paid
PM0010184,P00524,2024-07-01,189.03,189.03,Paid
PM0010396,P00533,2026-03-01,513.85,513.85,Paid
PM0009389,P00483,2026-03-01,149.54,149.54,Paid
PM0001076,P00049,2025-03-01,64.0,64.0,Paid
PM0006444,P00328,2026-04-01,68.94,35.88,Partial
PM0005394,P00284,2025-08-01,554.65,554.65,Paid
PM0014194,P00730,2025-02-01,362.64,362.64,Paid
PM0012921,P00664,2024-03-01,74.73,74.73,Paid
PM0014019,P00720,2025-07-01,339.91,339.91,Paid
PM0004410,P00229,2024-06-01,486.41,486.41,Paid
PM0009663,P00496,2026-07-01,340.64,340.64,Paid
PM0012829,P00658,2026-04-01,179.53,179.53,Paid
PM0003808,P00191,2023-12-01,295.15,295.15,Paid
PM0010268,P00527,2025-08-01,559.89,559.89,Paid
PM0004838,P00254,2026-02-01,311.13,311.13,Paid
PM0000222,P00014,2023-04-01,207.74,207.74,Paid
PM0002490,P00127,2024-11-01,117.63,0.0,Missed
PM0009460,P00486,2026-06-01,482.7,482.7,Paid
PM0008565,P00442,2025-02-01,89.15,89.15,Paid
PM0006541,P00334,2026-03-01,525.35,294.79,Partial
PM0010703,P00548,2024-10-01,679.35,679.35,Paid
PM0013725,P00703,2026-01-01,218.62,218.62,Paid
PM0006649,P00340,2025-03-01,163.98,163.98,Paid
PM0011344,P00589,2024-11-01,180.3,180.3,Paid
PM0003225,P00162,2023-09-01,283.27,283.27,Paid
PM0004317,P00224,2026-04-01,642.21,642.21,Paid
PM0011415,P00592,2024-03-01,136.15,136.15,Paid
PM0005993,P00313,2025-12-01,251.91,251.91,Paid
PM0004104,P00210,2026-01-01,422.89,422.89,Paid
PM0002343,P00117,2025-07-01,55.81,55.81,Paid
PM0001672,P00078,2023-07-01,500.1,500.1,Paid
PM0005493,P00290,2025-09-01,564.15,564.15,Paid
PM0010668,P00545,2025-01-01,191.08,191.08,Paid
PM0003039,P00152,2023-09-01,108.42,108.42,Paid
PM0007281,P00377,2026-01-01,131.15,131.15,Paid
PM0002979,P00148,2026-07-01,62.38,62.38,Paid
PM0000192,P00011,2026-07-01,150.23,150.23,Paid
PM0002318,P00116,2025-07-01,303.7,303.7,Paid
PM0004841,P00255,2023-12-01,444.0,444.0,Paid
PM0006097,P00316,2026-04-01,790.35,790.35,Paid
PM0009730,P00501,2026-07-01,518.28,518.28,Paid
PM0000727,P00034,2023-11-01,68.03,68.03,Paid
PM0012359,P00636,2024-01-01,152.85,152.85,Paid
PM0005894,P00309,2025-05-01,396.29,396.29,Paid
PM0004670,P00245,2025-09-01,696.24,696.24,Paid
PM0001391,P00066,2024-04-01,343.28,343.28,Paid
PM0010889,P00557,2025-09-01,321.82,321.82,Paid
PM0005888,P00309,2024-11-01,396.29,396.29,Paid
PM0007196,P00371,2025-10-01,233.81,233.81,Paid
PM0011875,P00615,2026-04-01,482.16,482.16,Paid
PM0004603,P00239,2026-07-01,151.43,151.43,Paid
PM0007146,P00369,2025-05-01,183.55,183.55,Paid
PM0004451,P00232,2023-07-01,449.75,449.75,Paid
PM0002454,P00125,2024-12-01,143.81,0.0,Missed
PM0010086,P00519,2024-01-01,429.63,429.63,Paid
PM0009293,P00478,2025-07-01,129.82,129.82,Paid
PM0003904,P00197,2026-06-01,810.95,279.55,Partial
PM0004369,P00226,2025-09-01,719.63,719.63,Paid
PM0013602,P00697,2026-06-01,206.98,0.0,Missed
PM0005222,P00274,2026-06-01,208.87,208.87,Paid
PM0013199,P00676,2026-03-01,349.53,349.53,Paid
PM0014578,P00750,2024-05-01,685.98,685.98,Paid
PM0007024,P00360,2025-04-01,259.6,259.6,Paid
PM0010826,P00552,2025-11-01,1031.65,1031.65,Paid
PM0004540,P00235,2026-07-01,410.39,410.39,Paid
PM0011646,P00601,2024-12-01,54.01,54.01,Paid
PM0004522,P00234,2025-07-01,101.87,101.87,Paid
PM0003674,P00183,2026-05-01,179.81,179.81,Paid
PM0011648,P00601,2025-02-01,54.01,54.01,Paid
PM0000384,P00019,2025-01-01,266.55,266.55,Paid
PM0010683,P00545,2026-04-01,191.08,191.08,Paid
PM0009674,P00498,2025-03-01,514.18,514.18,Paid
PM0002752,P00138,2024-12-01,75.47,75.47,Paid
PM0008206,P00426,2026-02-01,240.12,240.12,Paid
PM0010593,P00542,2025-08-01,177.89,177.89,Paid
PM0006997,P00359,2024-08-01,394.21,394.21,Paid
PM0014094,P00724,2026-01-01,392.33,0.0,Missed
PM0003627,P00182,2025-12-01,226.88,226.88,Paid
PM0011955,P00619,2023-09-01,377.2,377.2,Paid
PM0004376,P00226,2026-04-01,719.63,719.63,Paid
PM0004243,P00221,2025-02-01,354.54,354.54,Paid
PM0004992,P00262,2025-07-01,377.63,0.0,Missed
PM0008425,P00436,2025-05-01,410.56,410.56,Paid
PM0002010,P00098,2025-05-01,246.27,246.27,Paid
PM0012208,P00631,2024-07-01,315.0,315.0,Paid
PM0005791,P00305,2025-04-01,258.23,258.23,Paid
PM0001142,P00052,2026-06-01,219.66,219.66,Paid
PM0008769,P00451,2023-10-01,195.14,195.14,Paid
PM0012465,P00640,2025-04-01,172.35,172.35,Paid
PM0000940,P00043,2026-06-01,536.29,536.29,Paid
PM0011684,P00603,2026-05-01,274.0,274.0,Paid
PM0011541,P00596,2024-09-01,174.96,174.96,Paid
PM0009204,P00474,2025-07-01,544.06,544.06,Paid
PM0002448,P00124,2026-06-01,714.19,714.19,Paid
PM0000543,P00026,2023-09-01,945.63,945.63,Paid
PM0012705,P00652,2025-06-01,687.04,687.04,Paid
PM0002615,P00132,2024-04-01,323.1,323.1,Paid
PM0013409,P00687,2023-12-01,157.79,157.79,Paid
PM0010378,P00532,2026-03-01,412.5,412.5,Paid
PM0011285,P00585,2025-10-01,64.64,64.64,Paid
PM0010739,P00549,2024-06-01,54.97,54.97,Paid
PM0008983,P00464,2024-10-01,287.74,287.74,Paid
PM0009581,P00492,2024-05-01,836.82,836.82,Paid
PM0005997,P00313,2026-04-01,251.91,0.0,Missed
PM0001008,P00046,2024-04-01,408.98,408.98,Paid
PM0007506,P00389,2023-12-01,270.03,270.03,Paid
PM0009363,P00483,2024-01-01,149.54,149.54,Paid
PM0004578,P00239,2024-06-01,151.43,151.43,Paid
PM0012461,P00640,2024-12-01,172.35,172.35,Paid
PM0009738,P00502,2023-12-01,394.36,394.36,Paid
PM0014562,P00749,2025-07-01,243.11,243.11,Paid
PM0013796,P00707,2025-12-01,442.88,442.88,Paid
PM0011448,P00593,2024-01-01,142.88,142.88,Paid
PM0011542,P00596,2024-10-01,174.96,174.96,Paid
PM0007169,P00370,2024-09-01,138.19,138.19,Paid
PM0001316,P00060,2026-04-01,387.34,387.34,Paid
PM0004914,P00258,2025-02-01,243.18,243.18,Paid
PM0005238,P00275,2024-03-01,181.0,120.9,Partial
PM0001883,P00090,2026-06-01,575.68,575.68,Paid
PM0003638,P00183,2023-05-01,179.81,179.81,Paid
PM0001717,P00079,2025-10-01,234.25,234.25,Paid
PM0007779,P00402,2025-10-01,234.54,234.54,Paid
PM0006516,P00334,2024-02-01,525.35,525.35,Paid
PM0008966,P00463,2025-06-01,120.66,120.66,Paid
PM0010622,P00543,2025-10-01,150.12,150.12,Paid
PM0004880,P00257,2023-11-01,229.95,229.95,Paid
PM0014034,P00721,2025-01-01,248.01,248.01,Paid
PM0013589,P00697,2025-05-01,206.98,206.98,Paid
PM0000571,P00026,2026-01-01,945.63,945.63,Paid
PM0002373,P00118,2024-10-01,372.74,0.0,Missed
PM0012971,P00667,2024-09-01,232.57,232.57,Paid
PM0009604,P00492,2026-04-01,836.82,836.82,Paid
PM0008042,P00416,2025-05-01,127.49,0.0,Missed
PM0009454,P00486,2025-12-01,482.7,482.7,Paid
PM0004571,P00238,2026-06-01,229.87,229.87,Paid
PM0002302,P00115,2026-05-01,302.62,302.62,Paid
PM0002733,P00137,2025-05-01,166.98,166.98,Paid
PM0004235,P00221,2024-06-01,354.54,0.0,Missed
PM0004195,P00218,2025-11-01,617.01,617.01,Paid
PM0011423,P00592,2024-11-01,136.15,136.15,Paid
PM0008049,P00416,2025-12-01,127.49,127.49,Paid
PM0002583,P00131,2025-02-01,359.57,359.57,Paid
PM0008157,P00422,2026-05-01,289.52,289.52,Paid
PM0003615,P00182,2024-12-01,226.88,226.88,Paid
PM0003513,P00173,2023-12-01,247.69,247.69,Paid
PM0000669,P00031,2024-11-01,211.73,211.73,Paid
PM0000120,P00008,2025-08-01,317.11,317.11,Paid
PM0013404,P00687,2023-07-01,157.79,157.79,Paid
PM0006948,P00353,2026-06-01,81.36,81.36,Paid
PM0002842,P00142,2025-07-01,318.6,318.6,Paid
PM0014301,P00736,2025-01-01,122.83,122.83,Paid
PM0010330,P00530,2026-07-01,1082.9,1082.9,Paid
PM0010705,P00548,2024-12-01,679.35,679.35,Paid
PM0008781,P00451,2024-10-01,195.14,0.0,Missed
PM0007663,P00396,2026-03-01,555.67,187.18,Partial
PM0010781,P00550,2025-11-01,158.06,158.06,Paid
PM0007749,P00401,2024-09-01,309.09,229.99,Partial
PM0013004,P00668,2023-11-01,75.59,75.59,Paid
PM0010382,P00532,2026-07-01,412.5,412.5,Paid
PM0013447,P00689,2025-07-01,39.27,39.27,Paid
PM0009253,P00477,2024-09-01,708.84,708.84,Paid
PM0000992,P00045,2026-03-01,217.69,109.52,Partial
PM0003710,P00184,2026-03-01,406.16,406.16,Paid
PM0005654,P00301,2024-03-01,157.4,157.4,Paid
PM0012981,P00667,2025-07-01,232.57,232.57,Paid
PM0002698,P00136,2024-06-01,349.29,349.29,Paid
PM0014138,P00727,2025-11-01,87.81,87.81,Paid
PM0001430,P00067,2024-03-01,198.85,198.85,Paid
PM0010231,P00525,2025-12-01,29.64,29.64,Paid
PM0000889,P00041,2025-02-01,444.37,444.37,Paid
PM0005219,P00274,2026-03-01,208.87,208.87,Paid
PM0013755,P00705,2026-01-01,165.8,165.8,Paid
PM0003316,P00165,2025-09-01,882.81,882.81,Paid
PM0013421,P00687,2024-12-01,157.79,157.79,Paid
PM0005626,P00300,2025-02-01,297.62,297.62,Paid
PM0009123,P00471,2024-06-01,337.78,337.78,Paid
PM0012682,P00651,2026-07-01,263.42,263.42,Paid
PM0014394,P00739,2025-07-01,147.41,147.41,Paid
PM0009427,P00485,2025-03-01,288.29,288.29,Paid
PM0005482,P00290,2024-10-01,564.15,564.15,Paid
PM0010487,P00537,2024-09-01,570.54,570.54,Paid
PM0010704,P00548,2024-11-01,679.35,679.35,Paid
PM0009158,P00472,2025-10-01,256.58,256.58,Paid
PM0013759,P00705,2026-05-01,165.8,165.8,Paid
PM0002959,P00148,2024-11-01,62.38,62.38,Paid
PM0011044,P00570,2025-07-01,159.96,159.96,Paid
PM0008349,P00434,2023-07-01,639.88,639.88,Paid
PM0000330,P00016,2025-10-01,180.43,180.43,Paid
PM0006590,P00336,2025-08-01,198.24,198.24,Paid
PM0011310,P00588,2024-10-01,743.35,743.35,Paid
PM0012178,P00629,2026-02-01,489.53,489.53,Paid
PM0000290,P00015,2025-08-01,224.35,224.35,Paid
PM0003911,P00198,2026-02-01,269.68,180.34,Partial
PM0007141,P00369,2024-12-01,183.55,183.55,Paid
PM0001974,P00096,2025-03-01,408.72,408.72,Paid
PM0005883,P00309,2024-06-01,396.29,396.29,Paid
PM0008508,P00440,2025-04-01,373.63,373.63,Paid
PM0002456,P00125,2025-02-01,143.81,143.81,Paid
PM0004237,P00221,2024-08-01,354.54,0.0,Missed
PM0013083,P00671,2026-05-01,377.8,377.8,Paid
PM0000869,P00040,2024-12-01,362.78,362.78,Paid
PM0001820,P00085,2024-03-01,176.78,176.78,Paid
PM0004732,P00249,2025-02-01,320.96,0.0,Missed
PM0010342,P00531,2026-04-01,390.73,390.73,Paid
PM0009970,P00513,2025-05-01,80.59,0.0,Missed
PM0000643,P00028,2025-05-01,101.58,101.58,Paid
PM0004771,P00250,2025-05-01,70.42,70.42,Paid
PM0008584,P00443,2025-04-01,112.5,112.5,Paid
PM0013534,P00695,2024-06-01,547.06,547.06,Paid
PM0012462,P00640,2025-01-01,172.35,172.35,Paid
PM0004816,P00253,2025-12-01,160.77,160.77,Paid
PM0011220,P00581,2026-04-01,101.16,101.16,Paid
PM0001254,P00057,2026-07-01,117.57,117.57,Paid
PM0008148,P00421,2026-03-01,560.92,560.92,Paid
PM0008648,P00445,2025-03-01,778.87,778.87,Paid
PM0012486,P00641,2025-06-01,309.29,309.29,Paid
PM0009664,P00497,2026-01-01,294.83,294.83,Paid
PM0001451,P00067,2025-12-01,198.85,198.85,Paid
PM0013486,P00693,2023-12-01,313.0,313.0,Paid
PM0011454,P00593,2024-07-01,142.88,142.88,Paid
PM0013576,P00696,2025-08-01,104.7,104.7,Paid
PM0000830,P00037,2026-05-01,530.5,530.5,Paid
PM0003274,P00163,2024-08-01,505.44,505.44,Paid
PM0008768,P00451,2023-09-01,195.14,195.14,Paid
PM0002317,P00116,2025-06-01,303.7,303.7,Paid
PM0004539,P00235,2026-06-01,410.39,410.39,Paid
PM0004615,P00241,2025-03-01,232.67,232.67,Paid
PM0000736,P00034,2024-08-01,68.03,50.05,Partial
PM0004704,P00246,2025-12-01,204.0,204.0,Paid
PM0007243,P00374,2024-03-01,115.5,115.5,Paid
PM0000442,P00021,2025-03-01,195.65,195.65,Paid
PM0007430,P00384,2025-04-01,545.23,545.23,Paid
PM0012588,P00647,2025-05-01,199.76,199.76,Paid
PM0011729,P00605,2025-12-01,125.98,125.98,Paid
PM0009020,P00466,2025-10-01,167.02,167.02,Paid
PM0006982,P00357,2026-01-01,429.74,429.74,Paid
PM0013387,P00686,2025-07-01,187.22,133.78,Partial
PM0011524,P00595,2026-01-01,625.3,625.3,Paid
PM0001605,P00075,2025-09-01,496.67,496.67,Paid
PM0001948,P00095,2026-05-01,234.38,234.38,Paid
PM0007289,P00378,2023-02-01,521.31,521.31,Paid
PM0013411,P00687,2024-02-01,157.79,157.79,Paid
PM0011928,P00617,2025-06-01,332.67,332.67,Paid
PM0007316,P00378,2025-05-01,521.31,521.31,Paid
PM0011185,P00579,2023-05-01,146.72,146.72,Paid
PM0010546,P00540,2025-10-01,203.54,203.54,Paid
PM0002153,P00105,2026-03-01,442.04,442.04,Paid
PM0006372,P00327,2023-08-01,428.66,428.66,Paid
PM0014038,P00721,2025-05-01,248.01,248.01,Paid
PM0007632,P00395,2024-02-01,209.53,209.53,Paid
PM0008192,P00426,2024-12-01,240.12,240.12,Paid
PM0003597,P00181,2026-02-01,134.24,134.24,Paid
PM0006145,P00318,2024-08-01,212.45,212.45,Paid
PM0008809,P00452,2024-05-01,196.49,146.29,Partial
PM0005019,P00263,2026-03-01,678.47,678.47,Paid
PM0005915,P00311,2023-06-01,179.72,179.72,Paid
PM0007727,P00400,2023-04-01,50.63,50.63,Paid
PM0010137,P00521,2025-06-01,21.45,21.45,Paid
PM0007463,P00385,2026-01-01,183.7,0.0,Missed
PM0010597,P00542,2025-12-01,177.89,177.89,Paid
PM0006630,P00338,2025-03-01,127.34,127.34,Paid
PM0010011,P00515,2023-11-01,87.15,87.15,Paid
PM0010855,P00554,2026-07-01,46.23,46.23,Paid
PM0001474,P00068,2025-02-01,397.96,397.96,Paid
PM0011333,P00589,2023-12-01,180.3,180.3,Paid
PM0003509,P00173,2023-08-01,247.69,247.69,Paid
PM0001241,P00056,2026-03-01,259.01,259.01,Paid
PM0002928,P00145,2026-04-01,294.38,294.38,Paid
PM0003437,P00170,2024-10-01,388.44,388.44,Paid
PM0003322,P00165,2026-03-01,882.81,882.81,Paid
PM0001858,P00086,2025-06-01,178.36,178.36,Paid
PM0008122,P00421,2024-01-01,560.92,560.92,Paid
PM0005152,P00271,2026-07-01,286.75,286.75,Paid
PM0008582,P00442,2026-07-01,89.15,89.15,Paid
PM0006697,P00341,2025-12-01,207.83,207.83,Paid
PM0004703,P00246,2025-11-01,204.0,204.0,Paid
PM0014037,P00721,2025-04-01,248.01,248.01,Paid
PM0005342,P00282,2025-11-01,396.55,396.55,Paid
PM0008720,P00449,2023-10-01,33.62,33.62,Paid
PM0000755,P00034,2026-03-01,68.03,68.03,Paid
PM0006924,P00353,2024-06-01,81.36,81.36,Paid
PM0003477,P00171,2025-07-01,608.31,608.31,Paid
PM0004916,P00258,2025-04-01,243.18,243.18,Paid
PM0005777,P00305,2024-02-01,258.23,258.23,Paid
PM0012414,P00638,2025-03-01,297.67,297.67,Paid
PM0010896,P00558,2026-06-01,385.89,385.89,Paid
PM0004471,P00232,2025-03-01,449.75,449.75,Paid
PM0004608,P00241,2024-08-01,232.67,232.67,Paid
PM0013061,P00671,2024-07-01,377.8,377.8,Paid
PM0002299,P00114,2026-06-01,558.75,558.75,Paid
PM0005004,P00262,2026-07-01,377.63,377.63,Paid
PM0012812,P00657,2025-07-01,126.71,126.71,Paid
PM0003751,P00186,2026-02-01,100.78,100.78,Paid
PM0005416,P00285,2025-03-01,357.44,357.44,Paid
PM0013907,P00713,2024-01-01,694.25,694.25,Paid
PM0009238,P00477,2023-06-01,708.84,708.84,Paid
PM0011610,P00598,2025-08-01,191.48,191.48,Paid
PM0005816,P00306,2023-10-01,227.92,227.92,Paid
PM0004227,P00221,2023-10-01,354.54,354.54,Paid
PM0008189,P00425,2026-07-01,95.32,0.0,Missed
PM0005676,P00301,2026-01-01,157.4,157.4,Paid
PM0005757,P00304,2025-11-01,134.64,134.64,Paid
PM0006588,P00336,2025-06-01,198.24,198.24,Paid
PM0004134,P00211,2025-01-01,481.39,481.39,Paid
PM0002314,P00116,2025-03-01,303.7,0.0,Missed
PM0008153,P00422,2026-01-01,289.52,289.52,Paid
PM0013870,P00711,2024-07-01,203.34,203.34,Paid
PM0000563,P00026,2025-05-01,945.63,945.63,Paid
PM0013464,P00692,2025-08-01,440.66,440.66,Paid
PM0014069,P00723,2025-05-01,242.27,242.27,Paid
PM0014188,P00730,2024-08-01,362.64,362.64,Paid
PM0001013,P00046,2024-09-01,408.98,408.98,Paid
PM0013313,P00683,2025-12-01,256.4,256.4,Paid
PM0002122,P00103,2025-10-01,836.1,836.1,Paid
PM0000385,P00019,2025-02-01,266.55,266.55,Paid
PM0010560,P00541,2025-05-01,116.95,116.95,Paid
PM0013342,P00684,2025-06-01,128.15,128.15,Paid
PM0009537,P00489,2026-04-01,516.02,195.78,Partial
PM0004757,P00250,2024-03-01,70.42,70.42,Paid
PM0006706,P00342,2026-07-01,132.49,132.49,Paid
PM0001443,P00067,2025-04-01,198.85,198.85,Paid
PM0009559,P00491,2025-11-01,236.06,236.06,Paid
PM0007955,P00413,2023-12-01,357.69,357.69,Paid
PM0007223,P00373,2026-02-01,362.95,362.95,Paid
PM0013537,P00695,2024-09-01,547.06,547.06,Paid
PM0002857,P00143,2024-04-01,472.19,0.0,Missed
PM0005376,P00284,2024-02-01,554.65,554.65,Paid
PM0007093,P00364,2026-02-01,492.7,492.7,Paid
PM0007961,P00413,2024-06-01,357.69,357.69,Paid
PM0004399,P00229,2023-07-01,486.41,486.41,Paid
PM0013780,P00706,2025-06-01,257.22,257.22,Paid
PM0005387,P00284,2025-01-01,554.65,554.65,Paid
PM0001767,P00081,2025-10-01,316.18,316.18,Paid
PM0006002,P00314,2024-06-01,212.52,212.52,Paid
PM0001226,P00056,2024-12-01,259.01,259.01,Paid
PM0005800,P00305,2026-01-01,258.23,258.23,Paid
PM0009855,P00507,2026-07-01,110.0,110.0,Paid
PM0000286,P00015,2025-04-01,224.35,224.35,Paid
PM0009549,P00490,2025-11-01,45.05,45.05,Paid
PM0012300,P00634,2024-01-01,347.04,347.04,Paid
PM0010961,P00563,2024-12-01,142.21,142.21,Paid
PM0002943,P00147,2025-07-01,719.21,719.21,Paid
PM0008840,P00453,2025-10-01,685.23,685.23,Paid
PM0002210,P00108,2026-01-01,422.63,0.0,Missed
PM0007345,P00379,2025-04-01,273.9,273.9,Paid
PM0011752,P00608,2025-02-01,73.34,73.34,Paid
PM0011274,P00585,2024-11-01,64.64,64.64,Paid
PM0001276,P00058,2026-03-01,375.89,375.89,Paid
PM0011339,P00589,2024-06-01,180.3,180.3,Paid
PM0002747,P00137,2026-07-01,166.98,166.98,Paid
PM0002523,P00129,2024-04-01,578.23,578.23,Paid
PM0004320,P00224,2026-07-01,642.21,257.73,Partial
PM0011924,P00617,2025-02-01,332.67,0.0,Missed
PM0008629,P00444,2026-06-01,160.87,160.87,Paid
PM0011649,P00601,2025-03-01,54.01,54.01,Paid
PM0007067,P00363,2026-07-01,30.3,30.3,Paid
PM0003578,P00178,2024-04-01,584.32,584.32,Paid
PM0004116,P00211,2023-07-01,481.39,481.39,Paid
PM0011569,P00597,2025-09-01,196.66,196.66,Paid
PM0007283,P00377,2026-03-01,131.15,131.15,Paid
PM0013968,P00715,2026-07-01,259.73,141.51,Partial
PM0010697,P00548,2024-04-01,679.35,679.35,Paid
PM0014078,P00723,2026-02-01,242.27,242.27,Paid
PM0010180,P00524,2024-03-01,189.03,189.03,Paid
PM0010544,P00540,2025-08-01,203.54,203.54,Paid
PM0006463,P00330,2026-06-01,839.49,839.49,Paid
PM0009192,P00473,2025-10-01,102.27,102.27,Paid
PM0011675,P00602,2025-10-01,45.33,45.33,Paid
PM0002441,P00124,2025-11-01,714.19,231.03,Partial
PM0004772,P00250,2025-06-01,70.42,70.42,Paid
PM0012410,P00638,2024-11-01,297.67,297.67,Paid
PM0007068,P00364,2024-01-01,492.7,492.7,Paid
PM0012609,P00649,2024-03-01,246.64,246.64,Paid
PM0004166,P00214,2025-04-01,377.99,142.86,Partial
PM0000034,P00003,2025-07-01,40.13,40.13,Paid
PM0012952,P00665,2025-11-01,506.83,506.83,Paid
PM0003664,P00183,2025-07-01,179.81,0.0,Missed
PM0006767,P00345,2024-05-01,661.78,661.78,Paid
PM0013033,P00668,2026-04-01,75.59,75.59,Paid
PM0004345,P00226,2023-09-01,719.63,719.63,Paid
PM0000362,P00018,2024-10-01,131.65,131.65,Paid
PM0000847,P00039,2025-03-01,1099.84,1099.84,Paid
PM0012069,P00625,2023-07-01,177.27,177.27,Paid
PM0009453,P00486,2025-11-01,482.7,482.7,Paid
PM0008693,P00446,2025-06-01,130.98,0.0,Missed
PM0007649,P00396,2025-01-01,555.67,555.67,Paid
PM0008502,P00439,2026-06-01,134.08,134.08,Paid
PM0009251,P00477,2024-07-01,708.84,708.84,Paid
PM0010326,P00529,2026-06-01,279.09,279.09,Paid
PM0005702,P00303,2024-05-01,242.73,242.73,Paid
PM0014424,P00741,2025-10-01,710.9,367.9,Partial
PM0013996,P00720,2023-08-01,339.91,339.91,Paid
PM0005077,P00267,2025-02-01,86.79,86.79,Paid
PM0010087,P00519,2024-02-01,429.63,429.63,Paid
PM0010511,P00538,2024-10-01,199.22,199.22,Paid
PM0001961,P00096,2024-02-01,408.72,408.72,Paid
PM0004045,P00207,2026-04-01,95.37,0.0,Missed
PM0005259,P00275,2025-12-01,181.0,181.0,Paid
PM0000201,P00013,2024-12-01,149.19,149.19,Paid
PM0013858,P00710,2025-11-01,153.73,153.73,Paid
PM0002089,P00102,2026-02-01,406.58,406.58,Paid
PM0011239,P00583,2025-08-01,68.95,68.95,Paid
PM0002427,P00124,2024-09-01,714.19,714.19,Paid
PM0009505,P00488,2025-05-01,253.1,0.0,Missed
PM0008139,P00421,2025-06-01,560.92,560.92,Paid
PM0010214,P00525,2024-07-01,29.64,29.64,Paid
PM0014334,P00738,2024-02-01,544.15,544.15,Paid
PM0004948,P00259,2026-06-01,584.68,584.68,Paid
PM0014065,P00723,2025-01-01,242.27,160.73,Partial
PM0011275,P00585,2024-12-01,64.64,0.0,Missed
PM0010839,P00554,2025-03-01,46.23,46.23,Paid
PM0011505,P00595,2024-06-01,625.3,625.3,Paid
PM0010863,P00555,2026-06-01,216.39,216.39,Paid
PM0003144,P00157,2023-12-01,347.53,347.53,Paid
PM0008663,P00445,2026-06-01,778.87,778.87,Paid
PM0000268,P00015,2023-10-01,224.35,0.0,Missed
PM0006395,P00327,2025-07-01,428.66,428.66,Paid
PM0013416,P00687,2024-07-01,157.79,95.16,Partial
PM0008731,P00449,2024-09-01,33.62,33.62,Paid
PM0000114,P00008,2025-02-01,317.11,317.11,Paid
PM0004447,P00230,2026-07-01,353.59,223.69,Partial
PM0007815,P00404,2025-03-01,661.28,661.28,Paid
PM0013745,P00705,2025-03-01,165.8,165.8,Paid
PM0014596,P00750,2025-11-01,685.98,685.98,Paid
PM0011262,P00584,2025-04-01,447.73,0.0,Missed
PM0011759,P00608,2025-09-01,73.34,73.34,Paid
PM0002192,P00107,2025-09-01,275.31,275.31,Paid
PM0010434,P00535,2025-02-01,145.59,145.59,Paid
PM0004974,P00262,2024-01-01,377.63,377.63,Paid
PM0000074,P00006,2026-05-01,428.52,428.52,Paid
PM0013861,P00710,2026-02-01,153.73,153.73,Paid
PM0006899,P00351,2025-03-01,467.05,467.05,Paid
PM0008971,P00463,2025-11-01,120.66,120.66,Paid
PM0006016,P00314,2025-08-01,212.52,212.52,Paid
PM0005896,P00309,2025-07-01,396.29,396.29,Paid
PM0012937,P00664,2025-07-01,74.73,74.73,Paid
PM0013979,P00717,2026-02-01,472.17,472.17,Paid
PM0009800,P00504,2025-09-01,604.93,604.93,Paid
PM0009880,P00509,2024-06-01,191.4,0.0,Missed
PM0003486,P00171,2026-04-01,608.31,608.31,Paid
PM0007035,P00360,2026-03-01,259.6,259.6,Paid
PM0003430,P00170,2024-03-01,388.44,388.44,Paid
PM0004669,P00244,2026-07-01,138.03,138.03,Paid
PM0014012,P00720,2024-12-01,339.91,339.91,Paid
PM0012024,P00622,2026-03-01,198.16,198.16,Paid
PM0001125,P00051,2026-02-01,272.05,272.05,Paid
PM0004254,P00221,2026-01-01,354.54,354.54,Paid
PM0010008,P00515,2023-08-01,87.15,87.15,Paid
PM0005124,P00270,2026-07-01,117.73,117.73,Paid
PM0005567,P00296,2026-06-01,277.13,277.13,Paid
PM0013806,P00708,2024-10-01,180.72,180.72,Paid
PM0012087,P00625,2025-01-01,177.27,177.27,Paid
PM0014110,P00725,2025-05-01,428.12,428.12,Paid
PM0009216,P00475,2026-03-01,494.52,494.52,Paid
PM0012847,P00660,2024-09-01,245.23,245.23,Paid
PM0008156,P00422,2026-04-01,289.52,289.52,Paid
PM0007492,P00387,2026-07-01,344.41,344.41,Paid
PM0003937,P00200,2024-03-01,352.42,352.42,Paid
PM0008569,P00442,2025-06-01,89.15,89.15,Paid
PM0007021,P00360,2025-01-01,259.6,259.6,Paid
PM0014508,P00747,2024-06-01,149.96,149.96,Paid
PM0008682,P00446,2024-07-01,130.98,130.98,Paid
PM0011605,P00598,2025-03-01,191.48,191.48,Paid
PM0004349,P00226,2024-01-01,719.63,719.63,Paid
PM0008078,P00418,2023-06-01,476.51,476.51,Paid
PM0013707,P00702,2026-04-01,279.0,279.0,Paid
PM0008330,P00430,2026-04-01,323.55,0.0,Missed
PM0000857,P00039,2026-01-01,1099.84,1099.84,Paid
PM0011860,P00614,2025-07-01,82.1,82.1,Paid
PM0004867,P00255,2026-02-01,444.0,444.0,Paid
PM0009289,P00478,2025-03-01,129.82,129.82,Paid
PM0004082,P00210,2024-03-01,422.89,422.89,Paid
PM0008040,P00416,2025-03-01,127.49,127.49,Paid
PM0003103,P00156,2023-03-01,231.94,231.94,Paid
PM0003743,P00186,2025-06-01,100.78,100.78,Paid
PM0010555,P00540,2026-07-01,203.54,203.54,Paid
PM0011739,P00607,2025-02-01,143.64,143.64,Paid
PM0005091,P00268,2026-01-01,392.66,392.66,Paid
PM0001954,P00096,2023-07-01,408.72,408.72,Paid
PM0011110,P00574,2026-06-01,117.87,117.87,Paid
PM0002555,P00130,2025-05-01,248.96,248.96,Paid
PM0008266,P00428,2025-10-01,71.98,51.25,Partial
PM0011986,P00619,2026-04-01,377.2,377.2,Paid
PM0006580,P00336,2024-10-01,198.24,198.24,Paid
PM0004400,P00229,2023-08-01,486.41,486.41,Paid
PM0011917,P00617,2024-07-01,332.67,332.67,Paid
PM0000012,P00002,2023-05-01,321.5,321.5,Paid
PM0012247,P00632,2024-05-01,213.13,213.13,Paid
PM0006834,P00348,2025-10-01,467.75,306.7,Partial
PM0006579,P00336,2024-09-01,198.24,198.24,Paid
PM0014134,P00727,2025-07-01,87.81,87.81,Paid
PM0003889,P00197,2025-03-01,810.95,810.95,Paid
PM0009635,P00495,2024-07-01,179.38,179.38,Paid
PM0007860,P00407,2026-04-01,127.02,127.02,Paid
PM0011418,P00592,2024-06-01,136.15,136.15,Paid
PM0002549,P00130,2024-11-01,248.96,248.96,Paid
PM0008423,P00436,2025-03-01,410.56,410.56,Paid
PM0010725,P00549,2023-04-01,54.97,54.97,Paid
PM0010887,P00557,2025-07-01,321.82,321.82,Paid
PM0011977,P00619,2025-07-01,377.2,377.2,Paid
PM0005085,P00267,2025-10-01,86.79,86.79,Paid
PM0000704,P00032,2025-04-01,457.22,457.22,Paid
PM0001216,P00055,2026-04-01,480.85,480.85,Paid
PM0003896,P00197,2025-10-01,810.95,810.95,Paid
PM0003416,P00168,2026-03-01,236.69,236.69,Paid
PM0008091,P00418,2024-07-01,476.51,476.51,Paid
PM0013154,P00674,2026-01-01,176.2,70.03,Partial
PM0004003,P00205,2025-09-01,590.84,590.84,Paid
PM0013028,P00668,2025-11-01,75.59,75.59,Paid
PM0009494,P00487,2025-11-01,378.75,378.75,Paid
PM0002913,P00145,2025-01-01,294.38,294.38,Paid
PM0010856,P00555,2025-11-01,216.39,216.39,Paid
PM0006662,P00340,2026-04-01,163.98,163.98,Paid
PM0000036,P00003,2025-09-01,40.13,40.13,Paid
PM0012595,P00647,2025-12-01,199.76,199.76,Paid
PM0000690,P00032,2024-02-01,457.22,457.22,Paid
PM0008590,P00443,2025-10-01,112.5,112.5,Paid
PM0010255,P00527,2024-07-01,559.89,559.89,Paid
PM0005880,P00309,2024-03-01,396.29,0.0,Missed
PM0013049,P00671,2023-07-01,377.8,377.8,Paid
PM0006030,P00315,2024-02-01,113.63,113.63,Paid
PM0014493,P00745,2026-04-01,508.87,508.87,Paid
PM0011280,P00585,2025-05-01,64.64,30.84,Partial
PM0002376,P00119,2024-07-01,67.83,67.83,Paid
PM0012494,P00641,2026-02-01,309.29,309.29,Paid
PM0002460,P00125,2025-06-01,143.81,143.81,Paid
PM0009328,P00480,2026-06-01,671.59,671.59,Paid
PM0003059,P00152,2025-05-01,108.42,108.42,Paid
PM0001654,P00077,2025-05-01,179.71,179.71,Paid
PM0000341,P00017,2026-05-01,164.26,164.26,Paid
PM0012954,P00665,2026-01-01,506.83,506.83,Paid
PM0009989,P00514,2025-04-01,208.68,208.68,Paid
PM0004062,P00208,2026-07-01,180.53,0.0,Missed
PM0004099,P00210,2025-08-01,422.89,422.89,Paid
PM0008819,P00452,2025-03-01,196.49,196.49,Paid
PM0001589,P00073,2026-06-01,35.19,35.19,Paid
PM0010735,P00549,2024-02-01,54.97,54.97,Paid
PM0012563,P00645,2026-06-01,187.95,187.95,Paid
PM0011633,P00599,2025-10-01,249.05,249.05,Paid
PM0007209,P00372,2026-06-01,610.1,610.1,Paid
PM0002735,P00137,2025-07-01,166.98,166.98,Paid
PM0006273,P00323,2026-01-01,267.34,267.34,Paid
PM0014072,P00723,2025-08-01,242.27,242.27,Paid
PM0005253,P00275,2025-06-01,181.0,181.0,Paid
PM0007380,P00380,2026-07-01,367.3,367.3,Paid
PM0012030,P00623,2024-10-01,255.21,255.21,Paid
PM0013922,P00713,2025-04-01,694.25,694.25,Paid
PM0012416,P00638,2025-05-01,297.67,297.67,Paid
PM0003473,P00171,2025-03-01,608.31,608.31,Paid
PM0003206,P00160,2025-02-01,411.19,411.19,Paid
PM0002858,P00143,2024-05-01,472.19,0.0,Missed
PM0013947,P00715,2024-10-01,259.73,259.73,Paid
PM0000689,P00032,2024-01-01,457.22,457.22,Paid
PM0001764,P00081,2025-07-01,316.18,316.18,Paid
PM0012471,P00640,2025-10-01,172.35,172.35,Paid
PM0009586,P00492,2024-10-01,836.82,836.82,Paid
PM0012402,P00637,2026-03-01,80.81,80.81,Paid
PM0009393,P00483,2026-07-01,149.54,149.54,Paid
PM0003026,P00150,2026-05-01,66.26,66.26,Paid
PM0009224,P00476,2025-08-01,595.25,595.25,Paid
PM0003435,P00170,2024-08-01,388.44,388.44,Paid
PM0002147,P00105,2025-09-01,442.04,442.04,Paid
PM0011150,P00577,2026-07-01,140.41,0.0,Missed
PM0012067,P00624,2026-06-01,918.51,918.51,Paid
PM0011354,P00589,2025-09-01,180.3,180.3,Paid
PM0002912,P00145,2024-12-01,294.38,294.38,Paid
PM0012257,P00632,2025-03-01,213.13,213.13,Paid
PM0006957,P00355,2025-10-01,70.51,70.51,Paid
PM0000038,P00004,2024-12-01,648.32,648.32,Paid
PM0000586,P00027,2023-11-01,65.33,65.33,Paid
PM0014462,P00743,2026-03-01,540.59,540.59,Paid
PM0004350,P00226,2024-02-01,719.63,719.63,Paid
PM0002111,P00103,2024-11-01,836.1,836.1,Paid
PM0002550,P00130,2024-12-01,248.96,248.96,Paid
PM0013366,P00686,2023-10-01,187.22,187.22,Paid
PM0001657,P00077,2025-08-01,179.71,179.71,Paid
PM0002172,P00107,2024-01-01,275.31,275.31,Paid
PM0005415,P00285,2025-02-01,357.44,357.44,Paid
PM0013618,P00698,2025-05-01,286.36,286.36,Paid
PM0013668,P00700,2025-03-01,330.96,330.96,Paid
PM0013854,P00710,2025-07-01,153.73,153.73,Paid
PM0008239,P00427,2025-12-01,290.48,290.48,Paid
PM0010397,P00533,2026-04-01,513.85,513.85,Paid
PM0003469,P00171,2024-11-01,608.31,608.31,Paid
PM0002498,P00127,2025-07-01,117.63,117.63,Paid
PM0006475,P00331,2026-01-01,100.4,100.4,Paid
PM0006285,P00324,2026-05-01,298.71,298.71,Paid
PM0009852,P00507,2026-04-01,110.0,110.0,Paid
PM0013903,P00713,2023-09-01,694.25,694.25,Paid
PM0000725,P00034,2023-09-01,68.03,68.03,Paid
PM0011913,P00617,2024-03-01,332.67,332.67,Paid
PM0006162,P00319,2025-07-01,375.44,375.44,Paid
PM0001048,P00048,2024-06-01,243.93,243.93,Paid
PM0010383,P00533,2025-02-01,513.85,513.85,Paid
PM0006536,P00334,2025-10-01,525.35,525.35,Paid
PM0006156,P00318,2025-07-01,212.45,212.45,Paid
PM0003663,P00183,2025-06-01,179.81,179.81,Paid
PM0000461,P00022,2025-03-01,619.12,619.12,Paid
PM0009866,P00508,2025-07-01,633.22,633.22,Paid
PM0007973,P00413,2025-06-01,357.69,157.16,Partial
PM0014537,P00748,2025-07-01,233.16,233.16,Paid
PM0003995,P00204,2025-06-01,465.1,465.1,Paid
PM0004486,P00232,2026-06-01,449.75,449.75,Paid
PM0007087,P00364,2025-08-01,492.7,492.7,Paid
PM0009086,P00469,2025-01-01,458.43,458.43,Paid
PM0008775,P00451,2024-04-01,195.14,195.14,Paid
PM0001026,P00046,2025-10-01,408.98,408.98,Paid
PM0004897,P00257,2025-04-01,229.95,229.95,Paid
PM0004695,P00246,2025-03-01,204.0,69.05,Partial
PM0007426,P00383,2026-05-01,269.0,0.0,Missed
PM0007129,P00367,2026-02-01,613.85,613.85,Paid
PM0010748,P00549,2025-03-01,54.97,54.97,Paid
PM0009533,P00489,2025-12-01,516.02,516.02,Paid
PM0004383,P00227,2025-12-01,237.45,237.45,Paid
PM0013547,P00695,2025-07-01,547.06,547.06,Paid
PM0006508,P00334,2023-06-01,525.35,525.35,Paid
PM0000873,P00040,2025-04-01,362.78,362.78,Paid
PM0014286,P00735,2026-05-01,209.61,209.61,Paid
PM0008077,P00418,2023-05-01,476.51,476.51,Paid
PM0010377,P00532,2026-02-01,412.5,412.5,Paid
PM0002585,P00131,2025-04-01,359.57,359.57,Paid
PM0011214,P00581,2025-10-01,101.16,101.16,Paid
PM0011661,P00601,2026-03-01,54.01,0.0,Missed
PM0009909,P00510,2025-03-01,375.08,375.08,Paid
PM0005826,P00306,2024-08-01,227.92,227.92,Paid
PM0004293,P00224,2024-04-01,642.21,0.0,Missed
PM0014585,P00750,2024-12-01,685.98,685.98,Paid
PM0013168,P00675,2026-01-01,119.39,119.39,Paid
PM0009358,P00483,2023-08-01,149.54,149.54,Paid
PM0001949,P00095,2026-06-01,234.38,234.38,Paid
PM0001464,P00068,2024-04-01,397.96,397.96,Paid
PM0014321,P00737,2025-10-01,66.99,66.99,Paid
PM0013347,P00684,2025-11-01,128.15,128.15,Paid
PM0000515,P00025,2024-06-01,170.93,170.93,Paid
PM0000916,P00042,2026-07-01,284.88,284.88,Paid
PM0012004,P00621,2025-03-01,181.36,181.36,Paid
PM0008956,P00460,2026-03-01,391.0,391.0,Paid
PM0003403,P00168,2025-02-01,236.69,236.69,Paid
PM0010528,P00539,2024-09-01,220.03,220.03,Paid
PM0012022,P00622,2026-01-01,198.16,198.16,Paid
PM0004322,P00225,2025-04-01,210.95,210.95,Paid
PM0005691,P00302,2026-03-01,293.34,293.34,Paid
PM0012884,P00661,2025-08-01,413.69,413.69,Paid
PM0005197,P00273,2026-07-01,147.79,147.79,Paid
PM0010661,P00544,2026-06-01,524.96,524.96,Paid
PM0010506,P00537,2026-04-01,570.54,570.54,Paid
PM0004484,P00232,2026-04-01,449.75,449.75,Paid
PM0001014,P00046,2024-10-01,408.98,408.98,Paid
PM0010941,P00562,2026-02-01,285.53,285.53,Paid
PM0006934,P00353,2025-04-01,81.36,81.36,Paid
PM0008337,P00431,2026-03-01,51.11,51.11,Paid
PM0009538,P00489,2026-05-01,516.02,516.02,Paid
PM0013705,P00702,2026-02-01,279.0,279.0,Paid
PM0007838,P00405,2025-02-01,260.54,260.54,Paid
PM0006200,P00320,2025-09-01,149.0,149.0,Paid
PM0011147,P00577,2026-04-01,140.41,140.41,Paid
PM0004942,P00259,2025-12-01,584.68,584.68,Paid
PM0002767,P00138,2026-03-01,75.47,75.47,Paid
PM0014543,P00748,2026-01-01,233.16,233.16,Paid
PM0006050,P00315,2025-10-01,113.63,113.63,Paid
PM0001802,P00084,2026-03-01,455.57,455.57,Paid
PM0006567,P00335,2026-01-01,77.12,77.12,Paid
PM0004569,P00238,2026-04-01,229.87,229.87,Paid
PM0010872,P00557,2024-04-01,321.82,321.82,Paid
PM0011579,P00597,2026-07-01,196.66,196.66,Paid
PM0007751,P00401,2024-11-01,309.09,0.0,Missed
PM0012534,P00644,2025-12-01,490.38,0.0,Missed
PM0012077,P00625,2024-03-01,177.27,177.27,Paid
PM0014429,P00741,2026-03-01,710.9,710.9,Paid
PM0010063,P00518,2025-02-01,67.39,0.0,Missed
PM0006832,P00348,2025-08-01,467.75,467.75,Paid
PM0008531,P00441,2025-10-01,457.6,457.6,Paid
PM0005521,P00294,2024-12-01,166.79,166.79,Paid
PM0008673,P00446,2023-10-01,130.98,0.0,Missed
PM0000509,P00025,2023-12-01,170.93,0.0,Missed
PM0010204,P00524,2026-03-01,189.03,189.03,Paid
PM0003816,P00191,2024-08-01,295.15,295.15,Paid
PM0009246,P00477,2024-02-01,708.84,708.84,Paid
PM0005532,P00294,2025-11-01,166.79,166.79,Paid
PM0006552,P00335,2024-10-01,77.12,77.12,Paid
PM0004494,P00233,2025-11-01,70.1,70.1,Paid
PM0012422,P00638,2025-11-01,297.67,297.67,Paid
PM0000533,P00025,2025-12-01,170.93,170.93,Paid
PM0011753,P00608,2025-03-01,73.34,73.34,Paid
PM0010765,P00550,2024-07-01,158.06,158.06,Paid
PM0009893,P00509,2025-07-01,191.4,191.4,Paid
PM0001407,P00066,2025-08-01,343.28,343.28,Paid
PM0004954,P00260,2024-05-01,743.27,743.27,Paid
PM0003369,P00167,2024-06-01,379.76,379.76,Paid
PM0011175,P00578,2025-12-01,315.5,315.5,Paid
PM0002676,P00134,2025-02-01,195.27,195.27,Paid
PM0008985,P00465,2026-06-01,351.61,351.61,Paid
PM0008653,P00445,2025-08-01,778.87,778.87,Paid
PM0010464,P00536,2025-11-01,0.0,0.0,Paid
PM0010712,P00548,2025-07-01,679.35,679.35,Paid
PM0012439,P00639,2024-10-01,117.84,117.84,Paid
PM0005392,P00284,2025-06-01,554.65,554.65,Paid
PM0007293,P00378,2023-06-01,521.31,521.31,Paid
PM0012186,P00630,2024-11-01,287.44,287.44,Paid
PM0002247,P00112,2026-01-01,402.19,402.19,Paid
PM0002695,P00135,2026-07-01,168.03,168.03,Paid
PM0001705,P00078,2026-04-01,500.1,500.1,Paid
PM0002039,P00100,2024-11-01,386.41,386.41,Paid
PM0012629,P00649,2025-11-01,246.64,246.64,Paid
PM0003883,P00197,2024-09-01,810.95,810.95,Paid
PM0002999,P00149,2025-07-01,166.92,166.92,Paid
PM0006228,P00321,2026-05-01,76.37,76.37,Paid
PM0005697,P00303,2023-12-01,242.73,242.73,Paid
PM0013609,P00698,2024-08-01,286.36,286.36,Paid
PM0005186,P00273,2025-08-01,147.79,147.79,Paid
PM0000249,P00014,2025-07-01,207.74,207.74,Paid
PM0006501,P00333,2025-08-01,164.97,164.97,Paid
PM0007451,P00385,2025-01-01,183.7,183.7,Paid
PM0003988,P00203,2026-02-01,231.55,231.55,Paid
PM0002416,P00123,2026-04-01,697.83,697.83,Paid
PM0002850,P00142,2026-03-01,318.6,318.6,Paid
PM0012790,P00657,2023-09-01,126.71,0.0,Missed
PM0012386,P00636,2026-04-01,152.85,152.85,Paid
PM0008144,P00421,2025-11-01,560.92,560.92,Paid
PM0007414,P00382,2026-03-01,694.23,694.23,Paid
PM0003946,P00200,2024-12-01,352.42,352.42,Paid
PM0014231,P00732,2025-07-01,130.64,130.64,Paid
PM0013627,P00698,2026-02-01,286.36,286.36,Paid
PM0012116,P00627,2024-06-01,193.55,193.55,Paid
PM0009134,P00471,2025-05-01,337.78,337.78,Paid
PM0002133,P00104,2025-07-01,248.78,248.78,Paid
PM0014440,P00742,2025-09-01,387.1,387.1,Paid
PM0003047,P00152,2024-05-01,108.42,108.42,Paid
PM0010811,P00552,2024-08-01,1031.65,1031.65,Paid
PM0006609,P00337,2025-10-01,119.24,119.24,Paid
PM0009037,P00468,2024-03-01,439.51,439.51,Paid
PM0000221,P00014,2023-03-01,207.74,207.74,Paid
PM0007230,P00374,2023-02-01,115.5,115.5,Paid
PM0013414,P00687,2024-05-01,157.79,157.79,Paid
PM0013655,P00700,2024-02-01,330.96,330.96,Paid
PM0007684,P00397,2025-09-01,230.57,230.57,Paid
PM0008356,P00434,2024-02-01,639.88,639.88,Paid
PM0002581,P00131,2024-12-01,359.57,359.57,Paid
PM0013488,P00693,2024-02-01,313.0,313.0,Paid
PM0013423,P00687,2025-02-01,157.79,157.79,Paid
PM0000123,P00008,2025-11-01,317.11,317.11,Paid
PM0000551,P00026,2024-05-01,945.63,945.63,Paid
PM0007959,P00413,2024-04-01,357.69,357.69,Paid
PM0013259,P00681,2025-10-01,187.31,187.31,Paid
PM0005671,P00301,2025-08-01,157.4,157.4,Paid
PM0010177,P00523,2025-12-01,185.15,185.15,Paid
PM0000049,P00004,2025-11-01,648.32,648.32,Paid
PM0000513,P00025,2024-04-01,170.93,170.93,Paid
PM0008476,P00438,2024-11-01,374.73,374.73,Paid
PM0003085,P00154,2025-12-01,311.67,0.0,Missed
PM0013851,P00709,2026-06-01,262.63,262.63,Paid
PM0006185,P00320,2024-06-01,149.0,149.0,Paid
PM0005317,P00281,2025-11-01,44.33,0.0,Missed
PM0008369,P00434,2025-03-01,639.88,639.88,Paid
PM0006994,P00359,2024-05-01,394.21,394.21,Paid
PM0006595,P00336,2026-01-01,198.24,198.24,Paid
PM0012314,P00634,2025-03-01,347.04,347.04,Paid
PM0008858,P00454,2024-04-01,258.55,258.55,Paid
PM0002709,P00136,2025-05-01,349.29,349.29,Paid
PM0008381,P00434,2026-03-01,639.88,639.88,Paid
PM0009347,P00482,2025-12-01,168.92,168.92,Paid
PM0006132,P00318,2023-07-01,212.45,212.45,Paid
PM0002660,P00133,2025-04-01,144.56,144.56,Paid
PM0006437,P00328,2025-09-01,68.94,0.0,Missed
PM0010775,P00550,2025-05-01,158.06,158.06,Paid
PM0010459,P00536,2025-06-01,0.0,0.0,Paid
PM0001045,P00047,2026-05-01,167.5,0.0,Missed
PM0006798,P00347,2024-02-01,629.61,629.61,Paid
PM0012642,P00650,2023-11-01,300.09,300.09,Paid
PM0007332,P00379,2024-03-01,273.9,273.9,Paid
PM0003676,P00183,2026-07-01,179.81,179.81,Paid
PM0003131,P00156,2025-07-01,231.94,0.0,Missed
PM0014117,P00725,2025-12-01,428.12,428.12,Paid
PM0001373,P00065,2025-12-01,174.21,174.21,Paid
PM0014016,P00720,2025-04-01,339.91,339.91,Paid
PM0012639,P00650,2023-08-01,300.09,300.09,Paid
PM0002809,P00139,2026-07-01,560.94,560.94,Paid
PM0005733,P00304,2023-11-01,134.64,134.64,Paid
PM0008578,P00442,2026-03-01,89.15,89.15,Paid
PM0001729,P00080,2024-01-01,493.08,493.08,Paid
PM0011777,P00609,2025-01-01,446.21,446.21,Paid
PM0011870,P00614,2026-05-01,82.1,82.1,Paid
PM0014410,P00740,2025-09-01,758.16,0.0,Missed
PM0005104,P00270,2024-11-01,117.73,117.73,Paid
PM0005908,P00309,2026-07-01,396.29,0.0,Missed
PM0013296,P00683,2024-07-01,256.4,256.4,Paid
PM0007358,P00379,2026-05-01,273.9,191.68,Partial
PM0013959,P00715,2025-10-01,259.73,259.73,Paid
PM0008234,P00427,2025-07-01,290.48,290.48,Paid
PM0009541,P00490,2025-03-01,45.05,45.05,Paid
PM0010358,P00532,2024-07-01,412.5,412.5,Paid
PM0011130,P00576,2025-04-01,0.0,0.0,Paid
PM0008095,P00418,2024-11-01,476.51,476.51,Paid
PM0003420,P00168,2026-07-01,236.69,236.69,Paid
PM0004786,P00251,2026-01-01,601.29,601.29,Paid
PM0006319,P00325,2025-08-01,59.23,59.23,Paid
PM0006136,P00318,2023-11-01,212.45,212.45,Paid
PM0004613,P00241,2025-01-01,232.67,232.67,Paid
PM0002972,P00148,2025-12-01,62.38,62.38,Paid
PM0003429,P00170,2024-02-01,388.44,388.44,Paid
PM0011327,P00588,2026-03-01,743.35,743.35,Paid
PM0009959,P00512,2026-07-01,93.98,93.98,Paid
PM0012253,P00632,2024-11-01,213.13,213.13,Paid
PM0011148,P00577,2026-05-01,140.41,140.41,Paid
PM0007190,P00370,2026-06-01,138.19,138.19,Paid
PM0006479,P00331,2026-05-01,100.4,0.0,Missed
PM0010479,P00537,2024-01-01,570.54,570.54,Paid
PM0010084,P00519,2023-11-01,429.63,429.63,Paid
PM0004740,P00249,2025-10-01,320.96,225.56,Partial
PM0006339,P00326,2023-12-01,203.51,203.51,Paid
PM0007227,P00373,2026-06-01,362.95,362.95,Paid
PM0002520,P00128,2026-05-01,223.26,223.26,Paid
PM0010707,P00548,2025-02-01,679.35,679.35,Paid
PM0002252,P00112,2026-06-01,402.19,0.0,Missed
PM0010325,P00529,2026-05-01,279.09,279.09,Paid
PM0012736,P00654,2024-08-01,170.82,58.75,Partial
PM0012122,P00627,2024-12-01,193.55,193.55,Paid
PM0013315,P00683,2026-02-01,256.4,256.4,Paid
PM0006178,P00320,2023-11-01,149.0,149.0,Paid
PM0013489,P00693,2024-03-01,313.0,208.62,Partial
PM0010221,P00525,2025-02-01,29.64,29.64,Paid
PM0005246,P00275,2024-11-01,181.0,181.0,Paid
PM0001908,P00092,2026-05-01,216.63,216.63,Paid
PM0001153,P00053,2026-01-01,742.45,742.45,Paid
PM0000506,P00025,2023-09-01,170.93,170.93,Paid
PM0014209,P00730,2026-05-01,362.64,362.64,Paid
PM0011772,P00609,2024-08-01,446.21,446.21,Paid
PM0011807,P00612,2026-01-01,744.62,744.62,Paid
PM0001927,P00094,2024-08-01,269.34,269.34,Paid
PM0003920,P00199,2023-12-01,381.36,184.07,Partial
PM0011240,P00583,2025-09-01,68.95,0.0,Missed
PM0012409,P00638,2024-10-01,297.67,297.67,Paid
PM0000302,P00016,2023-06-01,180.43,180.43,Paid
PM0001628,P00077,2023-03-01,179.71,179.71,Paid
PM0000617,P00027,2026-06-01,65.33,65.33,Paid
PM0003858,P00194,2024-11-01,765.13,765.13,Paid
PM0005827,P00306,2024-09-01,227.92,227.92,Paid
PM0006166,P00319,2025-11-01,375.44,375.44,Paid
PM0008941,P00459,2025-02-01,413.49,413.49,Paid
PM0009044,P00468,2024-10-01,439.51,439.51,Paid
PM0000544,P00026,2023-10-01,945.63,945.63,Paid
PM0007763,P00402,2024-06-01,234.54,234.54,Paid
PM0011380,P00590,2025-12-01,368.18,368.18,Paid
PM0010912,P00562,2023-09-01,285.53,285.53,Paid
PM0004503,P00234,2023-12-01,101.87,101.87,Paid
PM0003683,P00184,2023-12-01,406.16,406.16,Paid
PM0012269,P00632,2026-03-01,213.13,213.13,Paid
PM0002073,P00102,2024-10-01,406.58,406.58,Paid
PM0006542,P00334,2026-04-01,525.35,525.35,Paid
PM0003212,P00161,2025-06-01,357.99,357.99,Paid
PM0002884,P00143,2026-07-01,472.19,472.19,Paid
PM0013970,P00716,2026-01-01,205.59,205.59,Paid
PM0010318,P00529,2025-10-01,279.09,279.09,Paid
PM0000053,P00004,2026-03-01,648.32,648.32,Paid
PM0004368,P00226,2025-08-01,719.63,719.63,Paid
PM0005105,P00270,2024-12-01,117.73,117.73,Paid
PM0011101,P00572,2026-02-01,619.24,619.24,Paid
PM0001308,P00059,2026-04-01,134.5,134.5,Paid
PM0001171,P00054,2025-09-01,148.34,148.34,Paid
PM0011791,P00611,2025-04-01,552.64,552.64,Paid
PM0009656,P00495,2026-04-01,179.38,179.38,Paid
PM0010909,P00561,2025-12-01,75.19,75.19,Paid
PM0006403,P00327,2026-03-01,428.66,428.66,Paid
PM0010393,P00533,2025-12-01,513.85,513.85,Paid
PM0008133,P00421,2024-12-01,560.92,560.92,Paid
PM0012320,P00635,2023-07-01,102.05,0.0,Missed
PM0001906,P00092,2026-03-01,216.63,216.63,Paid
PM0002183,P00107,2024-12-01,275.31,275.31,Paid
PM0007277,P00376,2025-04-01,194.74,194.74,Paid
PM0003993,P00203,2026-07-01,231.55,231.55,Paid
PM0005666,P00301,2025-03-01,157.4,0.0,Missed
PM0011539,P00596,2024-07-01,174.96,174.96,Paid
PM0010380,P00532,2026-05-01,412.5,412.5,Paid
PM0011786,P00611,2024-11-01,552.64,552.64,Paid
PM0000966,P00044,2026-04-01,205.22,205.22,Paid
PM0011168,P00578,2025-05-01,315.5,315.5,Paid
PM0000434,P00021,2024-07-01,195.65,195.65,Paid
PM0005157,P00272,2024-09-01,176.81,176.81,Paid
PM0006634,P00339,2026-06-01,683.57,683.57,Paid
PM0002482,P00127,2024-03-01,117.63,117.63,Paid
PM0007606,P00393,2025-03-01,834.88,834.88,Paid
PM0003257,P00162,2026-05-01,283.27,283.27,Paid
PM0004253,P00221,2025-12-01,354.54,354.54,Paid
PM0006647,P00340,2025-01-01,163.98,163.98,Paid
PM0013038,P00669,2026-06-01,155.92,155.92,Paid
PM0009563,P00491,2026-03-01,236.06,0.0,Missed
PM0007158,P00369,2026-05-01,183.55,183.55,Paid
PM0006739,P00343,2026-01-01,97.41,97.41,Paid
PM0011645,P00601,2024-11-01,54.01,54.01,Paid
PM0010660,P00544,2026-05-01,524.96,524.96,Paid
PM0014351,P00738,2025-07-01,544.15,187.6,Partial
PM0014400,P00739,2026-01-01,147.41,110.26,Partial
PM0005919,P00311,2023-10-01,179.72,179.72,Paid
PM0003149,P00157,2024-05-01,347.53,347.53,Paid
PM0013289,P00682,2026-07-01,511.43,511.43,Paid
PM0010835,P00554,2024-11-01,46.23,46.23,Paid
PM0001172,P00054,2025-10-01,148.34,148.34,Paid
PM0001334,P00064,2025-09-01,0.0,0.0,Paid
PM0003275,P00163,2024-09-01,505.44,505.44,Paid
PM0011691,P00604,2024-10-01,1040.1,1040.1,Paid
PM0002525,P00129,2024-06-01,578.23,396.94,Partial
PM0001817,P00085,2023-12-01,176.78,176.78,Paid
PM0000546,P00026,2023-12-01,945.63,945.63,Paid
PM0011988,P00619,2026-06-01,377.2,377.2,Paid
PM0002076,P00102,2025-01-01,406.58,406.58,Paid
PM0004440,P00230,2025-12-01,353.59,353.59,Paid
PM0001472,P00068,2024-12-01,397.96,397.96,Paid
PM0013201,P00676,2026-05-01,349.53,349.53,Paid
PM0009669,P00497,2026-06-01,294.83,294.83,Paid
PM0004288,P00223,2025-12-01,296.76,296.76,Paid
PM0007100,P00365,2025-01-01,75.89,75.89,Paid
PM0012559,P00645,2026-02-01,187.95,187.95,Paid
PM0009250,P00477,2024-06-01,708.84,0.0,Missed
PM0013506,P00693,2025-08-01,313.0,313.0,Paid
PM0012354,P00635,2026-05-01,102.05,102.05,Paid
PM0007177,P00370,2025-05-01,138.19,138.19,Paid
PM0001044,P00047,2026-04-01,167.5,167.5,Paid
PM0003017,P00150,2025-08-01,66.26,66.26,Paid
PM0005098,P00269,2026-02-01,925.24,925.24,Paid
PM0003690,P00184,2024-07-01,406.16,406.16,Paid
PM0014588,P00750,2025-03-01,685.98,685.98,Paid
PM0010196,P00524,2025-07-01,189.03,189.03,Paid
PM0000369,P00018,2025-05-01,131.65,131.65,Paid
PM0000726,P00034,2023-10-01,68.03,68.03,Paid
PM0007073,P00364,2024-06-01,492.7,492.7,Paid
PM0007795,P00403,2025-11-01,137.28,137.28,Paid
PM0000989,P00045,2025-12-01,217.69,217.69,Paid
PM0009390,P00483,2026-04-01,149.54,0.0,Missed
PM0010375,P00532,2025-12-01,412.5,412.5,Paid
PM0013450,P00689,2025-10-01,39.27,39.27,Paid
PM0004588,P00239,2025-04-01,151.43,151.43,Paid
PM0006738,P00343,2025-12-01,97.41,97.41,Paid
PM0011304,P00588,2024-04-01,743.35,743.35,Paid
PM0000426,P00021,2023-11-01,195.65,195.65,Paid
PM0006121,P00317,2026-03-01,140.28,140.28,Paid
PM0000041,P00004,2025-03-01,648.32,648.32,Paid
PM0012457,P00639,2026-04-01,117.84,117.84,Paid
PM0007900,P00410,2024-12-01,156.23,0.0,Missed
PM0009139,P00471,2025-10-01,337.78,337.78,Paid
PM0011677,P00603,2025-10-01,274.0,274.0,Paid
PM0007091,P00364,2025-12-01,492.7,492.7,Paid
PM0008465,P00438,2023-12-01,374.73,374.73,Paid
PM0005018,P00263,2026-02-01,678.47,678.47,Paid
PM0008488,P00438,2025-11-01,374.73,374.73,Paid
PM0002354,P00117,2026-06-01,55.81,55.81,Paid
PM0010166,P00522,2026-06-01,478.26,478.26,Paid
PM0004956,P00260,2024-07-01,743.27,743.27,Paid
PM0011996,P00620,2026-01-01,494.94,494.94,Paid
PM0002666,P00133,2025-10-01,144.56,144.56,Paid
PM0002026,P00099,2025-09-01,706.95,706.95,Paid
PM0006657,P00340,2025-11-01,163.98,163.98,Paid
PM0013837,P00709,2025-04-01,262.63,262.63,Paid
PM0006042,P00315,2025-02-01,113.63,113.63,Paid
PM0014595,P00750,2025-10-01,685.98,685.98,Paid
PM0011251,P00584,2024-05-01,447.73,447.73,Paid
PM0009894,P00509,2025-08-01,191.4,191.4,Paid
PM0004733,P00249,2025-03-01,320.96,320.96,Paid
PM0011347,P00589,2025-02-01,180.3,180.3,Paid
PM0013933,P00713,2026-03-01,694.25,694.25,Paid
PM0010496,P00537,2025-06-01,570.54,570.54,Paid
PM0012288,P00633,2026-05-01,167.48,167.48,Paid
PM0009566,P00491,2026-06-01,236.06,236.06,Paid
PM0007133,P00367,2026-06-01,613.85,428.96,Partial
PM0003391,P00167,2026-04-01,379.76,379.76,Paid
PM0010283,P00528,2025-11-01,91.62,91.62,Paid
PM0012557,P00645,2025-12-01,187.95,187.95,Paid
PM0009514,P00488,2026-02-01,253.1,253.1,Paid
PM0003606,P00182,2024-03-01,226.88,226.88,Paid
PM0013919,P00713,2025-01-01,694.25,349.05,Partial
PM0008988,P00466,2023-02-01,167.02,167.02,Paid
PM0004874,P00257,2023-05-01,229.95,229.95,Paid
PM0001663,P00077,2026-02-01,179.71,179.71,Paid
PM0010936,P00562,2025-09-01,285.53,285.53,Paid
PM0008501,P00439,2026-05-01,134.08,134.08,Paid
PM0011606,P00598,2025-04-01,191.48,0.0,Missed
PM0006981,P00357,2025-12-01,429.74,429.74,Paid
PM0006852,P00350,2024-08-01,338.69,338.69,Paid
PM0002469,P00125,2026-03-01,143.81,143.81,Paid
PM0003729,P00186,2024-04-01,100.78,100.78,Paid
PM0013765,P00706,2024-03-01,257.22,257.22,Paid
PM0004016,P00206,2026-07-01,239.6,239.6,Paid
PM0000553,P00026,2024-07-01,945.63,945.63,Paid
PM0004924,P00258,2025-12-01,243.18,243.18,Paid
PM0009683,P00498,2025-12-01,514.18,514.18,Paid
PM0013775,P00706,2025-01-01,257.22,257.22,Paid
PM0012701,P00652,2025-02-01,687.04,687.04,Paid
PM0013776,P00706,2025-02-01,257.22,257.22,Paid
PM0002436,P00124,2025-06-01,714.19,714.19,Paid
PM0001176,P00054,2026-02-01,148.34,148.34,Paid
PM0012171,P00629,2025-07-01,489.53,489.53,Paid
PM0009831,P00506,2025-08-01,62.5,62.5,Paid
PM0010523,P00539,2024-04-01,220.03,220.03,Paid
PM0002778,P00139,2023-12-01,560.94,560.94,Paid
PM0002915,P00145,2025-03-01,294.38,294.38,Paid
PM0008732,P00449,2024-10-01,33.62,33.62,Paid
PM0003765,P00189,2026-05-01,204.74,78.19,Partial
PM0001033,P00046,2026-05-01,408.98,408.98,Paid
PM0007104,P00365,2025-05-01,75.89,75.89,Paid
PM0008704,P00446,2026-05-01,130.98,130.98,Paid
PM0007716,P00399,2025-09-01,87.55,87.55,Paid
PM0009528,P00489,2025-07-01,516.02,516.02,Paid
PM0005472,P00290,2023-12-01,564.15,0.0,Missed
PM0007519,P00389,2025-01-01,270.03,270.03,Paid
PM0003827,P00191,2025-07-01,295.15,295.15,Paid
PM0012049,P00623,2026-05-01,255.21,255.21,Paid
PM0001866,P00088,2023-11-01,442.24,0.0,Missed
PM0006740,P00343,2026-02-01,97.41,97.41,Paid
PM0011015,P00569,2026-06-01,450.06,450.06,Paid
PM0007260,P00374,2025-08-01,115.5,115.5,Paid
PM0003301,P00164,2025-12-01,119.33,119.33,Paid
PM0006599,P00337,2024-12-01,119.24,119.24,Paid
PM0000274,P00015,2024-04-01,224.35,224.35,Paid
PM0006851,P00349,2026-02-01,354.57,354.57,Paid
PM0011297,P00587,2026-02-01,63.77,63.77,Paid
PM0003382,P00167,2025-07-01,379.76,379.76,Paid
PM0002577,P00131,2024-08-01,359.57,359.57,Paid
PM0001799,P00083,2026-05-01,221.46,221.46,Paid
PM0003716,P00185,2025-09-01,385.7,0.0,Missed
PM0006791,P00345,2026-05-01,661.78,661.78,Paid
PM0014071,P00723,2025-07-01,242.27,242.27,Paid
PM0005831,P00306,2025-01-01,227.92,110.2,Partial
PM0014074,P00723,2025-10-01,242.27,242.27,Paid
PM0010263,P00527,2025-03-01,559.89,559.89,Paid
PM0011027,P00570,2024-02-01,159.96,159.96,Paid
PM0012951,P00665,2025-10-01,506.83,506.83,Paid
PM0010014,P00515,2024-02-01,87.15,87.15,Paid
PM0004184,P00215,2026-07-01,30.9,30.9,Paid
PM0010907,P00561,2025-10-01,75.19,75.19,Paid
PM0010967,P00564,2025-08-01,387.81,387.81,Paid
PM0006672,P00341,2023-11-01,207.83,207.83,Paid
PM0008068,P00417,2026-01-01,219.24,219.24,Paid
PM0010718,P00548,2026-01-01,679.35,679.35,Paid
PM0004483,P00232,2026-03-01,449.75,449.75,Paid
PM0011083,P00572,2024-08-01,619.24,619.24,Paid
PM0004153,P00212,2026-03-01,333.07,333.07,Paid
PM0001133,P00052,2025-09-01,219.66,219.66,Paid
PM0001417,P00066,2026-06-01,343.28,343.28,Paid
PM0000328,P00016,2025-08-01,180.43,180.43,Paid
PM0011154,P00578,2024-03-01,315.5,315.5,Paid
PM0012133,P00627,2025-11-01,193.55,193.55,Paid
PM0009884,P00509,2024-10-01,191.4,191.4,Paid
PM0014061,P00723,2024-09-01,242.27,116.63,Partial
PM0014461,P00743,2026-02-01,540.59,540.59,Paid
PM0002997,P00149,2025-05-01,166.92,166.92,Paid
PM0012901,P00662,2025-07-01,135.48,135.48,Paid
PM0012548,P00645,2025-03-01,187.95,187.95,Paid
PM0011488,P00594,2025-09-01,182.88,182.88,Paid
PM0002272,P00113,2024-12-01,16.19,16.19,Paid
PM0012803,P00657,2024-10-01,126.71,126.71,Paid
PM0013659,P00700,2024-06-01,330.96,330.96,Paid
PM0009964,P00513,2024-11-01,80.59,80.59,Paid
PM0008490,P00438,2026-01-01,374.73,374.73,Paid
PM0012334,P00635,2024-09-01,102.05,0.0,Missed
PM0012394,P00637,2025-07-01,80.81,80.81,Paid
PM0013550,P00695,2025-10-01,547.06,547.06,Paid
PM0005634,P00300,2025-10-01,297.62,297.62,Paid
PM0000447,P00021,2025-08-01,195.65,195.65,Paid
PM0001219,P00055,2026-07-01,480.85,480.85,Paid
PM0003558,P00175,2026-04-01,349.51,349.51,Paid
PM0000054,P00004,2026-04-01,648.32,648.32,Paid
PM0012180,P00629,2026-04-01,489.53,489.53,Paid
PM0001598,P00074,2026-03-01,128.94,128.94,Paid
PM0001541,P00070,2026-03-01,85.97,85.97,Paid
PM0001554,P00071,2026-02-01,410.51,0.0,Missed
PM0008546,P00442,2023-07-01,89.15,89.15,Paid
PM0012748,P00655,2024-06-01,156.78,156.78,Paid
PM0002579,P00131,2024-10-01,359.57,359.57,Paid
PM0000649,P00028,2025-11-01,101.58,101.58,Paid
PM0000075,P00006,2026-06-01,428.52,0.0,Missed
PM0013739,P00704,2025-09-01,243.78,243.78,Paid
PM0003628,P00182,2026-01-01,226.88,226.88,Paid
PM0006962,P00355,2026-03-01,70.51,70.51,Paid
PM0009332,P00482,2024-09-01,168.92,168.92,Paid
PM0002357,P00118,2023-06-01,372.74,372.74,Paid
PM0004496,P00233,2026-01-01,70.1,70.1,Paid
PM0000413,P00020,2024-06-01,573.96,573.96,Paid
PM0004415,P00229,2024-11-01,486.41,486.41,Paid
PM0002382,P00119,2025-01-01,67.83,0.0,Missed
PM0007965,P00413,2024-10-01,357.69,357.69,Paid
PM0007852,P00406,2026-01-01,432.77,432.77,Paid
PM0003417,P00168,2026-04-01,236.69,102.43,Partial
PM0011616,P00598,2026-02-01,191.48,191.48,Paid
PM0000342,P00017,2026-06-01,164.26,164.26,Paid
PM0002348,P00117,2025-12-01,55.81,55.81,Paid
PM0009647,P00495,2025-07-01,179.38,179.38,Paid
PM0013382,P00686,2025-02-01,187.22,187.22,Paid
PM0002584,P00131,2025-03-01,359.57,359.57,Paid
PM0002804,P00139,2026-02-01,560.94,560.94,Paid
PM0002125,P00103,2026-01-01,836.1,836.1,Paid
PM0005137,P00271,2025-04-01,286.75,286.75,Paid
PM0008276,P00429,2024-03-01,306.99,306.99,Paid
PM0014436,P00742,2025-05-01,387.1,387.1,Paid
PM0008580,P00442,2026-05-01,89.15,89.15,Paid
PM0011517,P00595,2025-06-01,625.3,625.3,Paid
PM0007125,P00367,2025-10-01,613.85,613.85,Paid
PM0002007,P00098,2025-02-01,246.27,246.27,Paid
PM0007181,P00370,2025-09-01,138.19,0.0,Missed
PM0002074,P00102,2024-11-01,406.58,406.58,Paid
PM0006029,P00315,2024-01-01,113.63,113.63,Paid
PM0005272,P00276,2026-05-01,137.11,137.11,Paid
PM0001370,P00065,2025-09-01,174.21,0.0,Missed
PM0010871,P00557,2024-03-01,321.82,321.82,Paid
PM0001692,P00078,2025-03-01,500.1,500.1,Paid
PM0007485,P00387,2025-12-01,344.41,344.41,Paid
PM0005207,P00274,2025-03-01,208.87,208.87,Paid
PM0011756,P00608,2025-06-01,73.34,73.34,Paid
PM0000466,P00022,2025-08-01,619.12,619.12,Paid
PM0011253,P00584,2024-07-01,447.73,447.73,Paid
PM0007734,P00400,2023-11-01,50.63,50.63,Paid
PM0004495,P00233,2025-12-01,70.1,70.1,Paid
PM0008213,P00427,2023-10-01,290.48,290.48,Paid
PM0014579,P00750,2024-06-01,685.98,685.98,Paid
PM0005212,P00274,2025-08-01,208.87,208.87,Paid
PM0002057,P00100,2026-05-01,386.41,386.41,Paid
PM0008920,P00458,2026-03-01,109.32,109.32,Paid
PM0001572,P00073,2025-01-01,35.19,35.19,Paid
PM0005439,P00286,2026-04-01,66.09,66.09,Paid
PM0002406,P00122,2026-06-01,263.2,263.2,Paid
PM0010417,P00534,2026-03-01,79.64,79.64,Paid
PM0008395,P00435,2024-09-01,160.67,160.67,Paid
PM0009483,P00487,2024-12-01,378.75,0.0,Missed
PM0012251,P00632,2024-09-01,213.13,213.13,Paid
PM0003118,P00156,2024-06-01,231.94,231.94,Paid
PM0014569,P00750,2023-08-01,685.98,685.98,Paid
PM0007489,P00387,2026-04-01,344.41,344.41,Paid
PM0012389,P00636,2026-07-01,152.85,77.16,Partial
PM0011458,P00593,2024-11-01,142.88,142.88,Paid
PM0000217,P00013,2026-04-01,149.19,149.19,Paid
PM0014344,P00738,2024-12-01,544.15,169.53,Partial
PM0007375,P00380,2026-02-01,367.3,367.3,Paid
PM0005156,P00272,2024-08-01,176.81,176.81,Paid
PM0013644,P00700,2023-03-01,330.96,330.96,Paid
PM0007816,P00404,2025-04-01,661.28,661.28,Paid
PM0004705,P00246,2026-01-01,204.0,204.0,Paid
PM0005229,P00275,2023-06-01,181.0,181.0,Paid
PM0013754,P00705,2025-12-01,165.8,165.8,Paid
PM0005647,P00301,2023-08-01,157.4,0.0,Missed
PM0009715,P00501,2025-04-01,518.28,518.28,Paid
PM0011851,P00614,2024-10-01,82.1,82.1,Paid
PM0004077,P00210,2023-10-01,422.89,153.52,Partial
PM0003436,P00170,2024-09-01,388.44,388.44,Paid
PM0001933,P00094,2025-02-01,269.34,269.34,Paid
PM0001619,P00076,2026-01-01,588.77,588.77,Paid
PM0008698,P00446,2025-11-01,130.98,130.98,Paid
PM0010027,P00515,2025-03-01,87.15,87.15,Paid
PM0009170,P00473,2023-12-01,102.27,102.27,Paid
PM0007076,P00364,2024-09-01,492.7,492.7,Paid
PM0000784,P00036,2025-07-01,543.71,543.71,Paid
PM0013594,P00697,2025-10-01,206.98,206.98,Paid
PM0000917,P00043,2024-07-01,536.29,536.29,Paid
PM0002085,P00102,2025-10-01,406.58,0.0,Missed
PM0006537,P00334,2025-11-01,525.35,525.35,Paid
PM0003355,P00166,2026-06-01,263.35,0.0,Missed
PM0006949,P00353,2026-07-01,81.36,0.0,Missed
PM0008669,P00446,2023-06-01,130.98,79.99,Partial
PM0006503,P00333,2025-10-01,164.97,164.97,Paid
PM0001818,P00085,2024-01-01,176.78,176.78,Paid
PM0012250,P00632,2024-08-01,213.13,213.13,Paid
PM0000661,P00030,2026-06-01,112.69,112.69,Paid
PM0013191,P00676,2025-07-01,349.53,349.53,Paid
PM0004213,P00220,2025-09-01,204.49,204.49,Paid
PM0009061,P00468,2026-03-01,439.51,439.51,Paid
PM0000404,P00020,2023-09-01,573.96,437.76,Partial
PM0009734,P00502,2023-08-01,394.36,394.36,Paid
PM0011565,P00597,2025-05-01,196.66,196.66,Paid
PM0014054,P00722,2026-05-01,189.68,189.68,Paid
PM0000518,P00025,2024-09-01,170.93,170.93,Paid
PM0005708,P00303,2024-11-01,242.73,242.73,Paid
PM0006751,P00344,2025-11-01,925.69,925.69,Paid
PM0013200,P00676,2026-04-01,349.53,349.53,Paid
PM0007595,P00392,2025-12-01,138.49,0.0,Missed
PM0005643,P00300,2026-07-01,297.62,297.62,Paid
PM0002398,P00121,2026-05-01,131.46,131.46,Paid
PM0008557,P00442,2024-06-01,89.15,89.15,Paid
PM0014160,P00728,2024-09-01,147.25,147.25,Paid
PM0003364,P00167,2024-01-01,379.76,0.0,Missed
PM0010802,P00551,2026-03-01,211.89,211.89,Paid
PM0011410,P00591,2026-03-01,157.95,97.19,Partial
PM0006821,P00347,2026-01-01,629.61,629.61,Paid
PM0000664,P00031,2024-06-01,211.73,211.73,Paid
PM0010688,P00546,2026-07-01,252.32,252.32,Paid
PM0002536,P00130,2023-10-01,248.96,248.96,Paid
PM0011700,P00604,2025-07-01,1040.1,1040.1,Paid
PM0012107,P00626,2025-12-01,143.61,143.61,Paid
PM0010553,P00540,2026-05-01,203.54,203.54,Paid
PM0010041,P00515,2026-05-01,87.15,87.15,Paid
PM0010432,P00535,2024-12-01,145.59,145.59,Paid
PM0008659,P00445,2026-02-01,778.87,458.85,Partial
PM0009128,P00471,2024-11-01,337.78,337.78,Paid
PM0009408,P00484,2026-07-01,109.09,109.09,Paid
PM0005226,P00275,2023-03-01,181.0,181.0,Paid
PM0012842,P00660,2024-04-01,245.23,245.23,Paid
PM0012699,P00652,2024-12-01,687.04,687.04,Paid
PM0010817,P00552,2025-02-01,1031.65,1031.65,Paid
PM0004091,P00210,2024-12-01,422.89,234.12,Partial
PM0001281,P00059,2024-01-01,134.5,134.5,Paid
PM0013074,P00671,2025-08-01,377.8,377.8,Paid
PM0008694,P00446,2025-07-01,130.98,130.98,Paid
PM0001984,P00096,2026-01-01,408.72,408.72,Paid
PM0000366,P00018,2025-02-01,131.65,131.65,Paid
PM0007557,P00390,2025-05-01,351.42,351.42,Paid
PM0003073,P00152,2026-07-01,108.42,108.42,Paid
PM0007980,P00413,2026-01-01,357.69,357.69,Paid
PM0011151,P00578,2023-12-01,315.5,315.5,Paid
PM0014166,P00729,2024-10-01,122.57,122.57,Paid
PM0007335,P00379,2024-06-01,273.9,273.9,Paid
PM0004133,P00211,2024-12-01,481.39,481.39,Paid
PM0007516,P00389,2024-10-01,270.03,270.03,Paid
PM0006152,P00318,2025-03-01,212.45,212.45,Paid
PM0003771,P00190,2024-04-01,488.35,488.35,Paid
PM0002540,P00130,2024-02-01,248.96,248.96,Paid
PM0010389,P00533,2025-08-01,513.85,513.85,Paid
PM0001494,P00069,2023-08-01,143.01,93.09,Partial
PM0001815,P00085,2023-10-01,176.78,176.78,Paid
PM0003328,P00166,2024-03-01,263.35,263.35,Paid
PM0006522,P00334,2024-08-01,525.35,525.35,Paid
PM0008652,P00445,2025-07-01,778.87,778.87,Paid
PM0002836,P00141,2026-02-01,530.16,530.16,Paid
PM0006264,P00322,2026-02-01,105.73,76.04,Partial
PM0002453,P00125,2024-11-01,143.81,143.81,Paid
PM0000971,P00045,2024-06-01,217.69,217.69,Paid
PM0008714,P00448,2026-02-01,387.88,387.88,Paid
PM0012217,P00631,2025-04-01,315.0,315.0,Paid
PM0008543,P00442,2023-04-01,89.15,89.15,Paid
PM0011944,P00618,2025-06-01,713.22,467.0,Partial
PM0013928,P00713,2025-10-01,694.25,694.25,Paid
PM0013298,P00683,2024-09-01,256.4,256.4,Paid
PM0009509,P00488,2025-09-01,253.1,253.1,Paid
PM0003222,P00162,2023-06-01,283.27,283.27,Paid
PM0002424,P00124,2024-06-01,714.19,0.0,Missed
PM0000926,P00043,2025-04-01,536.29,536.29,Paid
PM0001540,P00070,2026-02-01,85.97,85.97,Paid
PM0008106,P00419,2026-02-01,223.24,154.73,Partial
PM0005251,P00275,2025-04-01,181.0,142.78,Partial
PM0000148,P00009,2025-06-01,281.25,281.25,Paid
PM0010239,P00526,2025-11-01,487.16,487.16,Paid
PM0010619,P00543,2025-07-01,150.12,150.12,Paid
PM0000335,P00016,2026-03-01,180.43,180.43,Paid
PM0005782,P00305,2024-07-01,258.23,258.23,Paid
PM0009671,P00498,2024-12-01,514.18,216.07,Partial
PM0004482,P00232,2026-02-01,449.75,449.75,Paid
PM0000502,P00025,2023-05-01,170.93,170.93,Paid
PM0001978,P00096,2025-07-01,408.72,408.72,Paid
PM0010265,P00527,2025-05-01,559.89,559.89,Paid
PM0006540,P00334,2026-02-01,525.35,525.35,Paid
PM0001615,P00075,2026-07-01,496.67,496.67,Paid
PM0007441,P00384,2026-03-01,545.23,545.23,Paid
PM0013244,P00679,2024-08-01,445.32,445.32,Paid
PM0010792,P00551,2025-05-01,211.89,0.0,Missed
PM0006485,P00332,2025-04-01,122.94,122.94,Paid
PM0006005,P00314,2024-09-01,212.52,212.52,Paid
PM0002573,P00131,2024-04-01,359.57,359.57,Paid
PM0005890,P00309,2025-01-01,396.29,396.29,Paid
PM0002866,P00143,2025-01-01,472.19,472.19,Paid
PM0008365,P00434,2024-11-01,639.88,639.88,Paid
PM0014435,P00742,2025-04-01,387.1,387.1,Paid
PM0008980,P00464,2024-07-01,287.74,287.74,Paid
PM0013675,P00700,2025-10-01,330.96,330.96,Paid
PM0006120,P00317,2026-02-01,140.28,140.28,Paid
PM0007405,P00382,2025-06-01,694.23,694.23,Paid
PM0011650,P00601,2025-04-01,54.01,54.01,Paid
PM0011707,P00604,2026-02-01,1040.1,1040.1,Paid
PM0013649,P00700,2023-08-01,330.96,330.96,Paid
PM0011174,P00578,2025-11-01,315.5,315.5,Paid
PM0000495,P00024,2026-03-01,108.85,108.85,Paid
PM0010051,P00518,2024-02-01,67.39,67.39,Paid
PM0004442,P00230,2026-02-01,353.59,353.59,Paid
PM0004387,P00228,2025-11-01,96.21,96.21,Paid
PM0001754,P00081,2024-09-01,316.18,316.18,Paid
PM0000374,P00018,2025-10-01,131.65,131.65,Paid
PM0012035,P00623,2025-03-01,255.21,0.0,Missed
PM0006206,P00320,2026-03-01,149.0,149.0,Paid
PM0000875,P00040,2025-06-01,362.78,362.78,Paid
PM0000558,P00026,2024-12-01,945.63,945.63,Paid
PM0010756,P00549,2025-11-01,54.97,0.0,Missed
PM0013261,P00681,2025-12-01,187.31,187.31,Paid
PM0011725,P00605,2025-08-01,125.98,125.98,Paid
PM0008521,P00440,2026-05-01,373.63,373.63,Paid
PM0003142,P00156,2026-06-01,231.94,231.94,Paid
PM0007264,P00374,2025-12-01,115.5,115.5,Paid
PM0008771,P00451,2023-12-01,195.14,195.14,Paid
PM0005228,P00275,2023-05-01,181.0,181.0,Paid
PM0002222,P00110,2023-12-01,107.57,107.57,Paid
PM0004106,P00210,2026-03-01,422.89,422.89,Paid
PM0005294,P00279,2024-02-01,341.33,341.33,Paid
PM0004764,P00250,2024-10-01,70.42,70.42,Paid
PM0009712,P00501,2025-01-01,518.28,518.28,Paid
PM0007616,P00393,2026-01-01,834.88,834.88,Paid
PM0011111,P00574,2026-07-01,117.87,117.87,Paid
PM0001830,P00085,2025-01-01,176.78,63.48,Partial
PM0007615,P00393,2025-12-01,834.88,834.88,Paid
PM0002650,P00133,2024-06-01,144.56,144.56,Paid
PM0013887,P00711,2025-12-01,203.34,203.34,Paid
PM0001215,P00055,2026-03-01,480.85,480.85,Paid
PM0001921,P00093,2026-02-01,288.37,288.37,Paid
PM0011303,P00588,2024-03-01,743.35,743.35,Paid
PM0009525,P00489,2025-04-01,516.02,516.02,Paid
PM0009338,P00482,2025-03-01,168.92,168.92,Paid
PM0001797,P00082,2026-06-01,174.81,174.81,Paid
PM0012095,P00625,2025-09-01,177.27,177.27,Paid
PM0008893,P00456,2025-10-01,459.62,459.62,Paid
PM0009839,P00506,2026-04-01,62.5,62.5,Paid
PM0011800,P00611,2026-01-01,552.64,552.64,Paid
PM0005906,P00309,2026-05-01,396.29,396.29,Paid
PM0002824,P00140,2025-09-01,584.86,584.86,Paid
PM0013122,P00674,2023-05-01,176.2,126.81,Partial
PM0004097,P00210,2025-06-01,422.89,422.89,Paid
PM0003152,P00157,2024-08-01,347.53,347.53,Paid
PM0001580,P00073,2025-09-01,35.19,35.19,Paid
PM0007229,P00374,2023-01-01,115.5,115.5,Paid
PM0003774,P00190,2024-07-01,488.35,488.35,Paid
PM0011278,P00585,2025-03-01,64.64,64.64,Paid
PM0008942,P00459,2025-03-01,413.49,263.03,Partial
PM0008855,P00454,2024-01-01,258.55,258.55,Paid
PM0003541,P00173,2026-04-01,247.69,247.69,Paid
PM0013856,P00710,2025-09-01,153.73,153.73,Paid
PM0003887,P00197,2025-01-01,810.95,810.95,Paid
PM0003750,P00186,2026-01-01,100.78,100.78,Paid
PM0002053,P00100,2026-01-01,386.41,386.41,Paid
PM0005116,P00270,2025-11-01,117.73,117.73,Paid
PM0006771,P00345,2024-09-01,661.78,661.78,Paid
PM0006518,P00334,2024-04-01,525.35,525.35,Paid
PM0013131,P00674,2024-02-01,176.2,176.2,Paid
PM0003657,P00183,2024-12-01,179.81,179.81,Paid
PM0011314,P00588,2025-02-01,743.35,0.0,Missed
PM0002359,P00118,2023-08-01,372.74,372.74,Paid
PM0006840,P00348,2026-04-01,467.75,467.75,Paid
PM0011392,P00591,2024-09-01,157.95,157.95,Paid
PM0005785,P00305,2024-10-01,258.23,0.0,Missed
PM0013367,P00686,2023-11-01,187.22,0.0,Missed
PM0008726,P00449,2024-04-01,33.62,33.62,Paid
PM0005369,P00284,2023-07-01,554.65,554.65,Paid
PM0003205,P00160,2025-01-01,411.19,411.19,Paid
PM0011758,P00608,2025-08-01,73.34,73.34,Paid
PM0002505,P00127,2026-02-01,117.63,117.63,Paid
PM0005201,P00274,2024-09-01,208.87,208.87,Paid
PM0007865,P00408,2024-10-01,137.55,137.55,Paid
PM0000066,P00005,2026-01-01,182.33,0.0,Missed
PM0005983,P00312,2025-10-01,199.07,199.07,Paid
PM0009085,P00469,2024-12-01,458.43,458.43,Paid
PM0005871,P00308,2026-04-01,245.65,245.65,Paid
PM0001926,P00093,2026-07-01,288.37,288.37,Paid
PM0005641,P00300,2026-05-01,297.62,297.62,Paid
PM0011778,P00609,2025-02-01,446.21,446.21,Paid
PM0004805,P00252,2025-11-01,228.86,228.86,Paid
PM0005528,P00294,2025-07-01,166.79,166.79,Paid
PM0005660,P00301,2024-09-01,157.4,157.4,Paid
PM0014391,P00739,2025-04-01,147.41,147.41,Paid
PM0014366,P00739,2023-03-01,147.41,147.41,Paid
PM0004830,P00254,2025-06-01,311.13,311.13,Paid
PM0000637,P00028,2024-11-01,101.58,101.58,Paid
PM0014399,P00739,2025-12-01,147.41,147.41,Paid
PM0005114,P00270,2025-09-01,117.73,117.73,Paid
PM0002462,P00125,2025-08-01,143.81,143.81,Paid
PM0013120,P00673,2025-11-01,730.17,730.17,Paid
PM0003071,P00152,2026-05-01,108.42,108.42,Paid
PM0007692,P00397,2026-05-01,230.57,230.57,Paid
PM0005618,P00299,2025-12-01,121.63,121.63,Paid
PM0001602,P00075,2025-06-01,496.67,496.67,Paid
PM0006153,P00318,2025-04-01,212.45,212.45,Paid
PM0008885,P00454,2026-07-01,258.55,258.55,Paid
PM0000444,P00021,2025-05-01,195.65,195.65,Paid
PM0004346,P00226,2023-10-01,719.63,719.63,Paid
PM0001371,P00065,2025-10-01,174.21,174.21,Paid
PM0007709,P00399,2025-02-01,87.55,87.55,Paid
PM0013129,P00674,2023-12-01,176.2,176.2,Paid
PM0010150,P00521,2026-07-01,21.45,0.0,Missed
PM0000443,P00021,2025-04-01,195.65,195.65,Paid
PM0003371,P00167,2024-08-01,379.76,379.76,Paid
PM0013944,P00715,2024-07-01,259.73,259.73,Paid
PM0013670,P00700,2025-05-01,330.96,330.96,Paid
PM0011368,P00590,2024-12-01,368.18,209.39,Partial
PM0005002,P00262,2026-05-01,377.63,377.63,Paid
PM0003945,P00200,2024-11-01,352.42,352.42,Paid
PM0013058,P00671,2024-04-01,377.8,377.8,Paid
PM0004977,P00262,2024-04-01,377.63,138.07,Partial
PM0007943,P00412,2026-06-01,319.09,319.09,Paid
PM0001577,P00073,2025-06-01,35.19,27.75,Partial
PM0005384,P00284,2024-10-01,554.65,554.65,Paid
PM0001536,P00070,2025-10-01,85.97,85.97,Paid
PM0008576,P00442,2026-01-01,89.15,89.15,Paid
PM0011994,P00620,2025-11-01,494.94,494.94,Paid
PM0005336,P00282,2025-05-01,396.55,396.55,Paid
PM0010599,P00542,2026-02-01,177.89,0.0,Missed
PM0013239,P00679,2024-03-01,445.32,445.32,Paid
PM0011468,P00593,2025-09-01,142.88,142.88,Paid
PM0007979,P00413,2025-12-01,357.69,357.69,Paid
PM0007882,P00408,2026-03-01,137.55,137.55,Paid
PM0012624,P00649,2025-06-01,246.64,246.64,Paid
PM0000881,P00040,2025-12-01,362.78,362.78,Paid
PM0006460,P00329,2026-06-01,424.18,424.18,Paid
PM0004632,P00242,2026-01-01,91.92,91.92,Paid
PM0004257,P00221,2026-04-01,354.54,354.54,Paid
PM0002051,P00100,2025-11-01,386.41,386.41,Paid
PM0010551,P00540,2026-03-01,203.54,203.54,Paid
PM0005884,P00309,2024-07-01,396.29,396.29,Paid
PM0001785,P00082,2025-06-01,174.81,174.81,Paid
PM0001140,P00052,2026-04-01,219.66,219.66,Paid
PM0007537,P00389,2026-07-01,270.03,270.03,Paid
PM0009875,P00509,2024-01-01,191.4,191.4,Paid
PM0002975,P00148,2026-03-01,62.38,62.38,Paid
PM0007494,P00388,2026-03-01,817.88,817.88,Paid
PM0006192,P00320,2025-01-01,149.0,0.0,Missed
PM0012191,P00630,2025-04-01,287.44,287.44,Paid
PM0012660,P00650,2025-05-01,300.09,300.09,Paid
PM0009962,P00513,2024-09-01,80.59,80.59,Paid
PM0004278,P00222,2026-01-01,42.17,42.17,Paid
PM0012747,P00655,2024-05-01,156.78,156.78,Paid
PM0006830,P00348,2025-06-01,467.75,467.75,Paid
PM0009084,P00469,2024-11-01,458.43,458.43,Paid
PM0001056,P00049,2023-07-01,64.0,64.0,Paid
PM0010507,P00537,2026-05-01,570.54,0.0,Missed
PM0012333,P00635,2024-08-01,102.05,102.05,Paid
PM0008642,P00445,2024-09-01,778.87,778.87,Paid
PM0003137,P00156,2026-01-01,231.94,231.94,Paid
PM0013077,P00671,2025-11-01,377.8,377.8,Paid
PM0010582,P00542,2024-09-01,177.89,177.89,Paid
PM0008322,P00430,2025-08-01,323.55,323.55,Paid
PM0009222,P00476,2025-06-01,595.25,595.25,Paid
PM0002281,P00113,2025-09-01,16.19,16.19,Paid
PM0013987,P00718,2026-07-01,134.33,134.33,Paid
PM0009292,P00478,2025-06-01,129.82,129.82,Paid
PM0007905,P00410,2025-05-01,156.23,156.23,Paid
PM0010152,P00522,2025-04-01,478.26,478.26,Paid
PM0009429,P00485,2025-05-01,288.29,288.29,Paid
PM0010402,P00534,2024-12-01,79.64,79.64,Paid
PM0007366,P00380,2025-05-01,367.3,367.3,Paid
PM0008532,P00441,2025-11-01,457.6,457.6,Paid
PM0007224,P00373,2026-03-01,362.95,362.95,Paid
PM0007735,P00400,2023-12-01,50.63,50.63,Paid
PM0004783,P00250,2026-05-01,70.42,70.42,Paid
PM0013358,P00685,2026-01-01,432.99,432.99,Paid
PM0002375,P00118,2024-12-01,372.74,372.74,Paid
PM0000984,P00045,2025-07-01,217.69,217.69,Paid
PM0013133,P00674,2024-04-01,176.2,0.0,Missed
PM0009004,P00466,2024-06-01,167.02,167.02,Paid
PM0003405,P00168,2025-04-01,236.69,236.69,Paid
PM0006401,P00327,2026-01-01,428.66,428.66,Paid
PM0012872,P00661,2024-08-01,413.69,413.69,Paid
PM0006520,P00334,2024-06-01,525.35,525.35,Paid
PM0001378,P00065,2026-05-01,174.21,128.27,Partial
PM0012916,P00663,2026-07-01,129.41,129.41,Paid
PM0003637,P00183,2023-04-01,179.81,179.81,Paid
PM0007643,P00396,2024-07-01,555.67,555.67,Paid
PM0007002,P00359,2025-01-01,394.21,394.21,Paid
PM0002781,P00139,2024-03-01,560.94,560.94,Paid
PM0002196,P00107,2026-01-01,275.31,275.31,Paid
PM0005122,P00270,2026-05-01,117.73,117.73,Paid
PM0001245,P00056,2026-07-01,259.01,259.01,Paid
PM0004868,P00255,2026-03-01,444.0,444.0,Paid
PM0011600,P00598,2024-10-01,191.48,191.48,Paid
PM0004315,P00224,2026-02-01,642.21,642.21,Paid
PM0010694,P00547,2025-07-01,417.6,417.6,Paid
PM0013645,P00700,2023-04-01,330.96,330.96,Paid
PM0004109,P00210,2026-06-01,422.89,422.89,Paid
PM0013572,P00696,2025-04-01,104.7,57.39,Partial
PM0003384,P00167,2025-09-01,379.76,379.76,Paid
PM0000564,P00026,2025-06-01,945.63,945.63,Paid
PM0005382,P00284,2024-08-01,554.65,554.65,Paid
PM0000651,P00028,2026-01-01,101.58,0.0,Missed
PM0004136,P00211,2025-03-01,481.39,481.39,Paid
PM0002182,P00107,2024-11-01,275.31,275.31,Paid
PM0007637,P00395,2024-07-01,209.53,209.53,Paid
PM0004258,P00221,2026-05-01,354.54,354.54,Paid
PM0013864,P00710,2026-05-01,153.73,153.73,Paid
PM0005891,P00309,2025-02-01,396.29,396.29,Paid
PM0000893,P00041,2025-06-01,444.37,444.37,Paid
PM0012794,P00657,2024-01-01,126.71,126.71,Paid
PM0001340,P00064,2026-03-01,0.0,0.0,Paid
PM0002378,P00119,2024-09-01,67.83,67.83,Paid
PM0007691,P00397,2026-04-01,230.57,230.57,Paid
PM0011231,P00583,2024-12-01,68.95,68.95,Paid
PM0011983,P00619,2026-01-01,377.2,377.2,Paid
PM0012973,P00667,2024-11-01,232.57,232.57,Paid
PM0001491,P00068,2026-07-01,397.96,397.96,Paid
PM0005541,P00295,2025-05-01,314.75,314.75,Paid
PM0006037,P00315,2024-09-01,113.63,0.0,Missed
PM0003008,P00149,2026-04-01,166.92,0.0,Missed
PM0002825,P00140,2025-10-01,584.86,584.86,Paid
PM0013983,P00718,2026-03-01,134.33,134.33,Paid
PM0012540,P00644,2026-06-01,490.38,490.38,Paid
PM0013859,P00710,2025-12-01,153.73,153.73,Paid
PM0012734,P00653,2026-06-01,211.59,211.59,Paid
PM0009673,P00498,2025-02-01,514.18,514.18,Paid
PM0001622,P00076,2026-04-01,588.77,588.77,Paid
PM0001379,P00065,2026-06-01,174.21,174.21,Paid
PM0000837,P00038,2025-11-01,422.3,422.3,Paid
PM0005494,P00290,2025-10-01,564.15,0.0,Missed
PM0003533,P00173,2025-08-01,247.69,247.69,Paid
PM0004795,P00252,2025-01-01,228.86,228.86,Paid
PM0004889,P00257,2024-08-01,229.95,229.95,Paid
PM0013354,P00684,2026-06-01,128.15,128.15,Paid
PM0007693,P00397,2026-06-01,230.57,230.57,Paid
PM0006514,P00334,2023-12-01,525.35,525.35,Paid
PM0009886,P00509,2024-12-01,191.4,191.4,Paid
PM0001828,P00085,2024-11-01,176.78,176.78,Paid
PM0009235,P00476,2026-07-01,595.25,595.25,Paid
PM0008418,P00436,2024-10-01,410.56,410.56,Paid
PM0013498,P00693,2024-12-01,313.0,313.0,Paid
PM0001681,P00078,2024-04-01,500.1,500.1,Paid
PM0012173,P00629,2025-09-01,489.53,489.53,Paid
PM0005893,P00309,2025-04-01,396.29,396.29,Paid
PM0010989,P00566,2025-12-01,572.96,0.0,Missed
PM0001511,P00069,2025-01-01,143.01,143.01,Paid
PM0010616,P00543,2025-04-01,150.12,150.12,Paid
PM0003516,P00173,2024-03-01,247.69,247.69,Paid
PM0001020,P00046,2025-04-01,408.98,408.98,Paid
PM0002403,P00122,2026-03-01,263.2,263.2,Paid
PM0008650,P00445,2025-05-01,778.87,778.87,Paid
PM0005102,P00269,2026-06-01,925.24,925.24,Paid
PM0010837,P00554,2025-01-01,46.23,46.23,Paid
PM0004556,P00236,2026-04-01,768.82,0.0,Missed
PM0008219,P00427,2024-04-01,290.48,290.48,Paid
PM0011328,P00588,2026-04-01,743.35,743.35,Paid
PM0002950,P00148,2024-02-01,62.38,62.38,Paid
PM0009753,P00502,2025-03-01,394.36,394.36,Paid
PM0005559,P00296,2025-10-01,277.13,277.13,Paid
PM0009035,P00467,2026-07-01,174.62,174.62,Paid
PM0004998,P00262,2026-01-01,377.63,377.63,Paid
PM0002267,P00113,2024-07-01,16.19,16.19,Paid
PM0003478,P00171,2025-08-01,608.31,608.31,Paid
PM0002175,P00107,2024-04-01,275.31,275.31,Paid
PM0003972,P00202,2025-11-01,179.65,179.65,Paid
PM0011897,P00616,2025-12-01,648.72,648.72,Paid
PM0006343,P00326,2024-04-01,203.51,203.51,Paid
PM0011839,P00614,2023-10-01,82.1,82.1,Paid
PM0012686,P00652,2023-11-01,687.04,687.04,Paid
PM0000340,P00017,2026-04-01,164.26,164.26,Paid
PM0005388,P00284,2025-02-01,554.65,554.65,Paid
PM0006431,P00328,2025-03-01,68.94,0.0,Missed
PM0009074,P00469,2024-01-01,458.43,458.43,Paid
PM0005121,P00270,2026-04-01,117.73,117.73,Paid
PM0013231,P00679,2023-07-01,445.32,445.32,Paid
PM0014299,P00736,2024-11-01,122.83,122.83,Paid
PM0011989,P00619,2026-07-01,377.2,377.2,Paid
PM0005536,P00294,2026-03-01,166.79,166.79,Paid
PM0004533,P00234,2026-06-01,101.87,101.87,Paid
PM0012729,P00653,2026-01-01,211.59,211.59,Paid
PM0000457,P00021,2026-06-01,195.65,195.65,Paid
PM0003736,P00186,2024-11-01,100.78,100.78,Paid
PM0002332,P00117,2024-08-01,55.81,55.81,Paid
PM0014448,P00742,2026-05-01,387.1,387.1,Paid
PM0003982,P00203,2025-08-01,231.55,231.55,Paid
PM0014340,P00738,2024-08-01,544.15,544.15,Paid
PM0001167,P00054,2025-05-01,148.34,148.34,Paid
PM0007916,P00410,2026-04-01,156.23,156.23,Paid
PM0009114,P00471,2023-09-01,337.78,337.78,Paid
PM0010530,P00539,2024-11-01,220.03,220.03,Paid
PM0008406,P00436,2023-10-01,410.56,410.56,Paid
PM0001958,P00096,2023-11-01,408.72,304.76,Partial
PM0007242,P00374,2024-02-01,115.5,115.5,Paid
PM0011087,P00572,2024-12-01,619.24,619.24,Paid
PM0004542,P00236,2025-02-01,768.82,768.82,Paid
PM0003532,P00173,2025-07-01,247.69,247.69,Paid
PM0002012,P00098,2025-07-01,246.27,246.27,Paid
PM0005810,P00306,2023-04-01,227.92,227.92,Paid
PM0003446,P00170,2025-07-01,388.44,388.44,Paid
PM0008253,P00428,2024-09-01,71.98,71.98,Paid
PM0003036,P00151,2026-06-01,399.27,399.27,Paid
PM0009850,P00507,2026-02-01,110.0,110.0,Paid
PM0013843,P00709,2025-10-01,262.63,262.63,Paid
PM0004336,P00225,2026-06-01,210.95,210.95,Paid
PM0000230,P00014,2023-12-01,207.74,207.74,Paid
PM0011238,P00583,2025-07-01,68.95,68.95,Paid
PM0012185,P00630,2024-10-01,287.44,287.44,Paid
PM0006102,P00317,2024-08-01,140.28,140.28,Paid
PM0009797,P00504,2025-06-01,604.93,604.93,Paid
PM0009767,P00503,2024-05-01,165.85,165.85,Paid
PM0004983,P00262,2024-10-01,377.63,377.63,Paid
PM0002688,P00134,2026-02-01,195.27,195.27,Paid
PM0008093,P00418,2024-09-01,476.51,476.51,Paid
PM0006593,P00336,2025-11-01,198.24,198.24,Paid
PM0012862,P00660,2025-12-01,245.23,245.23,Paid
PM0011016,P00569,2026-07-01,450.06,450.06,Paid
PM0013044,P00671,2023-02-01,377.8,377.8,Paid
PM0006263,P00322,2026-01-01,105.73,105.73,Paid
PM0014526,P00747,2025-12-01,149.96,0.0,Missed
PM0000277,P00015,2024-07-01,224.35,224.35,Paid
PM0010842,P00554,2025-06-01,46.23,46.23,Paid
PM0003348,P00166,2025-11-01,263.35,263.35,Paid
PM0014346,P00738,2025-02-01,544.15,374.28,Partial
PM0011904,P00617,2023-06-01,332.67,332.67,Paid
PM0012379,P00636,2025-09-01,152.85,152.85,Paid
PM0013389,P00686,2025-09-01,187.22,187.22,Paid
PM0003375,P00167,2024-12-01,379.76,379.76,Paid
PM0007855,P00406,2026-04-01,432.77,0.0,Missed
PM0008301,P00429,2026-04-01,306.99,306.99,Paid
PM0013614,P00698,2025-01-01,286.36,286.36,Paid
PM0004113,P00211,2023-04-01,481.39,481.39,Paid
PM0011828,P00613,2024-10-01,192.22,192.22,Paid
PM0003143,P00156,2026-07-01,231.94,231.94,Paid
PM0005115,P00270,2025-10-01,117.73,117.73,Paid
PM0000304,P00016,2023-08-01,180.43,180.43,Paid
PM0001607,P00075,2025-11-01,496.67,496.67,Paid
PM0003423,P00169,2026-02-01,99.54,72.71,Partial
PM0009796,P00504,2025-05-01,604.93,604.93,Paid
PM0006093,P00316,2025-12-01,790.35,790.35,Paid
PM0009766,P00503,2024-04-01,165.85,165.85,Paid
PM0012756,P00655,2025-02-01,156.78,156.78,Paid
PM0000437,P00021,2024-10-01,195.65,195.65,Paid
PM0001727,P00080,2023-11-01,493.08,493.08,Paid
PM0009002,P00466,2024-04-01,167.02,167.02,Paid
PM0013930,P00713,2025-12-01,694.25,694.25,Paid
PM0013935,P00713,2026-05-01,694.25,694.25,Paid
PM0005547,P00295,2025-11-01,314.75,314.75,Paid
PM0014099,P00724,2026-06-01,392.33,392.33,Paid
PM0006682,P00341,2024-09-01,207.83,207.83,Paid
PM0014298,P00736,2024-10-01,122.83,122.83,Paid
PM0001434,P00067,2024-07-01,198.85,198.85,Paid
PM0003344,P00166,2025-07-01,263.35,263.35,Paid
PM0004607,P00241,2024-07-01,232.67,232.67,Paid
PM0007481,P00387,2025-08-01,344.41,344.41,Paid
PM0013509,P00693,2025-11-01,313.0,313.0,Paid
PM0004130,P00211,2024-09-01,481.39,481.39,Paid
PM0001231,P00056,2025-05-01,259.01,259.01,Paid
PM0005554,P00295,2026-06-01,314.75,314.75,Paid
PM0002277,P00113,2025-05-01,16.19,16.19,Paid
PM0012908,P00662,2026-02-01,135.48,135.48,Paid
PM0006355,P00326,2025-04-01,203.51,203.51,Paid
PM0003568,P00176,2026-01-01,338.9,338.9,Paid
PM0009994,P00514,2025-09-01,208.68,208.68,Paid
PM0014222,P00732,2024-10-01,130.64,130.64,Paid
PM0007805,P00404,2024-05-01,661.28,661.28,Paid
PM0012105,P00625,2026-07-01,177.27,177.27,Paid
PM0007736,P00400,2024-01-01,50.63,0.0,Missed
PM0008363,P00434,2024-09-01,639.88,639.88,Paid
PM0013328,P00684,2024-04-01,128.15,128.15,Paid
PM0009130,P00471,2025-01-01,337.78,337.78,Paid
PM0008028,P00416,2024-03-01,127.49,127.49,Paid
PM0008550,P00442,2023-11-01,89.15,89.15,Paid
PM0001146,P00053,2025-06-01,742.45,742.45,Paid
PM0003048,P00152,2024-06-01,108.42,108.42,Paid
PM0012002,P00620,2026-07-01,494.94,0.0,Missed
PM0012740,P00654,2024-12-01,170.82,170.82,Paid
PM0000153,P00009,2025-11-01,281.25,281.25,Paid
PM0003089,P00154,2026-04-01,311.67,116.3,Partial
PM0014459,P00743,2025-12-01,540.59,540.59,Paid
PM0013185,P00676,2025-01-01,349.53,349.53,Paid
PM0008223,P00427,2024-08-01,290.48,290.48,Paid
PM0008485,P00438,2025-08-01,374.73,374.73,Paid
PM0001952,P00096,2023-05-01,408.72,408.72,Paid
PM0013516,P00693,2026-06-01,313.0,313.0,Paid
PM0010067,P00518,2025-06-01,67.39,67.39,Paid
PM0011140,P00576,2026-02-01,0.0,0.0,Paid
PM0000667,P00031,2024-09-01,211.73,211.73,Paid
PM0005639,P00300,2026-03-01,297.62,297.62,Paid
PM0008426,P00436,2025-06-01,410.56,410.56,Paid
PM0003232,P00162,2024-04-01,283.27,283.27,Paid
PM0007575,P00391,2025-08-01,341.5,341.5,Paid
PM0008991,P00466,2023-05-01,167.02,167.02,Paid
PM0011202,P00581,2024-10-01,101.16,101.16,Paid
PM0010311,P00529,2025-03-01,279.09,279.09,Paid
PM0011003,P00567,2025-12-01,85.61,85.61,Paid
PM0004304,P00224,2025-03-01,642.21,270.6,Partial
PM0011765,P00608,2026-03-01,73.34,0.0,Missed
PM0005511,P00291,2026-06-01,353.26,225.68,Partial
PM0005481,P00290,2024-09-01,564.15,564.15,Paid
PM0004054,P00208,2025-11-01,180.53,180.53,Paid
PM0000537,P00025,2026-04-01,170.93,170.93,Paid
PM0000482,P00023,2024-01-01,574.6,0.0,Missed
PM0000490,P00024,2025-10-01,108.85,108.85,Paid
PM0002718,P00136,2026-02-01,349.29,349.29,Paid
PM0012429,P00638,2026-06-01,297.67,297.67,Paid
PM0002231,P00111,2025-06-01,92.77,92.77,Paid
PM0011017,P00570,2023-04-01,159.96,159.96,Paid
PM0012175,P00629,2025-11-01,489.53,489.53,Paid
PM0014380,P00739,2024-05-01,147.41,147.41,Paid
PM0013219,P00677,2026-01-01,138.01,138.01,Paid
PM0006643,P00340,2024-09-01,163.98,163.98,Paid
PM0012966,P00666,2026-03-01,72.37,72.37,Paid
PM0011816,P00613,2023-10-01,192.22,0.0,Missed
PM0013095,P00672,2024-12-01,77.27,77.27,Paid
PM0000144,P00009,2025-02-01,281.25,281.25,Paid
PM0010182,P00524,2024-05-01,189.03,189.03,Paid
PM0004551,P00236,2025-11-01,768.82,768.82,Paid
PM0007569,P00390,2026-05-01,351.42,351.42,Paid
PM0004930,P00258,2026-06-01,243.18,243.18,Paid
PM0014107,P00725,2025-02-01,428.12,428.12,Paid
PM0007546,P00390,2024-06-01,351.42,351.42,Paid
PM0001440,P00067,2025-01-01,198.85,198.85,Paid
PM0000452,P00021,2026-01-01,195.65,195.65,Paid
PM0002263,P00113,2024-03-01,16.19,16.19,Paid
PM0002216,P00108,2026-07-01,422.63,422.63,Paid
PM0003381,P00167,2025-06-01,379.76,118.56,Partial
PM0013901,P00713,2023-07-01,694.25,694.25,Paid
PM0007381,P00381,2024-08-01,137.11,137.11,Paid
PM0004707,P00246,2026-03-01,204.0,204.0,Paid
PM0000975,P00045,2024-10-01,217.69,217.69,Paid
PM0005060,P00266,2026-02-01,547.51,547.51,Paid
PM0001143,P00052,2026-07-01,219.66,219.66,Paid
PM0008813,P00452,2024-09-01,196.49,196.49,Paid
PM0011464,P00593,2025-05-01,142.88,142.88,Paid
PM0001262,P00058,2025-01-01,375.89,375.89,Paid
PM0008080,P00418,2023-08-01,476.51,476.51,Paid
PM0010655,P00544,2025-12-01,524.96,524.96,Paid
PM0003707,P00184,2025-12-01,406.16,406.16,Paid
PM0007550,P00390,2024-10-01,351.42,0.0,Missed
PM0011476,P00593,2026-05-01,142.88,142.88,Paid
PM0003028,P00150,2026-07-01,66.26,66.26,Paid
PM0005713,P00303,2025-04-01,242.73,242.73,Paid
PM0002197,P00107,2026-02-01,275.31,275.31,Paid
PM0012280,P00633,2025-09-01,167.48,167.48,Paid
PM0004963,P00261,2026-01-01,183.02,183.02,Paid
PM0004581,P00239,2024-09-01,151.43,151.43,Paid
PM0012172,P00629,2025-08-01,489.53,489.53,Paid
PM0012762,P00655,2025-08-01,156.78,156.78,Paid
PM0007874,P00408,2025-07-01,137.55,137.55,Paid
PM0001384,P00066,2023-09-01,343.28,343.28,Paid
PM0004514,P00234,2024-11-01,101.87,101.87,Paid
PM0001368,P00065,2025-07-01,174.21,0.0,Missed
PM0011157,P00578,2024-06-01,315.5,315.5,Paid
PM0006965,P00355,2026-06-01,70.51,70.51,Paid
PM0010353,P00532,2024-02-01,412.5,412.5,Paid
PM0009341,P00482,2025-06-01,168.92,168.92,Paid
PM0010124,P00520,2024-09-01,52.54,52.54,Paid
PM0011422,P00592,2024-10-01,136.15,136.15,Paid
PM0005267,P00276,2025-12-01,137.11,0.0,Missed
PM0006226,P00321,2026-03-01,76.37,76.37,Paid
PM0013067,P00671,2025-01-01,377.8,377.8,Paid
PM0002764,P00138,2025-12-01,75.47,75.47,Paid
PM0010888,P00557,2025-08-01,321.82,321.82,Paid
PM0008965,P00462,2026-07-01,119.01,119.01,Paid
PM0010308,P00529,2024-12-01,279.09,279.09,Paid
PM0001322,P00061,2026-06-01,210.31,210.31,Paid
PM0004690,P00246,2024-10-01,204.0,204.0,Paid
PM0013312,P00683,2025-11-01,256.4,256.4,Paid
PM0006897,P00351,2025-01-01,467.05,467.05,Paid
PM0003171,P00158,2026-04-01,516.23,516.23,Paid
PM0014393,P00739,2025-06-01,147.41,147.41,Paid
PM0013995,P00720,2023-07-01,339.91,339.91,Paid
PM0005956,P00312,2023-07-01,199.07,199.07,Paid
PM0006658,P00340,2025-12-01,163.98,163.98,Paid
PM0003601,P00181,2026-06-01,134.24,134.24,Paid
PM0002657,P00133,2025-01-01,144.56,144.56,Paid
PM0009590,P00492,2025-02-01,836.82,836.82,Paid
PM0004917,P00258,2025-05-01,243.18,243.18,Paid
PM0012753,P00655,2024-11-01,156.78,156.78,Paid
PM0013041,P00670,2025-10-01,109.65,109.65,Paid
PM0014604,P00750,2026-07-01,685.98,685.98,Paid
PM0004039,P00207,2025-10-01,95.37,95.37,Paid
PM0011436,P00592,2025-12-01,136.15,136.15,Paid
PM0011881,P00616,2024-08-01,648.72,648.72,Paid
PM0010430,P00535,2024-10-01,145.59,145.59,Paid
PM0000818,P00037,2025-05-01,530.5,530.5,Paid
PM0001129,P00051,2026-06-01,272.05,272.05,Paid
PM0011473,P00593,2026-02-01,142.88,142.88,Paid
PM0003505,P00173,2023-04-01,247.69,247.69,Paid
PM0002336,P00117,2024-12-01,55.81,0.0,Missed
PM0007535,P00389,2026-05-01,270.03,270.03,Paid
PM0003179,P00159,2025-05-01,121.97,121.97,Paid
PM0010818,P00552,2025-03-01,1031.65,1031.65,Paid
PM0002931,P00145,2026-07-01,294.38,294.38,Paid
PM0011099,P00572,2025-12-01,619.24,619.24,Paid
PM0007321,P00378,2025-10-01,521.31,521.31,Paid
PM0005976,P00312,2025-03-01,199.07,199.07,Paid
PM0011070,P00571,2025-07-01,296.29,296.29,Paid
PM0000567,P00026,2025-09-01,945.63,945.63,Paid
PM0003495,P00172,2025-12-01,388.96,388.96,Paid
PM0004931,P00258,2026-07-01,243.18,82.23,Partial
PM0000266,P00015,2023-08-01,224.35,224.35,Paid
PM0007725,P00399,2026-06-01,87.55,87.55,Paid
PM0001779,P00082,2024-12-01,174.81,0.0,Missed
PM0001788,P00082,2025-09-01,174.81,174.81,Paid
PM0003494,P00172,2025-11-01,388.96,388.96,Paid
PM0007924,P00411,2025-01-01,189.15,189.15,Paid
PM0000211,P00013,2025-10-01,149.19,149.19,Paid
PM0012780,P00656,2026-06-01,63.8,0.0,Missed
PM0007422,P00383,2026-01-01,269.0,123.55,Partial
PM0001459,P00068,2023-11-01,397.96,0.0,Missed
PM0006912,P00351,2026-04-01,467.05,467.05,Paid
PM0004785,P00250,2026-07-01,70.42,70.42,Paid
PM0003832,P00191,2025-12-01,295.15,295.15,Paid
PM0004984,P00262,2024-11-01,377.63,377.63,Paid
PM0009451,P00486,2025-09-01,482.7,482.7,Paid
PM0000790,P00036,2026-01-01,543.71,543.71,Paid
PM0013452,P00689,2025-12-01,39.27,31.28,Partial
PM0002782,P00139,2024-04-01,560.94,560.94,Paid
PM0007922,P00411,2024-11-01,189.15,189.15,Paid
PM0011135,P00576,2025-09-01,0.0,0.0,Paid
PM0008282,P00429,2024-09-01,306.99,306.99,Paid
PM0001469,P00068,2024-09-01,397.96,397.96,Paid
PM0009203,P00474,2025-06-01,544.06,544.06,Paid
PM0012633,P00649,2026-03-01,246.64,246.64,Paid
PM0007584,P00391,2026-05-01,341.5,341.5,Paid
PM0005204,P00274,2024-12-01,208.87,208.87,Paid
PM0014521,P00747,2025-07-01,149.96,149.96,Paid
PM0011852,P00614,2024-11-01,82.1,82.1,Paid
PM0008803,P00452,2023-11-01,196.49,196.49,Paid
PM0008886,P00455,2026-02-01,485.69,485.69,Paid
PM0002020,P00098,2026-03-01,246.27,246.27,Paid
PM0008025,P00416,2023-12-01,127.49,127.49,Paid
PM0000051,P00004,2026-01-01,648.32,648.32,Paid
PM0013964,P00715,2026-03-01,259.73,259.73,Paid
PM0002027,P00099,2025-10-01,706.95,706.95,Paid
PM0011497,P00594,2026-06-01,182.88,182.88,Paid
PM0013053,P00671,2023-11-01,377.8,377.8,Paid
PM0005496,P00290,2025-12-01,564.15,564.15,Paid
PM0009297,P00478,2025-11-01,129.82,129.82,Paid
PM0009371,P00483,2024-09-01,149.54,149.54,Paid
PM0002878,P00143,2026-01-01,472.19,472.19,Paid
PM0007042,P00361,2025-04-01,166.15,166.15,Paid
PM0003749,P00186,2025-12-01,100.78,100.78,Paid
PM0012509,P00642,2026-02-01,421.15,421.15,Paid
PM0006422,P00328,2024-06-01,68.94,41.59,Partial
PM0003531,P00173,2025-06-01,247.69,247.69,Paid
PM0011754,P00608,2025-04-01,73.34,73.34,Paid
PM0009007,P00466,2024-09-01,167.02,167.02,Paid
PM0000309,P00016,2024-01-01,180.43,180.43,Paid
PM0012283,P00633,2025-12-01,167.48,167.48,Paid
PM0005763,P00304,2026-05-01,134.64,134.64,Paid
PM0006369,P00326,2026-06-01,203.51,203.51,Paid
PM0011244,P00583,2026-01-01,68.95,68.95,Paid
PM0007307,P00378,2024-08-01,521.31,521.31,Paid
PM0003806,P00191,2023-10-01,295.15,295.15,Paid
PM0007127,P00367,2025-12-01,613.85,0.0,Missed
PM0000356,P00018,2024-04-01,131.65,0.0,Missed
PM0008355,P00434,2024-01-01,639.88,300.79,Partial
PM0002465,P00125,2025-11-01,143.81,143.81,Paid
PM0006958,P00355,2025-11-01,70.51,37.72,Partial
PM0011102,P00572,2026-03-01,619.24,619.24,Paid
PM0008611,P00444,2024-12-01,160.87,160.87,Paid
PM0003564,P00176,2025-09-01,338.9,0.0,Missed
PM0007796,P00403,2025-12-01,137.28,137.28,Paid
PM0012151,P00628,2026-05-01,327.26,327.26,Paid
PM0001720,P00079,2026-01-01,234.25,234.25,Paid
PM0012488,P00641,2025-08-01,309.29,309.29,Paid
PM0003220,P00162,2023-04-01,283.27,283.27,Paid
PM0011550,P00596,2025-06-01,174.96,174.96,Paid
PM0006862,P00350,2025-06-01,338.69,338.69,Paid
PM0002038,P00100,2024-10-01,386.41,386.41,Paid
PM0000569,P00026,2025-11-01,945.63,945.63,Paid
PM0008441,P00437,2025-05-01,250.12,250.12,Paid
PM0001803,P00084,2026-04-01,455.57,455.57,Paid
PM0005050,P00266,2025-04-01,547.51,547.51,Paid
PM0008552,P00442,2024-01-01,89.15,89.15,Paid
PM0008928,P00459,2024-01-01,413.49,199.03,Partial
PM0003768,P00190,2024-01-01,488.35,488.35,Paid
PM0010935,P00562,2025-08-01,285.53,285.53,Paid
PM0005025,P00264,2025-12-01,170.2,170.2,Paid
PM0006889,P00351,2024-05-01,467.05,467.05,Paid
PM0009420,P00485,2024-08-01,288.29,288.29,Paid
PM0011891,P00616,2025-06-01,648.72,513.77,Partial
PM0002771,P00138,2026-07-01,75.47,75.47,Paid
PM0004185,P00216,2024-11-01,641.85,641.85,Paid
PM0001298,P00059,2025-06-01,134.5,134.5,Paid
PM0001108,P00050,2025-10-01,405.72,405.72,Paid
PM0003697,P00184,2025-02-01,406.16,406.16,Paid
PM0003535,P00173,2025-10-01,247.69,247.69,Paid
PM0000336,P00016,2026-04-01,180.43,180.43,Paid
PM0003091,P00154,2026-06-01,311.67,311.67,Paid
PM0003586,P00181,2025-03-01,134.24,134.24,Paid
PM0007395,P00381,2025-10-01,137.11,137.11,Paid
PM0007475,P00387,2025-02-01,344.41,344.41,Paid
PM0001992,P00097,2025-09-01,539.09,539.09,Paid
PM0014215,P00731,2026-06-01,139.27,0.0,Missed
PM0014171,P00729,2025-03-01,122.57,122.57,Paid
PM0007423,P00383,2026-02-01,269.0,269.0,Paid
PM0011557,P00596,2026-01-01,174.96,174.96,Paid
PM0007240,P00374,2023-12-01,115.5,115.5,Paid
PM0007629,P00395,2023-11-01,209.53,209.53,Paid
PM0011751,P00608,2025-01-01,73.34,73.34,Paid
PM0010539,P00539,2025-08-01,220.03,70.13,Partial
PM0006112,P00317,2025-06-01,140.28,140.28,Paid
PM0010673,P00545,2025-06-01,191.08,0.0,Missed
PM0002556,P00130,2025-06-01,248.96,248.96,Paid
PM0007300,P00378,2024-01-01,521.31,521.31,Paid
PM0005483,P00290,2024-11-01,564.15,564.15,Paid
PM0006157,P00318,2025-08-01,212.45,212.45,Paid
PM0008703,P00446,2026-04-01,130.98,130.98,Paid
PM0013750,P00705,2025-08-01,165.8,0.0,Missed
PM0010999,P00567,2025-08-01,85.61,85.61,Paid
PM0010279,P00527,2026-07-01,559.89,559.89,Paid
PM0008951,P00459,2025-12-01,413.49,413.49,Paid
PM0011118,P00575,2025-12-01,332.65,0.0,Missed
PM0001550,P00071,2025-10-01,410.51,410.51,Paid
PM0010483,P00537,2024-05-01,570.54,570.54,Paid
PM0009083,P00469,2024-10-01,458.43,458.43,Paid
PM0014068,P00723,2025-04-01,242.27,242.27,Paid
PM0013140,P00674,2024-11-01,176.2,176.2,Paid
PM0013826,P00708,2026-06-01,180.72,180.72,Paid
PM0009499,P00487,2026-04-01,378.75,378.75,Paid
PM0002084,P00102,2025-09-01,406.58,406.58,Paid
PM0012562,P00645,2026-05-01,187.95,187.95,Paid
PM0001170,P00054,2025-08-01,148.34,148.34,Paid
PM0005118,P00270,2026-01-01,117.73,117.73,Paid
PM0008300,P00429,2026-03-01,306.99,306.99,Paid
PM0006930,P00353,2024-12-01,81.36,81.36,Paid
PM0000824,P00037,2025-11-01,530.5,530.5,Paid
PM0014292,P00736,2024-04-01,122.83,0.0,Missed
PM0003092,P00154,2026-07-01,311.67,311.67,Paid
PM0008074,P00417,2026-07-01,219.24,219.24,Paid
PM0013045,P00671,2023-03-01,377.8,377.8,Paid
PM0001252,P00057,2026-05-01,117.57,117.57,Paid
PM0010138,P00521,2025-07-01,21.45,21.45,Paid
PM0008754,P00450,2026-01-01,465.35,0.0,Missed
PM0006023,P00314,2026-03-01,212.52,212.52,Paid
PM0014077,P00723,2026-01-01,242.27,242.27,Paid
PM0000640,P00028,2025-02-01,101.58,101.58,Paid
PM0009459,P00486,2026-05-01,482.7,482.7,Paid
PM0004481,P00232,2026-01-01,449.75,449.75,Paid
PM0000145,P00009,2025-03-01,281.25,281.25,Paid
PM0005488,P00290,2025-04-01,564.15,564.15,Paid
PM0011654,P00601,2025-08-01,54.01,54.01,Paid
PM0002896,P00144,2024-01-01,499.74,499.74,Paid
PM0000943,P00044,2024-05-01,205.22,205.22,Paid
PM0000174,P00010,2025-05-01,181.56,181.56,Paid
PM0009271,P00477,2026-03-01,708.84,708.84,Paid
PM0007702,P00398,2026-06-01,185.56,185.56,Paid
PM0006382,P00327,2024-06-01,428.66,428.66,Paid
PM0008084,P00418,2023-12-01,476.51,0.0,Missed
PM0011180,P00578,2026-05-01,315.5,315.5,Paid
PM0002627,P00132,2025-04-01,323.1,323.1,Paid
PM0011089,P00572,2025-02-01,619.24,619.24,Paid
PM0006356,P00326,2025-05-01,203.51,203.51,Paid
PM0011734,P00605,2026-05-01,125.98,125.98,Paid
PM0013869,P00711,2024-06-01,203.34,203.34,Paid
PM0006043,P00315,2025-03-01,113.63,113.63,Paid
PM0010108,P00519,2025-11-01,429.63,429.63,Paid
PM0000488,P00024,2025-08-01,108.85,108.85,Paid
PM0009724,P00501,2026-01-01,518.28,518.28,Paid
PM0002023,P00098,2026-06-01,246.27,246.27,Paid
PM0000118,P00008,2025-06-01,317.11,317.11,Paid
PM0000339,P00016,2026-07-01,180.43,180.43,Paid
PM0009917,P00510,2025-11-01,375.08,375.08,Paid
PM0009382,P00483,2025-08-01,149.54,149.54,Paid
PM0009651,P00495,2025-11-01,179.38,179.38,Paid
PM0000565,P00026,2025-07-01,945.63,945.63,Paid
PM0008272,P00428,2026-04-01,71.98,71.98,Paid
PM0001246,P00057,2025-11-01,117.57,117.57,Paid
PM0007360,P00379,2026-07-01,273.9,273.9,Paid
PM0002283,P00113,2025-11-01,16.19,16.19,Paid
PM0010406,P00534,2025-04-01,79.64,79.64,Paid
PM0009077,P00469,2024-04-01,458.43,458.43,Paid
PM0009171,P00473,2024-01-01,102.27,102.27,Paid
PM0006500,P00332,2026-07-01,122.94,122.94,Paid
PM0011553,P00596,2025-09-01,174.96,174.96,Paid
PM0011292,P00587,2025-09-01,63.77,63.77,Paid
PM0003475,P00171,2025-05-01,608.31,608.31,Paid
PM0012745,P00654,2025-05-01,170.82,170.82,Paid
PM0004373,P00226,2026-01-01,719.63,719.63,Paid
PM0002970,P00148,2025-10-01,62.38,62.38,Paid
PM0006081,P00316,2024-12-01,790.35,790.35,Paid
PM0012820,P00657,2026-03-01,126.71,126.71,Paid
PM0001471,P00068,2024-11-01,397.96,397.96,Paid
PM0005364,P00283,2026-03-01,36.5,36.5,Paid
PM0004847,P00255,2024-06-01,444.0,444.0,Paid
PM0003342,P00166,2025-05-01,263.35,263.35,Paid
PM0008639,P00445,2024-06-01,778.87,778.87,Paid
PM0006950,P00354,2026-05-01,224.29,224.29,Paid
PM0000079,P00007,2024-08-01,495.09,495.09,Paid
PM0009580,P00492,2024-04-01,836.82,836.82,Paid
PM0009973,P00513,2025-08-01,80.59,80.59,Paid
PM0008270,P00428,2026-02-01,71.98,71.98,Paid
PM0011530,P00595,2026-07-01,625.3,625.3,Paid
PM0000108,P00008,2024-08-01,317.11,317.11,Paid
PM0009249,P00477,2024-05-01,708.84,708.84,Paid
PM0002529,P00129,2024-10-01,578.23,578.23,Paid
PM0006281,P00324,2026-01-01,298.71,154.76,Partial
PM0009329,P00480,2026-07-01,671.59,671.59,Paid
PM0006704,P00341,2026-07-01,207.83,207.83,Paid
PM0001034,P00046,2026-06-01,408.98,408.98,Paid
PM0008507,P00440,2025-03-01,373.63,373.63,Paid
PM0006490,P00332,2025-09-01,122.94,0.0,Missed
PM0005616,P00299,2025-10-01,121.63,121.63,Paid
PM0003865,P00195,2026-01-01,305.69,305.69,Paid
PM0008785,P00451,2025-02-01,195.14,195.14,Paid
PM0008033,P00416,2024-08-01,127.49,0.0,Missed
PM0012663,P00650,2025-08-01,300.09,300.09,Paid
PM0005057,P00266,2025-11-01,547.51,547.51,Paid
PM0004150,P00211,2026-05-01,481.39,481.39,Paid
PM0001836,P00085,2025-07-01,176.78,176.78,Paid
PM0004727,P00249,2024-09-01,320.96,320.96,Paid
PM0013863,P00710,2026-04-01,153.73,153.73,Paid
PM0000658,P00029,2026-05-01,62.65,62.65,Paid
PM0014599,P00750,2026-02-01,685.98,685.98,Paid
PM0005527,P00294,2025-06-01,166.79,166.79,Paid
PM0012177,P00629,2026-01-01,489.53,489.53,Paid
PM0007074,P00364,2024-07-01,492.7,492.7,Paid
PM0013563,P00696,2024-07-01,104.7,76.97,Partial
PM0003503,P00173,2023-02-01,247.69,247.69,Paid
PM0004652,P00244,2025-02-01,138.03,88.86,Partial
PM0006172,P00319,2026-05-01,375.44,375.44,Paid
PM0004778,P00250,2025-12-01,70.42,70.42,Paid
PM0002683,P00134,2025-09-01,195.27,195.27,Paid
PM0009783,P00503,2025-09-01,165.85,102.57,Partial
PM0003562,P00176,2025-07-01,338.9,338.9,Paid
PM0007487,P00387,2026-02-01,344.41,344.41,Paid
PM0002381,P00119,2024-12-01,67.83,67.83,Paid
PM0000121,P00008,2025-09-01,317.11,0.0,Missed
PM0005840,P00306,2025-10-01,227.92,227.92,Paid
PM0006014,P00314,2025-06-01,212.52,212.52,Paid
PM0013100,P00672,2025-05-01,77.27,77.27,Paid
PM0001862,P00087,2025-09-01,154.82,154.82,Paid
PM0012573,P00646,2025-07-01,72.97,72.97,Paid
PM0011864,P00614,2025-11-01,82.1,82.1,Paid
PM0004971,P00262,2023-10-01,377.63,377.63,Paid
PM0003926,P00199,2024-06-01,381.36,189.24,Partial
PM0003140,P00156,2026-04-01,231.94,231.94,Paid
PM0005825,P00306,2024-07-01,227.92,227.92,Paid
PM0014076,P00723,2025-12-01,242.27,242.27,Paid
PM0010680,P00545,2026-01-01,191.08,0.0,Missed
PM0006111,P00317,2025-05-01,140.28,140.28,Paid
PM0012214,P00631,2025-01-01,315.0,315.0,Paid
PM0011949,P00618,2025-11-01,713.22,713.22,Paid
PM0010640,P00544,2024-09-01,524.96,524.96,Paid
PM0009553,P00490,2026-03-01,45.05,0.0,Missed
PM0014443,P00742,2025-12-01,387.1,387.1,Paid
PM0000788,P00036,2025-11-01,543.71,543.71,Paid
PM0009012,P00466,2025-02-01,167.02,167.02,Paid
PM0004568,P00238,2026-03-01,229.87,229.87,Paid
PM0005232,P00275,2023-09-01,181.0,181.0,Paid
PM0006793,P00345,2026-07-01,661.78,661.78,Paid
PM0006610,P00337,2025-11-01,119.24,119.24,Paid
PM0007609,P00393,2025-06-01,834.88,834.88,Paid
PM0013370,P00686,2024-02-01,187.22,68.52,Partial
PM0006509,P00334,2023-07-01,525.35,525.35,Paid
PM0004264,P00222,2024-11-01,42.17,42.17,Paid
PM0007121,P00367,2025-06-01,613.85,613.85,Paid
PM0001046,P00048,2024-04-01,243.93,243.93,Paid
PM0014033,P00721,2024-12-01,248.01,248.01,Paid
PM0008837,P00453,2025-07-01,685.23,685.23,Paid
PM0004570,P00238,2026-05-01,229.87,229.87,Paid
PM0011057,P00571,2024-06-01,296.29,296.29,Paid
PM0007173,P00370,2025-01-01,138.19,138.19,Paid
PM0011116,P00575,2025-10-01,332.65,0.0,Missed
PM0006873,P00350,2026-05-01,338.69,338.69,Paid
PM0002506,P00127,2026-03-01,117.63,117.63,Paid
PM0008633,P00445,2023-12-01,778.87,778.87,Paid
PM0014404,P00739,2026-05-01,147.41,48.62,Partial
PM0007461,P00385,2025-11-01,183.7,183.7,Paid
PM0011309,P00588,2024-09-01,743.35,743.35,Paid
PM0010328,P00530,2026-05-01,1082.9,1082.9,Paid
PM0003339,P00166,2025-02-01,263.35,195.74,Partial
PM0001661,P00077,2025-12-01,179.71,179.71,Paid
PM0002533,P00130,2023-07-01,248.96,248.96,Paid
PM0005723,P00303,2026-02-01,242.73,242.73,Paid
PM0009324,P00480,2026-02-01,671.59,671.59,Paid
PM0002468,P00125,2026-02-01,143.81,143.81,Paid
PM0002290,P00113,2026-06-01,16.19,16.19,Paid
PM0007802,P00403,2026-06-01,137.28,137.28,Paid
PM0001790,P00082,2025-11-01,174.81,174.81,Paid
PM0009545,P00490,2025-07-01,45.05,45.05,Paid
PM0013207,P00677,2025-01-01,138.01,41.43,Partial
PM0009214,P00475,2026-01-01,494.52,494.52,Paid
PM0005677,P00301,2026-02-01,157.4,157.4,Paid
PM0012542,P00645,2024-09-01,187.95,187.95,Paid
PM0009506,P00488,2025-06-01,253.1,0.0,Missed
PM0009099,P00469,2026-02-01,458.43,458.43,Paid
PM0005923,P00311,2024-02-01,179.72,179.72,Paid
PM0007060,P00362,2025-08-01,341.2,341.2,Paid
PM0008997,P00466,2023-11-01,167.02,167.02,Paid
PM0000715,P00032,2026-03-01,457.22,457.22,Paid
PM0001805,P00084,2026-06-01,455.57,455.57,Paid
PM0006466,P00331,2025-04-01,100.4,100.4,Paid
PM0013158,P00674,2026-05-01,176.2,176.2,Paid
PM0013376,P00686,2024-08-01,187.22,187.22,Paid
PM0007159,P00369,2026-06-01,183.55,183.55,Paid
PM0012000,P00620,2026-05-01,494.94,494.94,Paid
PM0011521,P00595,2025-10-01,625.3,625.3,Paid
PM0000630,P00028,2024-04-01,101.58,101.58,Paid
PM0003746,P00186,2025-09-01,100.78,60.92,Partial
PM0012628,P00649,2025-10-01,246.64,246.64,Paid
PM0014233,P00732,2025-09-01,130.64,130.64,Paid
PM0012213,P00631,2024-12-01,315.0,315.0,Paid
PM0000756,P00034,2026-04-01,68.03,68.03,Paid
PM0003590,P00181,2025-07-01,134.24,134.24,Paid
PM0011002,P00567,2025-11-01,85.61,0.0,Missed
PM0004944,P00259,2026-02-01,584.68,584.68,Paid
PM0007251,P00374,2024-11-01,115.5,115.5,Paid
PM0009858,P00508,2024-11-01,633.22,633.22,Paid
PM0014053,P00722,2026-04-01,189.68,189.68,Paid
PM0009863,P00508,2025-04-01,633.22,633.22,Paid
PM0010246,P00527,2023-10-01,559.89,559.89,Paid
PM0012828,P00658,2026-03-01,179.53,179.53,Paid
PM0006046,P00315,2025-06-01,113.63,113.63,Paid
PM0007314,P00378,2025-03-01,521.31,521.31,Paid
PM0009751,P00502,2025-01-01,394.36,394.36,Paid
PM0005744,P00304,2024-10-01,134.64,134.64,Paid
PM0008634,P00445,2024-01-01,778.87,0.0,Missed
PM0013746,P00705,2025-04-01,165.8,165.8,Paid
PM0000019,P00002,2023-12-01,321.5,321.5,Paid
PM0003022,P00150,2026-01-01,66.26,66.26,Paid
PM0011020,P00570,2023-07-01,159.96,159.96,Paid
PM0006292,P00325,2023-05-01,59.23,59.23,Paid
PM0006068,P00316,2023-11-01,790.35,790.35,Paid
PM0003837,P00191,2026-05-01,295.15,295.15,Paid
PM0009212,P00474,2026-03-01,544.06,544.06,Paid
PM0013128,P00674,2023-11-01,176.2,0.0,Missed
PM0000172,P00010,2025-03-01,181.56,181.56,Paid
PM0008900,P00456,2026-05-01,459.62,459.62,Paid
PM0012783,P00657,2023-02-01,126.71,126.71,Paid
PM0005857,P00307,2025-03-01,191.08,191.08,Paid
PM0011207,P00581,2025-03-01,101.16,101.16,Paid
PM0007389,P00381,2025-04-01,137.11,137.11,Paid
PM0012995,P00668,2023-02-01,75.59,75.59,Paid
PM0008238,P00427,2025-11-01,290.48,290.48,Paid
PM0008461,P00438,2023-08-01,374.73,0.0,Missed
PM0005223,P00274,2026-07-01,208.87,208.87,Paid
PM0011591,P00598,2024-01-01,191.48,191.48,Paid
PM0004367,P00226,2025-07-01,719.63,719.63,Paid
PM0005601,P00298,2026-06-01,169.76,169.76,Paid
PM0001079,P00049,2025-06-01,64.0,64.0,Paid
PM0002154,P00105,2026-04-01,442.04,442.04,Paid
PM0012082,P00625,2024-08-01,177.27,177.27,Paid
PM0010136,P00521,2025-05-01,21.45,21.45,Paid
PM0003415,P00168,2026-02-01,236.69,236.69,Paid
PM0014271,P00734,2026-07-01,137.75,137.75,Paid
PM0006445,P00328,2026-05-01,68.94,68.94,Paid
PM0003154,P00157,2024-10-01,347.53,147.4,Partial
PM0013278,P00682,2025-08-01,511.43,511.43,Paid
PM0010963,P00563,2025-02-01,142.21,142.21,Paid
PM0000275,P00015,2024-05-01,224.35,224.35,Paid
PM0012014,P00621,2026-01-01,181.36,181.36,Paid
PM0007908,P00410,2025-08-01,156.23,156.23,Paid
PM0002740,P00137,2025-12-01,166.98,0.0,Missed
PM0008765,P00451,2023-06-01,195.14,195.14,Paid
PM0000242,P00014,2024-12-01,207.74,207.74,Paid
PM0002155,P00105,2026-05-01,442.04,442.04,Paid
PM0004025,P00207,2024-08-01,95.37,95.37,Paid
PM0004418,P00229,2025-02-01,486.41,486.41,Paid
PM0000879,P00040,2025-10-01,362.78,362.78,Paid
PM0010823,P00552,2025-08-01,1031.65,1031.65,Paid
PM0000186,P00010,2026-05-01,181.56,181.56,Paid
PM0009814,P00505,2023-12-01,201.93,201.93,Paid
PM0003661,P00183,2025-04-01,179.81,179.81,Paid
PM0003070,P00152,2026-04-01,108.42,108.42,Paid
PM0011578,P00597,2026-06-01,196.66,196.66,Paid
PM0003518,P00173,2024-05-01,247.69,247.69,Paid
PM0001911,P00093,2025-04-01,288.37,288.37,Paid
PM0014030,P00721,2024-09-01,248.01,248.01,Paid
PM0009105,P00470,2026-01-01,347.86,347.86,Paid
PM0010720,P00548,2026-03-01,679.35,679.35,Paid
PM0009265,P00477,2025-09-01,708.84,708.84,Paid
PM0002690,P00134,2026-04-01,195.27,195.27,Paid
PM0004337,P00225,2026-07-01,210.95,210.95,Paid
PM0014539,P00748,2025-09-01,233.16,233.16,Paid
PM0009047,P00468,2025-01-01,439.51,439.51,Paid
PM0010481,P00537,2024-03-01,570.54,0.0,Missed
PM0009189,P00473,2025-07-01,102.27,102.27,Paid
PM0007001,P00359,2024-12-01,394.21,394.21,Paid
PM0007331,P00379,2024-02-01,273.9,273.9,Paid
PM0001601,P00075,2025-05-01,496.67,291.48,Partial
PM0001080,P00049,2025-07-01,64.0,64.0,Paid
PM0012575,P00646,2025-09-01,72.97,72.97,Paid
PM0013617,P00698,2025-04-01,286.36,286.36,Paid
PM0000849,P00039,2025-05-01,1099.84,1099.84,Paid
PM0013529,P00695,2024-01-01,547.06,547.06,Paid
PM0007993,P00415,2024-07-01,435.73,435.73,Paid
PM0012796,P00657,2024-03-01,126.71,126.71,Paid
PM0004285,P00223,2025-09-01,296.76,296.76,Paid
PM0006321,P00325,2025-10-01,59.23,59.23,Paid
PM0010865,P00556,2026-01-01,471.16,471.16,Paid
PM0011356,P00589,2025-11-01,180.3,180.3,Paid
PM0013356,P00685,2025-11-01,432.99,432.99,Paid
PM0010127,P00520,2024-12-01,52.54,52.54,Paid
PM0008540,P00441,2026-07-01,457.6,457.6,Paid
PM0002939,P00146,2026-04-01,251.37,251.37,Paid
PM0012704,P00652,2025-05-01,687.04,687.04,Paid
PM0013344,P00684,2025-08-01,128.15,128.15,Paid
PM0012507,P00642,2025-12-01,421.15,421.15,Paid
PM0005039,P00265,2024-09-01,372.15,372.15,Paid
PM0005834,P00306,2025-04-01,227.92,227.92,Paid
PM0010331,P00531,2025-05-01,390.73,390.73,Paid
PM0004554,P00236,2026-02-01,768.82,768.82,Paid
PM0013539,P00695,2024-11-01,547.06,547.06,Paid
PM0010586,P00542,2025-01-01,177.89,177.89,Paid
PM0010911,P00562,2023-08-01,285.53,285.53,Paid
PM0004324,P00225,2025-06-01,210.95,210.95,Paid
PM0005659,P00301,2024-08-01,157.4,157.4,Paid
PM0003944,P00200,2024-10-01,352.42,352.42,Paid
PM0001923,P00093,2026-04-01,288.37,288.37,Paid
PM0005168,P00272,2025-08-01,176.81,176.81,Paid
PM0008335,P00431,2026-01-01,51.11,51.11,Paid
PM0011389,P00591,2024-06-01,157.95,0.0,Missed
PM0013273,P00682,2025-03-01,511.43,511.43,Paid
PM0007374,P00380,2026-01-01,367.3,367.3,Paid
PM0002603,P00132,2023-04-01,323.1,323.1,Paid
PM0002678,P00134,2025-04-01,195.27,195.27,Paid
PM0001937,P00095,2025-06-01,234.38,234.38,Paid
PM0003197,P00160,2024-05-01,411.19,411.19,Paid
PM0007033,P00360,2026-01-01,259.6,259.6,Paid
PM0006963,P00355,2026-04-01,70.51,70.51,Paid
PM0001301,P00059,2025-09-01,134.5,134.5,Paid
PM0003271,P00163,2024-05-01,505.44,505.44,Paid
PM0009554,P00490,2026-04-01,45.05,45.05,Paid
PM0003456,P00170,2026-05-01,388.44,388.44,Paid
PM0012351,P00635,2026-02-01,102.05,102.05,Paid
PM0000791,P00036,2026-02-01,543.71,543.71,Paid
PM0014157,P00728,2024-06-01,147.25,147.25,Paid
PM0001745,P00081,2023-12-01,316.18,0.0,Missed
PM0008913,P00457,2026-05-01,138.98,138.98,Paid
PM0006272,P00323,2025-12-01,267.34,267.34,Paid
PM0005950,P00311,2026-05-01,179.72,179.72,Paid
PM0007925,P00411,2025-02-01,189.15,189.15,Paid
PM0008680,P00446,2024-05-01,130.98,130.98,Paid
PM0011969,P00619,2024-11-01,377.2,377.2,Paid
PM0006715,P00343,2024-01-01,97.41,97.41,Paid
PM0012817,P00657,2025-12-01,126.71,126.71,Paid
PM0003514,P00173,2024-01-01,247.69,247.69,Paid
PM0006074,P00316,2024-05-01,790.35,790.35,Paid
PM0011757,P00608,2025-07-01,73.34,73.34,Paid
PM0012475,P00640,2026-02-01,172.35,172.35,Paid
PM0009231,P00476,2026-03-01,595.25,595.25,Paid
PM0005924,P00311,2024-03-01,179.72,179.72,Paid
PM0007018,P00359,2026-05-01,394.21,394.21,Paid
PM0005633,P00300,2025-09-01,297.62,297.62,Paid
PM0010919,P00562,2024-04-01,285.53,285.53,Paid
PM0008115,P00420,2026-06-01,412.33,412.33,Paid
PM0005693,P00302,2026-05-01,293.34,293.34,Paid
PM0010623,P00543,2025-11-01,150.12,0.0,Missed
PM0005065,P00266,2026-07-01,547.51,547.51,Paid
PM0004163,P00214,2025-01-01,377.99,377.99,Paid
PM0000955,P00044,2025-05-01,205.22,205.22,Paid
PM0013343,P00684,2025-07-01,128.15,128.15,Paid
PM0006027,P00314,2026-07-01,212.52,212.52,Paid
PM0012388,P00636,2026-06-01,152.85,152.85,Paid
PM0008551,P00442,2023-12-01,89.15,89.15,Paid
PM0014517,P00747,2025-03-01,149.96,149.96,Paid
PM0009079,P00469,2024-06-01,458.43,458.43,Paid
PM0005042,P00265,2024-12-01,372.15,372.15,Paid
PM0010399,P00533,2026-06-01,513.85,513.85,Paid
PM0011652,P00601,2025-06-01,54.01,19.36,Partial
PM0003834,P00191,2026-02-01,295.15,295.15,Paid
PM0004877,P00257,2023-08-01,229.95,229.95,Paid
PM0004248,P00221,2025-07-01,354.54,354.54,Paid
PM0013949,P00715,2024-12-01,259.73,259.73,Paid
PM0002724,P00137,2024-08-01,166.98,166.98,Paid
PM0009853,P00507,2026-05-01,110.0,110.0,Paid
PM0008866,P00454,2024-12-01,258.55,258.55,Paid
PM0000194,P00012,2026-05-01,142.4,142.4,Paid
PM0001623,P00076,2026-05-01,588.77,588.77,Paid
PM0010667,P00545,2024-12-01,191.08,191.08,Paid
PM0001111,P00050,2026-01-01,405.72,405.72,Paid
PM0014151,P00728,2023-12-01,147.25,147.25,Paid
PM0009592,P00492,2025-04-01,836.82,836.82,Paid
PM0006839,P00348,2026-03-01,467.75,467.75,Paid
PM0000652,P00028,2026-02-01,101.58,101.58,Paid
PM0013527,P00695,2023-11-01,547.06,547.06,Paid
PM0004196,P00218,2025-12-01,617.01,617.01,Paid
PM0004241,P00221,2024-12-01,354.54,354.54,Paid
PM0007580,P00391,2026-01-01,341.5,175.73,Partial
PM0010717,P00548,2025-12-01,679.35,679.35,Paid
PM0003595,P00181,2025-12-01,134.24,46.67,Partial
PM0011361,P00589,2026-04-01,180.3,180.3,Paid
PM0005456,P00287,2025-12-01,183.69,183.69,Paid
PM0007929,P00411,2025-06-01,189.15,189.15,Paid
PM0008729,P00449,2024-07-01,33.62,33.62,Paid
PM0013680,P00700,2026-03-01,330.96,330.96,Paid
PM0009957,P00512,2026-05-01,93.98,93.98,Paid
PM0002351,P00117,2026-03-01,55.81,55.81,Paid
PM0002838,P00141,2026-04-01,530.16,530.16,Paid
PM0013940,P00714,2026-07-01,47.55,47.55,Paid
PM0004389,P00228,2026-01-01,96.21,96.21,Paid
PM0013943,P00715,2024-06-01,259.73,259.73,Paid
PM0007151,P00369,2025-10-01,183.55,183.55,Paid
PM0005692,P00302,2026-04-01,293.34,293.34,Paid
PM0012630,P00649,2025-12-01,246.64,246.64,Paid
PM0004065,P00209,2025-04-01,147.59,147.59,Paid
PM0007921,P00411,2024-10-01,189.15,189.15,Paid
PM0000794,P00036,2026-05-01,543.71,543.71,Paid
PM0001670,P00078,2023-05-01,500.1,500.1,Paid
PM0007279,P00377,2025-11-01,131.15,131.15,Paid
PM0000129,P00008,2026-05-01,317.11,317.11,Paid
PM0002548,P00130,2024-10-01,248.96,248.96,Paid
PM0010670,P00545,2025-03-01,191.08,191.08,Paid
PM0009458,P00486,2026-04-01,482.7,482.7,Paid
PM0002728,P00137,2024-12-01,166.98,166.98,Paid
PM0002115,P00103,2025-03-01,836.1,515.87,Partial
PM0002152,P00105,2026-02-01,442.04,442.04,Paid
PM0005242,P00275,2024-07-01,181.0,0.0,Missed
PM0005437,P00286,2026-02-01,66.09,66.09,Paid
PM0001835,P00085,2025-06-01,176.78,176.78,Paid
PM0013359,P00685,2026-02-01,432.99,432.99,Paid
PM0013496,P00693,2024-10-01,313.0,313.0,Paid
PM0014342,P00738,2024-10-01,544.15,544.15,Paid
PM0014097,P00724,2026-04-01,392.33,392.33,Paid
PM0014225,P00732,2025-01-01,130.64,130.64,Paid
PM0014021,P00720,2025-09-01,339.91,339.91,Paid
PM0007754,P00401,2025-02-01,309.09,309.09,Paid
PM0007690,P00397,2026-03-01,230.57,230.57,Paid
PM0011093,P00572,2025-06-01,619.24,619.24,Paid
PM0005552,P00295,2026-04-01,314.75,314.75,Paid
PM0001846,P00085,2026-05-01,176.78,0.0,Missed
PM0009867,P00508,2025-08-01,633.22,633.22,Paid
PM0009395,P00484,2025-06-01,109.09,109.09,Paid
PM0013867,P00711,2024-04-01,203.34,203.34,Paid
PM0000498,P00024,2026-06-01,108.85,108.85,Paid
PM0004176,P00214,2026-02-01,377.99,377.99,Paid
PM0004452,P00232,2023-08-01,449.75,449.75,Paid
PM0009330,P00482,2024-07-01,168.92,168.92,Paid
PM0004412,P00229,2024-08-01,486.41,486.41,Paid
PM0012228,P00631,2026-03-01,315.0,315.0,Paid
PM0014014,P00720,2025-02-01,339.91,339.91,Paid
PM0003686,P00184,2024-03-01,406.16,406.16,Paid
PM0002467,P00125,2026-01-01,143.81,143.81,Paid
PM0007982,P00413,2026-03-01,357.69,357.69,Paid
PM0008701,P00446,2026-02-01,130.98,130.98,Paid
PM0004423,P00229,2025-07-01,486.41,486.41,Paid
PM0013242,P00679,2024-06-01,445.32,445.32,Paid
PM0003413,P00168,2025-12-01,236.69,236.69,Paid
PM0000781,P00036,2025-04-01,543.71,543.71,Paid
PM0004958,P00260,2024-09-01,743.27,743.27,Paid
PM0010076,P00518,2026-03-01,67.39,67.39,Paid
PM0005574,P00297,2025-08-01,254.69,254.69,Paid
PM0014163,P00728,2024-12-01,147.25,147.25,Paid
PM0010693,P00547,2025-06-01,417.6,417.6,Paid
PM0010564,P00541,2025-09-01,116.95,116.95,Paid
PM0006060,P00316,2023-03-01,790.35,790.35,Paid
PM0013353,P00684,2026-05-01,128.15,128.15,Paid
PM0000474,P00022,2026-04-01,619.12,619.12,Paid
PM0011822,P00613,2024-04-01,192.22,192.22,Paid
PM0007164,P00370,2024-04-01,138.19,138.19,Paid
PM0004925,P00258,2026-01-01,243.18,243.18,Paid
PM0010687,P00546,2026-06-01,252.32,252.32,Paid
PM0011676,P00603,2025-09-01,274.0,274.0,Paid
PM0008535,P00441,2026-02-01,457.6,457.6,Paid
PM0004224,P00221,2023-07-01,354.54,354.54,Paid
PM0002628,P00132,2025-05-01,323.1,323.1,Paid
PM0005506,P00291,2026-01-01,353.26,353.26,Paid
PM0002814,P00140,2024-11-01,584.86,584.86,Paid
PM0009609,P00493,2023-04-01,290.68,290.68,Paid
PM0011730,P00605,2026-01-01,125.98,125.98,Paid
PM0013769,P00706,2024-07-01,257.22,257.22,Paid
PM0008814,P00452,2024-10-01,196.49,196.49,Paid
PM0006198,P00320,2025-07-01,149.0,149.0,Paid
PM0012967,P00666,2026-04-01,72.37,72.37,Paid
PM0011173,P00578,2025-10-01,315.5,315.5,Paid
PM0009993,P00514,2025-08-01,208.68,208.68,Paid
PM0003035,P00151,2026-05-01,399.27,399.27,Paid
PM0001724,P00079,2026-05-01,234.25,0.0,Missed
PM0013785,P00706,2025-11-01,257.22,257.22,Paid
PM0010241,P00526,2026-01-01,487.16,487.16,Paid
PM0009983,P00513,2026-06-01,80.59,80.59,Paid
PM0014191,P00730,2024-11-01,362.64,362.64,Paid
PM0002068,P00101,2023-09-01,1100.15,1100.15,Paid
PM0000681,P00031,2025-11-01,211.73,211.73,Paid
PM0002922,P00145,2025-10-01,294.38,294.38,Paid
PM0009202,P00474,2025-05-01,544.06,544.06,Paid
PM0003669,P00183,2025-12-01,179.81,179.81,Paid
PM0013148,P00674,2025-07-01,176.2,176.2,Paid
PM0001361,P00065,2024-12-01,174.21,174.21,Paid
PM0009226,P00476,2025-10-01,595.25,595.25,Paid
PM0009741,P00502,2024-03-01,394.36,394.36,Paid
PM0001224,P00056,2024-10-01,259.01,259.01,Paid
PM0009931,P00511,2024-10-01,105.47,105.47,Paid
PM0005280,P00278,2023-07-01,317.71,317.71,Paid
PM0007010,P00359,2025-09-01,394.21,394.21,Paid
PM0005525,P00294,2025-04-01,166.79,166.79,Paid
PM0008735,P00449,2025-01-01,33.62,33.62,Paid
PM0010764,P00549,2026-07-01,54.97,54.97,Paid
PM0000650,P00028,2025-12-01,101.58,0.0,Missed
PM0011038,P00570,2025-01-01,159.96,159.96,Paid
PM0012581,P00646,2026-03-01,72.97,72.97,Paid
PM0002205,P00108,2025-08-01,422.63,422.63,Paid
PM0002632,P00132,2025-09-01,323.1,323.1,Paid
PM0012368,P00636,2024-10-01,152.85,152.85,Paid
PM0000750,P00034,2025-10-01,68.03,68.03,Paid
PM0013662,P00700,2024-09-01,330.96,330.96,Paid
PM0014167,P00729,2024-11-01,122.57,122.57,Paid
PM0001953,P00096,2023-06-01,408.72,408.72,Paid
PM0008222,P00427,2024-07-01,290.48,290.48,Paid
PM0011342,P00589,2024-09-01,180.3,180.3,Paid
PM0012518,P00643,2025-06-01,269.85,186.31,Partial
PM0009000,P00466,2024-02-01,167.02,167.02,Paid
PM0013188,P00676,2025-04-01,349.53,349.53,Paid
PM0011421,P00592,2024-09-01,136.15,136.15,Paid
PM0009844,P00507,2025-08-01,110.0,110.0,Paid
PM0005031,P00264,2026-06-01,170.2,170.2,Paid
PM0012706,P00652,2025-07-01,687.04,687.04,Paid
PM0013396,P00686,2026-04-01,187.22,187.22,Paid
PM0001889,P00091,2026-02-01,92.93,92.93,Paid
PM0003800,P00191,2023-04-01,295.15,182.32,Partial
PM0010515,P00538,2025-02-01,199.22,0.0,Missed
PM0006743,P00343,2026-05-01,97.41,97.41,Paid
PM0011215,P00581,2025-11-01,101.16,101.16,Paid
PM0012373,P00636,2025-03-01,152.85,152.85,Paid
PM0002208,P00108,2025-11-01,422.63,422.63,Paid
PM0000949,P00044,2024-11-01,205.22,205.22,Paid
PM0008517,P00440,2026-01-01,373.63,0.0,Missed
PM0005648,P00301,2023-09-01,157.4,157.4,Paid
PM0011551,P00596,2025-07-01,174.96,174.96,Paid
PM0005775,P00305,2023-12-01,258.23,258.23,Paid
PM0004145,P00211,2025-12-01,481.39,481.39,Paid
PM0010103,P00519,2025-06-01,429.63,429.63,Paid
PM0013738,P00704,2025-08-01,243.78,243.78,Paid
PM0000138,P00009,2024-08-01,281.25,281.25,Paid
PM0004382,P00227,2025-11-01,237.45,237.45,Paid
PM0001675,P00078,2023-10-01,500.1,500.1,Paid
PM0012939,P00664,2025-09-01,74.73,74.73,Paid
PM0009127,P00471,2024-10-01,337.78,337.78,Paid
PM0007491,P00387,2026-06-01,344.41,344.41,Paid
PM0000089,P00007,2025-06-01,495.09,495.09,Paid
PM0005007,P00263,2025-03-01,678.47,678.47,Paid
PM0000991,P00045,2026-02-01,217.69,217.69,Paid
PM0004051,P00208,2025-08-01,180.53,180.53,Paid
PM0000050,P00004,2025-12-01,648.32,648.32,Paid
PM0013322,P00684,2023-10-01,128.15,128.15,Paid
PM0013046,P00671,2023-04-01,377.8,0.0,Missed
PM0008822,P00452,2025-06-01,196.49,196.49,Paid
PM0006258,P00322,2025-08-01,105.73,105.73,Paid
PM0003978,P00202,2026-05-01,179.65,179.65,Paid
PM0006904,P00351,2025-08-01,467.05,467.05,Paid
PM0006165,P00319,2025-10-01,375.44,375.44,Paid
PM0007476,P00387,2025-03-01,344.41,344.41,Paid
PM0013686,P00701,2025-10-01,331.54,163.84,Partial
PM0000670,P00031,2024-12-01,211.73,211.73,Paid
PM0010744,P00549,2024-11-01,54.97,54.97,Paid
PM0014594,P00750,2025-09-01,685.98,685.98,Paid
PM0010106,P00519,2025-09-01,429.63,429.63,Paid
PM0008510,P00440,2025-06-01,373.63,373.63,Paid
PM0010047,P00517,2026-06-01,57.45,57.45,Paid
PM0003756,P00186,2026-07-01,100.78,100.78,Paid
PM0013880,P00711,2025-05-01,203.34,203.34,Paid
PM0000641,P00028,2025-03-01,101.58,101.58,Paid
PM0008315,P00430,2025-01-01,323.55,323.55,Paid
PM0006141,P00318,2024-04-01,212.45,212.45,Paid
PM0000907,P00042,2025-10-01,284.88,284.88,Paid
PM0011629,P00599,2025-06-01,249.05,249.05,Paid
PM0000181,P00010,2025-12-01,181.56,181.56,Paid
PM0012045,P00623,2026-01-01,255.21,255.21,Paid
PM0008051,P00416,2026-02-01,127.49,127.49,Paid
PM0005788,P00305,2025-01-01,258.23,258.23,Paid
PM0013632,P00698,2026-07-01,286.36,286.36,Paid
PM0010307,P00529,2024-11-01,279.09,279.09,Paid
PM0013068,P00671,2025-02-01,377.8,377.8,Paid
PM0007538,P00390,2023-10-01,351.42,351.42,Paid
PM0014238,P00732,2026-02-01,130.64,130.64,Paid
PM0011518,P00595,2025-07-01,625.3,625.3,Paid
PM0000935,P00043,2026-01-01,536.29,536.29,Paid
PM0009567,P00491,2026-07-01,236.06,236.06,Paid
PM0004552,P00236,2025-12-01,768.82,768.82,Paid
PM0006251,P00322,2025-01-01,105.73,105.73,Paid
PM0007342,P00379,2025-01-01,273.9,273.9,Paid
PM0002919,P00145,2025-07-01,294.38,294.38,Paid
PM0006412,P00328,2023-08-01,68.94,68.94,Paid
PM0013605,P00698,2024-04-01,286.36,286.36,Paid
PM0010881,P00557,2025-01-01,321.82,321.82,Paid
PM0011731,P00605,2026-02-01,125.98,0.0,Missed
PM0009163,P00472,2026-03-01,256.58,256.58,Paid
PM0007349,P00379,2025-08-01,273.9,273.9,Paid
PM0003609,P00182,2024-06-01,226.88,226.88,Paid
PM0013751,P00705,2025-09-01,165.8,165.8,Paid
PM0002547,P00130,2024-09-01,248.96,248.96,Paid
PM0004497,P00233,2026-02-01,70.1,70.1,Paid
PM0011133,P00576,2025-07-01,0.0,0.0,Partial
PM0006699,P00341,2026-02-01,207.83,207.83,Paid
PM0003870,P00196,2026-06-01,49.34,49.34,Paid
PM0008499,P00439,2026-03-01,134.08,134.08,Paid
PM0002342,P00117,2025-06-01,55.81,55.81,Paid
PM0010259,P00527,2024-11-01,559.89,559.89,Paid
PM0009337,P00482,2025-02-01,168.92,168.92,Paid
PM0013743,P00704,2026-01-01,243.78,0.0,Missed
PM0008382,P00434,2026-04-01,639.88,639.88,Paid
PM0011770,P00609,2024-06-01,446.21,446.21,Paid
PM0006310,P00325,2024-11-01,59.23,59.23,Paid
PM0012825,P00658,2025-12-01,179.53,179.53,Paid
PM0000512,P00025,2024-03-01,170.93,170.93,Paid
PM0011158,P00578,2024-07-01,315.5,0.0,Missed
PM0012164,P00629,2024-12-01,489.53,489.53,Paid
PM0009816,P00505,2024-02-01,201.93,201.93,Paid
PM0009426,P00485,2025-02-01,288.29,288.29,Paid
PM0008975,P00463,2026-03-01,120.66,120.66,Paid
PM0004949,P00259,2026-07-01,584.68,584.68,Paid
PM0012743,P00654,2025-03-01,170.82,170.82,Paid
PM0008119,P00421,2023-10-01,560.92,560.92,Paid
PM0007420,P00383,2025-11-01,269.0,0.0,Missed
PM0000678,P00031,2025-08-01,211.73,211.73,Paid
PM0008895,P00456,2025-12-01,459.62,459.62,Paid
PM0013819,P00708,2025-11-01,180.72,180.72,Paid
PM0001230,P00056,2025-04-01,259.01,259.01,Paid
PM0008428,P00436,2025-08-01,410.56,410.56,Paid
PM0013419,P00687,2024-10-01,157.79,157.79,Paid
PM0007118,P00365,2026-07-01,75.89,0.0,Missed
PM0009935,P00511,2025-02-01,105.47,105.47,Paid
PM0013839,P00709,2025-06-01,262.63,262.63,Paid
PM0013684,P00700,2026-07-01,330.96,143.32,Partial
PM0001311,P00059,2026-07-01,134.5,134.5,Paid
PM0010860,P00555,2026-03-01,216.39,216.39,Paid
PM0004384,P00228,2025-08-01,96.21,96.21,Paid
PM0010433,P00535,2025-01-01,145.59,145.59,Paid
PM0002194,P00107,2025-11-01,275.31,275.31,Paid
PM0000106,P00008,2024-06-01,317.11,0.0,Missed
PM0007555,P00390,2025-03-01,351.42,351.42,Paid
PM0008123,P00421,2024-02-01,560.92,560.92,Paid
PM0009735,P00502,2023-09-01,394.36,394.36,Paid
PM0007729,P00400,2023-06-01,50.63,50.63,Paid
PM0003326,P00165,2026-07-01,882.81,626.64,Partial
PM0001736,P00080,2024-08-01,493.08,493.08,Paid
PM0010975,P00564,2026-04-01,387.81,387.81,Paid
PM0011720,P00605,2025-03-01,125.98,0.0,Missed
PM0011997,P00620,2026-02-01,494.94,494.94,Paid
PM0002098,P00103,2023-10-01,836.1,836.1,Paid
PM0002245,P00112,2025-11-01,402.19,402.19,Paid
PM0002921,P00145,2025-09-01,294.38,294.38,Paid
PM0012054,P00624,2025-05-01,918.51,918.51,Paid
PM0008209,P00426,2026-05-01,240.12,240.12,Paid
PM0014437,P00742,2025-06-01,387.1,387.1,Paid
PM0003554,P00175,2025-12-01,349.51,349.51,Paid
PM0011455,P00593,2024-08-01,142.88,142.88,Paid
PM0014374,P00739,2023-11-01,147.41,147.41,Paid
PM0004576,P00239,2024-04-01,151.43,151.43,Paid
PM0005881,P00309,2024-04-01,396.29,396.29,Paid
PM0005897,P00309,2025-08-01,396.29,396.29,Paid
PM0008949,P00459,2025-10-01,413.49,413.49,Paid
PM0007444,P00384,2026-06-01,545.23,545.23,Paid
PM0009607,P00492,2026-07-01,836.82,836.82,Paid
PM0008275,P00428,2026-07-01,71.98,71.98,Paid
PM0012482,P00641,2025-02-01,309.29,309.29,Paid
PM0005183,P00273,2025-05-01,147.79,147.79,Paid
PM0007211,P00373,2025-02-01,362.95,362.95,Paid
PM0008378,P00434,2025-12-01,639.88,244.71,Partial
PM0008827,P00452,2025-11-01,196.49,196.49,Paid
PM0009428,P00485,2025-04-01,288.29,288.29,Paid
PM0001508,P00069,2024-10-01,143.01,143.01,Paid
PM0005454,P00287,2025-10-01,183.69,183.69,Paid
PM0002614,P00132,2024-03-01,323.1,323.1,Paid
PM0006221,P00321,2025-10-01,76.37,76.37,Paid
PM0002327,P00116,2026-04-01,303.7,303.7,Paid
PM0013505,P00693,2025-07-01,313.0,313.0,Paid
PM0005260,P00275,2026-01-01,181.0,181.0,Paid
PM0007978,P00413,2025-11-01,357.69,357.69,Paid
PM0004378,P00226,2026-06-01,719.63,719.63,Paid
PM0012456,P00639,2026-03-01,117.84,117.84,Paid
PM0005276,P00277,2026-04-01,119.7,119.7,Paid
PM0010682,P00545,2026-03-01,191.08,191.08,Paid
PM0005233,P00275,2023-10-01,181.0,181.0,Paid
PM0005300,P00279,2024-08-01,341.33,341.33,Paid
PM0010069,P00518,2025-08-01,67.39,67.39,Paid
PM0010575,P00542,2024-02-01,177.89,177.89,Paid
PM0006113,P00317,2025-07-01,140.28,140.28,Paid
PM0005620,P00299,2026-02-01,121.63,121.63,Paid
PM0005216,P00274,2025-12-01,208.87,208.87,Paid
PM0014507,P00747,2024-05-01,149.96,149.96,Paid
PM0000387,P00019,2025-04-01,266.55,266.55,Paid
PM0014514,P00747,2024-12-01,149.96,149.96,Paid
PM0009446,P00486,2025-04-01,482.7,482.7,Paid
PM0011216,P00581,2025-12-01,101.16,101.16,Paid
PM0002737,P00137,2025-09-01,166.98,166.98,Paid
PM0006569,P00335,2026-03-01,77.12,77.12,Paid
PM0002940,P00146,2026-05-01,251.37,251.37,Paid
PM0007653,P00396,2025-05-01,555.67,555.67,Paid
PM0007612,P00393,2025-09-01,834.88,834.88,Paid
PM0001985,P00096,2026-02-01,408.72,408.72,Paid
PM0006116,P00317,2025-10-01,140.28,140.28,Paid
PM0013570,P00696,2025-02-01,104.7,104.7,Paid
PM0004760,P00250,2024-06-01,70.42,70.42,Paid
PM0008312,P00430,2024-10-01,323.55,323.55,Paid
PM0002874,P00143,2025-09-01,472.19,472.19,Paid
PM0011444,P00593,2023-09-01,142.88,142.88,Paid
PM0005963,P00312,2024-02-01,199.07,199.07,Paid
PM0012040,P00623,2025-08-01,255.21,255.21,Paid
PM0000600,P00027,2025-01-01,65.33,65.33,Paid
PM0002871,P00143,2025-06-01,472.19,472.19,Paid
PM0013364,P00685,2026-07-01,432.99,432.99,Paid
PM0014538,P00748,2025-08-01,233.16,0.0,Missed
PM0005865,P00308,2025-10-01,245.65,245.65,Paid
PM0007135,P00368,2026-04-01,700.24,700.24,Paid
PM0007685,P00397,2025-10-01,230.57,230.57,Paid
PM0005561,P00296,2025-12-01,277.13,277.13,Paid
PM0001936,P00094,2025-05-01,269.34,269.34,Paid
PM0006077,P00316,2024-08-01,790.35,790.35,Paid
PM0002223,P00110,2024-01-01,107.57,0.0,Missed
PM0010684,P00545,2026-05-01,191.08,110.59,Partial
PM0006256,P00322,2025-06-01,105.73,105.73,Paid
PM0007327,P00378,2026-04-01,521.31,521.31,Paid
PM0003292,P00163,2026-02-01,505.44,505.44,Paid
PM0004908,P00257,2026-03-01,229.95,229.95,Paid
PM0003458,P00170,2026-07-01,388.44,388.44,Paid
PM0008009,P00415,2025-11-01,435.73,435.73,Paid
PM0008143,P00421,2025-10-01,560.92,560.92,Paid
PM0006096,P00316,2026-03-01,790.35,790.35,Paid
PM0007598,P00392,2026-03-01,138.49,138.49,Paid
PM0006623,P00338,2024-08-01,127.34,127.34,Paid
PM0005244,P00275,2024-09-01,181.0,181.0,Paid
PM0007712,P00399,2025-05-01,87.55,87.55,Paid
PM0009136,P00471,2025-07-01,337.78,337.78,Paid
PM0005579,P00297,2026-01-01,254.69,254.69,Paid
PM0004529,P00234,2026-02-01,101.87,101.87,Paid
PM0010949,P00563,2023-12-01,142.21,142.21,Paid
PM0002891,P00144,2023-08-01,499.74,499.74,Paid
PM0007682,P00397,2025-07-01,230.57,137.85,Partial
PM0005870,P00308,2026-03-01,245.65,0.0,Missed
PM0010493,P00537,2025-03-01,570.54,570.54,Paid
PM0002787,P00139,2024-09-01,560.94,560.94,Paid
PM0003984,P00203,2025-10-01,231.55,0.0,Missed
PM0013656,P00700,2024-03-01,330.96,330.96,Paid
PM0004331,P00225,2026-01-01,210.95,210.95,Paid
PM0009038,P00468,2024-04-01,439.51,439.51,Paid
PM0007553,P00390,2025-01-01,351.42,351.42,Paid
PM0005928,P00311,2024-07-01,179.72,179.72,Paid
PM0004679,P00245,2026-06-01,696.24,696.24,Paid
PM0006661,P00340,2026-03-01,163.98,0.0,Missed
PM0007412,P00382,2026-01-01,694.23,694.23,Paid
PM0011144,P00576,2026-06-01,0.0,0.0,Paid
PM0001712,P00079,2025-05-01,234.25,234.25,Paid
PM0008111,P00419,2026-07-01,223.24,176.77,Partial
PM0005379,P00284,2024-05-01,554.65,554.65,Paid
PM0003592,P00181,2025-09-01,134.24,71.32,Partial
PM0004846,P00255,2024-05-01,444.0,444.0,Paid
PM0006020,P00314,2025-12-01,212.52,212.52,Paid
PM0014488,P00744,2024-12-01,326.31,326.31,Paid
PM0014249,P00733,2025-10-01,118.82,0.0,Missed
PM0001743,P00081,2023-10-01,316.18,316.18,Paid
PM0009657,P00495,2026-05-01,179.38,179.38,Paid
PM0010304,P00529,2024-08-01,279.09,279.09,Paid
PM0009591,P00492,2025-03-01,836.82,836.82,Paid
PM0005937,P00311,2025-04-01,179.72,179.72,Paid
PM0005443,P00287,2024-11-01,183.69,183.69,Paid
PM0001905,P00092,2026-02-01,216.63,216.63,Paid
PM0002564,P00130,2026-02-01,248.96,248.96,Paid
PM0007898,P00410,2024-10-01,156.23,72.34,Partial
PM0000346,P00018,2023-06-01,131.65,131.65,Paid
PM0012584,P00647,2025-01-01,199.76,199.76,Paid
PM0009862,P00508,2025-03-01,633.22,633.22,Paid
PM0002338,P00117,2025-02-01,55.81,55.81,Paid
PM0005343,P00282,2025-12-01,396.55,396.55,Paid
PM0007529,P00389,2025-11-01,270.03,0.0,Missed
PM0002474,P00126,2026-01-01,184.68,184.68,Paid
PM0011074,P00571,2025-11-01,296.29,296.29,Paid
PM0001674,P00078,2023-09-01,500.1,500.1,Paid
PM0005760,P00304,2026-02-01,134.64,134.64,Paid
PM0011877,P00616,2024-04-01,648.72,648.72,Paid
PM0000280,P00015,2024-10-01,224.35,224.35,Paid
PM0008664,P00445,2026-07-01,778.87,778.87,Paid
PM0005732,P00304,2023-10-01,134.64,134.64,Paid
PM0013280,P00682,2025-10-01,511.43,511.43,Paid
PM0002499,P00127,2025-08-01,117.63,117.63,Paid
PM0004455,P00232,2023-11-01,449.75,449.75,Paid
PM0007007,P00359,2025-06-01,394.21,394.21,Paid
PM0008124,P00421,2024-03-01,560.92,560.92,Paid
PM0003706,P00184,2025-11-01,406.16,406.16,Paid
PM0004922,P00258,2025-10-01,243.18,243.18,Paid
PM0004879,P00257,2023-10-01,229.95,144.18,Partial
PM0000530,P00025,2025-09-01,170.93,170.93,Paid
PM0012160,P00629,2024-08-01,489.53,489.53,Paid
PM0005163,P00272,2025-03-01,176.81,176.81,Paid
PM0006026,P00314,2026-06-01,212.52,212.52,Paid
PM0004754,P00250,2023-12-01,70.42,70.42,Paid
PM0012141,P00627,2026-07-01,193.55,0.0,Missed
PM0002631,P00132,2025-08-01,323.1,323.1,Paid
PM0005607,P00299,2025-01-01,121.63,121.63,Paid
PM0010349,P00532,2023-10-01,412.5,412.5,Paid
PM0009354,P00482,2026-07-01,168.92,168.92,Paid
PM0003101,P00155,2026-07-01,536.24,536.24,Paid
PM0007295,P00378,2023-08-01,521.31,521.31,Paid
PM0004279,P00222,2026-02-01,42.17,0.0,Missed
PM0010943,P00562,2026-04-01,285.53,285.53,Paid
PM0012852,P00660,2025-02-01,245.23,245.23,Paid
PM0004076,P00210,2023-09-01,422.89,422.89,Paid
PM0003999,P00204,2025-10-01,465.1,465.1,Paid
PM0012602,P00647,2026-07-01,199.76,199.76,Paid
PM0008483,P00438,2025-06-01,374.73,374.73,Paid
PM0000787,P00036,2025-10-01,543.71,543.71,Paid
PM0010892,P00557,2025-12-01,321.82,321.82,Paid
PM0012930,P00664,2024-12-01,74.73,74.73,Paid
PM0003306,P00164,2026-05-01,119.33,119.33,Paid
PM0004377,P00226,2026-05-01,719.63,719.63,Paid
PM0010030,P00515,2025-06-01,87.15,87.15,Paid
PM0009550,P00490,2025-12-01,45.05,45.05,Paid
PM0013749,P00705,2025-07-01,165.8,165.8,Paid
PM0008311,P00430,2024-09-01,323.55,323.55,Paid
PM0005655,P00301,2024-04-01,157.4,157.4,Paid
PM0001845,P00085,2026-04-01,176.78,56.14,Partial
PM0001365,P00065,2025-04-01,174.21,174.21,Paid
PM0005905,P00309,2026-04-01,396.29,396.29,Paid
PM0002672,P00133,2026-04-01,144.56,144.56,Paid
PM0004444,P00230,2026-04-01,353.59,353.59,Paid
PM0007446,P00385,2024-08-01,183.7,183.7,Paid
PM0002240,P00112,2025-06-01,402.19,402.19,Paid
PM0011378,P00590,2025-10-01,368.18,368.18,Paid
PM0011701,P00604,2025-08-01,1040.1,1040.1,Paid
PM0011023,P00570,2023-10-01,159.96,159.96,Paid
PM0003400,P00168,2024-11-01,236.69,0.0,Missed
PM0010498,P00537,2025-08-01,570.54,570.54,Paid
PM0007337,P00379,2024-08-01,273.9,0.0,Missed
PM0003543,P00173,2026-06-01,247.69,247.69,Paid
PM0001268,P00058,2025-07-01,375.89,375.89,Paid
PM0003617,P00182,2025-02-01,226.88,226.88,Paid
PM0000861,P00039,2026-05-01,1099.84,1099.84,Paid
PM0013786,P00706,2025-12-01,257.22,257.22,Paid
PM0001950,P00095,2026-07-01,234.38,234.38,Paid
PM0006421,P00328,2024-05-01,68.94,68.94,Paid
PM0005390,P00284,2025-04-01,554.65,554.65,Paid
PM0003847,P00193,2026-07-01,256.14,256.14,Paid
PM0013540,P00695,2024-12-01,547.06,547.06,Paid
PM0010488,P00537,2024-10-01,570.54,570.54,Paid
PM0011469,P00593,2025-10-01,142.88,142.88,Paid
PM0014106,P00725,2025-01-01,428.12,428.12,Paid
PM0003719,P00185,2025-12-01,385.7,385.7,Paid
PM0007285,P00377,2026-05-01,131.15,131.15,Paid
PM0012430,P00638,2026-07-01,297.67,297.67,Paid
PM0006773,P00345,2024-11-01,661.78,661.78,Paid
PM0002837,P00141,2026-03-01,530.16,530.16,Paid
PM0010026,P00515,2025-02-01,87.15,45.58,Partial
PM0001786,P00082,2025-07-01,174.81,174.81,Paid
PM0006324,P00325,2026-01-01,59.23,59.23,Paid
PM0009116,P00471,2023-11-01,337.78,337.78,Paid
PM0005964,P00312,2024-03-01,199.07,77.47,Partial
PM0012558,P00645,2026-01-01,187.95,187.95,Paid
PM0000416,P00020,2024-09-01,573.96,0.0,Missed
PM0000581,P00027,2023-06-01,65.33,65.33,Paid
PM0008278,P00429,2024-05-01,306.99,306.99,Paid
PM0007664,P00396,2026-04-01,555.67,555.67,Paid
PM0005202,P00274,2024-10-01,208.87,208.87,Paid
PM0012229,P00631,2026-04-01,315.0,315.0,Paid
PM0012502,P00642,2025-07-01,421.15,421.15,Paid
PM0012708,P00652,2025-09-01,687.04,687.04,Paid
PM0000848,P00039,2025-04-01,1099.84,1099.84,Paid
PM0005329,P00282,2024-10-01,396.55,396.55,Paid
PM0006742,P00343,2026-04-01,97.41,97.41,Paid
PM0001278,P00058,2026-05-01,375.89,375.89,Paid
PM0013883,P00711,2025-08-01,203.34,203.34,Paid
PM0001372,P00065,2025-11-01,174.21,174.21,Paid
PM0014213,P00731,2026-04-01,139.27,139.27,Paid
PM0003345,P00166,2025-08-01,263.35,263.35,Paid
PM0010576,P00542,2024-03-01,177.89,177.89,Paid
PM0006004,P00314,2024-08-01,212.52,212.52,Paid
PM0009361,P00483,2023-11-01,149.54,149.54,Paid
PM0004541,P00236,2025-01-01,768.82,768.82,Paid
PM0007918,P00410,2026-06-01,156.23,56.71,Partial
PM0014487,P00744,2024-11-01,326.31,0.0,Missed
PM0007577,P00391,2025-10-01,341.5,341.5,Paid
PM0013156,P00674,2026-03-01,176.2,119.52,Partial
PM0012404,P00637,2026-05-01,80.81,80.81,Paid
PM0000758,P00034,2026-06-01,68.03,68.03,Paid
PM0010969,P00564,2025-10-01,387.81,387.81,Paid
PM0003095,P00155,2026-01-01,536.24,536.24,Paid
PM0001973,P00096,2025-02-01,408.72,408.72,Paid
PM0001642,P00077,2024-05-01,179.71,179.71,Paid
PM0010843,P00554,2025-07-01,46.23,46.23,Paid
PM0000929,P00043,2025-07-01,536.29,536.29,Paid
PM0005092,P00268,2026-02-01,392.66,392.66,Paid
PM0014235,P00732,2025-11-01,130.64,130.64,Paid
PM0012942,P00664,2025-12-01,74.73,74.73,Paid
PM0006180,P00320,2024-01-01,149.0,149.0,Paid
PM0009588,P00492,2024-12-01,836.82,836.82,Paid
PM0010568,P00541,2026-01-01,116.95,116.95,Paid
PM0009228,P00476,2025-12-01,595.25,595.25,Paid
PM0008037,P00416,2024-12-01,127.49,127.49,Paid
PM0012044,P00623,2025-12-01,255.21,255.21,Paid
PM0008619,P00444,2025-08-01,160.87,83.14,Partial
PM0003243,P00162,2025-03-01,283.27,283.27,Paid
PM0007592,P00392,2025-09-01,138.49,138.49,Paid
PM0001005,P00046,2024-01-01,408.98,408.98,Paid
PM0011609,P00598,2025-07-01,191.48,191.48,Paid
PM0009760,P00503,2023-10-01,165.85,165.85,Paid
PM0012508,P00642,2026-01-01,421.15,0.0,Missed
PM0014265,P00734,2026-01-01,137.75,137.75,Paid
PM0006523,P00334,2024-09-01,525.35,525.35,Paid
PM0007560,P00390,2025-08-01,351.42,351.42,Paid
PM0013549,P00695,2025-09-01,547.06,0.0,Missed
PM0006051,P00315,2025-11-01,113.63,113.63,Paid
PM0005851,P00307,2024-09-01,191.08,191.08,Paid
PM0012904,P00662,2025-10-01,135.48,135.48,Paid
PM0002900,P00144,2024-05-01,499.74,499.74,Paid
PM0009879,P00509,2024-05-01,191.4,191.4,Paid
PM0011967,P00619,2024-09-01,377.2,377.2,Paid
PM0009626,P00494,2026-07-01,666.1,666.1,Paid
PM0000810,P00037,2024-09-01,530.5,530.5,Paid
PM0006427,P00328,2024-11-01,68.94,0.0,Missed
PM0002905,P00144,2024-10-01,499.74,499.74,Paid
PM0013891,P00711,2026-04-01,203.34,0.0,Missed
PM0002553,P00130,2025-03-01,248.96,248.96,Paid
PM0009479,P00487,2024-08-01,378.75,378.75,Paid
PM0008656,P00445,2025-11-01,778.87,778.87,Paid
PM0013836,P00709,2025-03-01,262.63,262.63,Paid
PM0001943,P00095,2025-12-01,234.38,234.38,Paid
PM0004742,P00249,2025-12-01,320.96,0.0,Missed
PM0007478,P00387,2025-05-01,344.41,344.41,Paid
PM0005537,P00294,2026-04-01,166.79,166.79,Paid
PM0008002,P00415,2025-04-01,435.73,435.73,Paid
PM0009288,P00478,2025-02-01,129.82,129.82,Paid
PM0005510,P00291,2026-05-01,353.26,353.26,Paid
PM0001185,P00055,2023-09-01,480.85,480.85,Paid
PM0002700,P00136,2024-08-01,349.29,349.29,Paid
PM0007826,P00404,2026-02-01,661.28,661.28,Paid
PM0005293,P00279,2024-01-01,341.33,0.0,Missed
PM0001704,P00078,2026-03-01,500.1,0.0,Missed
PM0013271,P00682,2025-01-01,511.43,511.43,Paid
PM0011947,P00618,2025-09-01,713.22,713.22,Paid
PM0011834,P00614,2023-05-01,82.1,82.1,Paid
PM0001148,P00053,2025-08-01,742.45,742.45,Paid
PM0010490,P00537,2024-12-01,570.54,570.54,Paid
PM0008690,P00446,2025-03-01,130.98,130.98,Paid
PM0014504,P00747,2024-02-01,149.96,149.96,Paid
PM0009622,P00494,2026-03-01,666.1,666.1,Paid
PM0006645,P00340,2024-11-01,163.98,163.98,Paid
PM0003246,P00162,2025-06-01,283.27,283.27,Paid
PM0002036,P00099,2026-07-01,706.95,706.95,Paid
PM0005868,P00308,2026-01-01,245.65,166.74,Partial
PM0011043,P00570,2025-06-01,159.96,159.96,Paid
PM0010167,P00522,2026-07-01,478.26,478.26,Paid
PM0007350,P00379,2025-09-01,273.9,273.9,Paid
PM0008207,P00426,2026-03-01,240.12,240.12,Paid
PM0007282,P00377,2026-02-01,131.15,131.15,Paid
PM0008987,P00466,2023-01-01,167.02,167.02,Paid
PM0010804,P00552,2024-01-01,1031.65,1031.65,Paid
PM0001551,P00071,2025-11-01,410.51,410.51,Paid
PM0004558,P00236,2026-06-01,768.82,0.0,Missed
PM0013556,P00695,2026-04-01,547.06,547.06,Paid
PM0004723,P00249,2024-05-01,320.96,194.78,Partial
PM0005059,P00266,2026-01-01,547.51,547.51,Paid
PM0008583,P00443,2025-03-01,112.5,112.5,Paid
PM0010225,P00525,2025-06-01,29.64,29.64,Paid
PM0006510,P00334,2023-08-01,525.35,525.35,Paid
PM0006848,P00349,2025-11-01,354.57,354.57,Paid
PM0004986,P00262,2025-01-01,377.63,377.63,Paid
PM0003148,P00157,2024-04-01,347.53,347.53,Paid
PM0013845,P00709,2025-12-01,262.63,262.63,Paid
PM0014584,P00750,2024-11-01,685.98,685.98,Paid
PM0011431,P00592,2025-07-01,136.15,136.15,Paid
PM0014290,P00736,2024-02-01,122.83,122.83,Paid
PM0005471,P00290,2023-11-01,564.15,564.15,Paid
PM0006220,P00321,2025-09-01,76.37,76.37,Paid
PM0014252,P00733,2026-01-01,118.82,118.82,Paid
PM0004575,P00239,2024-03-01,151.43,151.43,Paid
PM0002391,P00121,2025-10-01,131.46,131.46,Paid
PM0005961,P00312,2023-12-01,199.07,199.07,Paid
PM0002716,P00136,2025-12-01,349.29,349.29,Paid
PM0004506,P00234,2024-03-01,101.87,101.87,Paid
PM0002353,P00117,2026-05-01,55.81,55.81,Paid
PM0008969,P00463,2025-09-01,120.66,120.66,Paid
PM0005470,P00290,2023-10-01,564.15,564.15,Paid
PM0002458,P00125,2025-04-01,143.81,143.81,Paid
PM0005264,P00275,2026-05-01,181.0,102.22,Partial
PM0001121,P00051,2025-10-01,272.05,0.0,Missed
PM0013763,P00706,2024-01-01,257.22,0.0,Missed
PM0008424,P00436,2025-04-01,410.56,410.56,Paid
PM0010037,P00515,2026-01-01,87.15,0.0,Missed
PM0006575,P00336,2024-05-01,198.24,198.24,Paid
PM0010665,P00545,2024-10-01,191.08,191.08,Paid
PM0012128,P00627,2025-06-01,193.55,193.55,Paid
PM0009520,P00489,2024-11-01,516.02,516.02,Paid
PM0012898,P00662,2025-04-01,135.48,135.48,Paid
PM0005523,P00294,2025-02-01,166.79,166.79,Paid
PM0013317,P00683,2026-04-01,256.4,256.4,Paid
PM0003203,P00160,2024-11-01,411.19,411.19,Paid
PM0013927,P00713,2025-09-01,694.25,0.0,Missed
PM0002278,P00113,2025-06-01,16.19,16.19,Paid
PM0014035,P00721,2025-02-01,248.01,248.01,Paid
PM0010995,P00567,2025-04-01,85.61,85.61,Paid
PM0013264,P00681,2026-03-01,187.31,187.31,Paid
PM0004277,P00222,2025-12-01,42.17,42.17,Paid
PM0012770,P00655,2026-04-01,156.78,156.78,Paid
PM0005680,P00301,2026-05-01,157.4,157.4,Paid
PM0012282,P00633,2025-11-01,167.48,167.48,Paid
PM0008572,P00442,2025-09-01,89.15,89.15,Paid
PM0004767,P00250,2025-01-01,70.42,70.42,Paid
PM0004199,P00218,2026-03-01,617.01,617.01,Paid
PM0010065,P00518,2025-04-01,67.39,43.65,Partial
PM0012027,P00622,2026-06-01,198.16,198.16,Paid
PM0011628,P00599,2025-05-01,249.05,249.05,Paid
PM0009630,P00495,2024-02-01,179.38,179.38,Paid
PM0005517,P00293,2026-04-01,499.13,499.13,Paid
PM0012760,P00655,2025-06-01,156.78,156.78,Paid
PM0002107,P00103,2024-07-01,836.1,651.01,Partial
PM0003110,P00156,2023-10-01,231.94,231.94,Paid
PM0005338,P00282,2025-07-01,396.55,396.55,Paid
PM0009438,P00485,2026-02-01,288.29,288.29,Paid
PM0001941,P00095,2025-10-01,234.38,234.38,Paid
PM0007130,P00367,2026-03-01,613.85,430.01,Partial
PM0007408,P00382,2025-09-01,694.23,694.23,Paid
PM0011537,P00596,2024-05-01,174.96,174.96,Paid
PM0001087,P00049,2026-02-01,64.0,64.0,Paid
PM0001581,P00073,2025-10-01,35.19,35.19,Paid
PM0001914,P00093,2025-07-01,288.37,288.37,Paid
PM0009643,P00495,2025-03-01,179.38,179.38,Paid
PM0000950,P00044,2024-12-01,205.22,205.22,Paid
PM0013700,P00702,2025-09-01,279.0,279.0,Paid
PM0006843,P00348,2026-07-01,467.75,0.0,Missed
PM0003523,P00173,2024-10-01,247.69,247.69,Paid
PM0006076,P00316,2024-07-01,790.35,790.35,Paid
PM0000740,P00034,2024-12-01,68.03,68.03,Paid
PM0013016,P00668,2024-11-01,75.59,75.59,Paid
PM0002434,P00124,2025-04-01,714.19,714.19,Paid
PM0007798,P00403,2026-02-01,137.28,137.28,Paid
PM0009052,P00468,2025-06-01,439.51,439.51,Paid
PM0008298,P00429,2026-01-01,306.99,0.0,Missed
PM0003927,P00199,2024-07-01,381.36,381.36,Paid
PM0012266,P00632,2025-12-01,213.13,213.13,Paid
PM0008548,P00442,2023-09-01,89.15,89.15,Paid
PM0000011,P00001,2026-07-01,86.9,86.9,Paid
PM0006946,P00353,2026-04-01,81.36,81.36,Paid
PM0005187,P00273,2025-09-01,147.79,147.79,Paid
PM0005967,P00312,2024-06-01,199.07,199.07,Paid
PM0002852,P00142,2026-05-01,318.6,318.6,Paid
PM0001890,P00091,2026-03-01,92.93,92.93,Paid
PM0009878,P00509,2024-04-01,191.4,191.4,Paid
PM0006783,P00345,2025-09-01,661.78,661.78,Paid
PM0009676,P00498,2025-05-01,514.18,514.18,Paid
PM0003432,P00170,2024-05-01,388.44,0.0,Missed
PM0010272,P00527,2025-12-01,559.89,559.89,Paid
PM0005000,P00262,2026-03-01,377.63,377.63,Paid
PM0003668,P00183,2025-11-01,179.81,179.81,Paid
PM0006729,P00343,2025-03-01,97.41,97.41,Paid
PM0002623,P00132,2024-12-01,323.1,323.1,Paid
PM0011738,P00607,2025-01-01,143.64,143.64,Paid
PM0008452,P00437,2026-04-01,250.12,93.2,Partial
PM0010195,P00524,2025-06-01,189.03,189.03,Paid
PM0004564,P00237,2026-07-01,155.16,155.16,Paid
PM0012025,P00622,2026-04-01,198.16,0.0,Missed
PM0010286,P00528,2026-02-01,91.62,91.62,Paid
PM0003790,P00190,2025-11-01,488.35,488.35,Paid
PM0012005,P00621,2025-04-01,181.36,181.36,Paid
PM0002516,P00128,2026-01-01,223.26,0.0,Missed
PM0013316,P00683,2026-03-01,256.4,256.4,Paid
PM0009053,P00468,2025-07-01,439.51,439.51,Paid
PM0003120,P00156,2024-08-01,231.94,231.94,Paid
PM0011264,P00584,2025-06-01,447.73,447.73,Paid
PM0002634,P00132,2025-11-01,323.1,323.1,Paid
PM0004935,P00259,2025-05-01,584.68,584.68,Paid
PM0005096,P00268,2026-06-01,392.66,218.19,Partial
PM0014018,P00720,2025-06-01,339.91,339.91,Paid
PM0000844,P00039,2024-12-01,1099.84,0.0,Missed
PM0008894,P00456,2025-11-01,459.62,459.62,Paid
PM0001664,P00077,2026-03-01,179.71,179.71,Paid
PM0004818,P00253,2026-02-01,160.77,160.77,Paid
PM0011775,P00609,2024-11-01,446.21,168.59,Partial
PM0012913,P00662,2026-07-01,135.48,135.48,Paid
PM0010998,P00567,2025-07-01,85.61,85.61,Paid
PM0002025,P00099,2025-08-01,706.95,706.95,Paid
PM0001039,P00047,2025-11-01,167.5,167.5,Paid
PM0010211,P00525,2024-04-01,29.64,29.64,Paid
PM0011973,P00619,2025-03-01,377.2,377.2,Paid
PM0014010,P00720,2024-10-01,339.91,339.91,Paid
PM0008848,P00453,2026-06-01,685.23,685.23,Paid
PM0000800,P00037,2023-11-01,530.5,530.5,Paid
PM0007588,P00392,2025-05-01,138.49,138.49,Paid
PM0006086,P00316,2025-05-01,790.35,790.35,Paid
PM0007948,P00413,2023-05-01,357.69,357.69,Paid
PM0012322,P00635,2023-09-01,102.05,102.05,Paid
PM0006823,P00347,2026-03-01,629.61,629.61,Paid
PM0010567,P00541,2025-12-01,116.95,116.95,Paid
PM0014587,P00750,2025-02-01,685.98,685.98,Paid
PM0013277,P00682,2025-07-01,511.43,511.43,Paid
PM0001932,P00094,2025-01-01,269.34,269.34,Paid
PM0012442,P00639,2025-01-01,117.84,117.84,Paid
PM0004848,P00255,2024-07-01,444.0,444.0,Paid
PM0011397,P00591,2025-02-01,157.95,157.95,Paid
PM0005503,P00290,2026-07-01,564.15,564.15,Paid
PM0007704,P00399,2024-09-01,87.55,87.55,Paid
PM0009405,P00484,2026-04-01,109.09,109.09,Paid
PM0010632,P00544,2024-01-01,524.96,524.96,Paid
PM0006047,P00315,2025-07-01,113.63,50.01,Partial
PM0007490,P00387,2026-05-01,344.41,344.41,Paid
PM0010451,P00535,2026-07-01,145.59,145.59,Paid
PM0012350,P00635,2026-01-01,102.05,102.05,Paid
PM0010442,P00535,2025-10-01,145.59,145.59,Paid
PM0003782,P00190,2025-03-01,488.35,488.35,Paid
PM0007603,P00393,2024-12-01,834.88,419.14,Partial
PM0002177,P00107,2024-06-01,275.31,275.31,Paid
PM0001920,P00093,2026-01-01,288.37,288.37,Paid
PM0011348,P00589,2025-03-01,180.3,180.3,Paid
PM0014184,P00729,2026-04-01,122.57,122.57,Paid
PM0013661,P00700,2024-08-01,330.96,330.96,Paid
PM0005675,P00301,2025-12-01,157.4,157.4,Paid
PM0011287,P00586,2025-11-01,835.48,835.48,Paid
PM0000195,P00012,2026-06-01,142.4,142.4,Paid
PM0013390,P00686,2025-10-01,187.22,187.22,Paid
PM0006482,P00332,2025-01-01,122.94,122.94,Paid
PM0001565,P00073,2024-06-01,35.19,35.19,Paid
PM0012833,P00659,2025-12-01,246.65,246.65,Paid
PM0013335,P00684,2024-11-01,128.15,128.15,Paid
PM0006768,P00345,2024-06-01,661.78,661.78,Paid
PM0006022,P00314,2026-02-01,212.52,212.52,Paid
PM0007895,P00409,2026-05-01,115.73,115.73,Paid
PM0004972,P00262,2023-11-01,377.63,377.63,Paid
PM0000077,P00007,2024-06-01,495.09,495.09,Paid
PM0014115,P00725,2025-10-01,428.12,428.12,Paid
PM0003607,P00182,2024-04-01,226.88,226.88,Paid
PM0006578,P00336,2024-08-01,198.24,198.24,Paid
PM0000967,P00044,2026-05-01,205.22,132.82,Partial
PM0004566,P00238,2026-01-01,229.87,229.87,Paid
PM0011426,P00592,2025-02-01,136.15,136.15,Paid
PM0010953,P00563,2024-04-01,142.21,142.21,Paid
PM0009392,P00483,2026-06-01,149.54,0.0,Missed
PM0014564,P00749,2025-09-01,243.11,243.11,Paid
PM0004339,P00226,2023-03-01,719.63,719.63,Paid
PM0004546,P00236,2025-06-01,768.82,768.82,Paid
PM0012900,P00662,2025-06-01,135.48,135.48,Paid
PM0008038,P00416,2025-01-01,127.49,127.49,Paid
PM0003352,P00166,2026-03-01,263.35,263.35,Paid
PM0004079,P00210,2023-12-01,422.89,0.0,Missed
PM0006752,P00344,2025-12-01,925.69,925.69,Paid
PM0010049,P00518,2023-12-01,67.39,67.39,Paid
PM0006392,P00327,2025-04-01,428.66,428.66,Paid
PM0005461,P00287,2026-05-01,183.69,183.69,Paid
PM0014002,P00720,2024-02-01,339.91,339.91,Paid
PM0012899,P00662,2025-05-01,135.48,135.48,Paid
PM0009174,P00473,2024-04-01,102.27,102.27,Paid
PM0007508,P00389,2024-02-01,270.03,270.03,Paid
PM0003038,P00152,2023-08-01,108.42,108.42,Paid
PM0001253,P00057,2026-06-01,117.57,117.57,Paid
PM0005749,P00304,2025-03-01,134.64,134.64,Paid
PM0003560,P00175,2026-06-01,349.51,349.51,Paid
PM0005715,P00303,2025-06-01,242.73,242.73,Paid
PM0014532,P00747,2026-06-01,149.96,149.96,Paid
PM0007777,P00402,2025-08-01,234.54,234.54,Paid
PM0010373,P00532,2025-10-01,412.5,412.5,Paid
PM0012831,P00658,2026-06-01,179.53,179.53,Paid
PM0009835,P00506,2025-12-01,62.5,62.5,Paid
PM0007919,P00410,2026-07-01,156.23,156.23,Paid
PM0004822,P00253,2026-06-01,160.77,0.0,Missed
PM0005794,P00305,2025-07-01,258.23,258.23,Paid
PM0009356,P00483,2023-06-01,149.54,149.54,Paid
PM0002923,P00145,2025-11-01,294.38,294.38,Paid
PM0012525,P00643,2026-01-01,269.85,269.85,Paid
PM0003278,P00163,2024-12-01,505.44,505.44,Paid
PM0010715,P00548,2025-10-01,679.35,679.35,Paid
PM0006586,P00336,2025-04-01,198.24,198.24,Paid
PM0002806,P00139,2026-04-01,560.94,560.94,Paid
PM0006425,P00328,2024-09-01,68.94,0.0,Missed
PM0008751,P00449,2026-05-01,33.62,33.62,Paid
PM0007193,P00371,2025-07-01,233.81,233.81,Paid
PM0004071,P00209,2025-10-01,147.59,147.59,Paid
PM0007741,P00400,2024-06-01,50.63,50.63,Paid
PM0001137,P00052,2026-01-01,219.66,219.66,Paid
PM0014323,P00737,2025-12-01,66.99,66.99,Paid
PM0014111,P00725,2025-06-01,428.12,428.12,Paid
PM0004295,P00224,2024-06-01,642.21,642.21,Paid
PM0009576,P00492,2023-12-01,836.82,836.82,Paid
PM0012263,P00632,2025-09-01,213.13,213.13,Paid
PM0011948,P00618,2025-10-01,713.22,713.22,Paid
PM0010996,P00567,2025-05-01,85.61,85.61,Paid
PM0011138,P00576,2025-12-01,0.0,0.0,Missed
PM0011981,P00619,2025-11-01,377.2,377.2,Paid
PM0001463,P00068,2024-03-01,397.96,397.96,Paid
PM0007820,P00404,2025-08-01,661.28,661.28,Paid
PM0013324,P00684,2023-12-01,128.15,128.15,Paid
PM0002595,P00131,2026-02-01,359.57,359.57,Paid
PM0002598,P00131,2026-05-01,359.57,359.57,Paid
PM0000620,P00028,2023-06-01,101.58,101.58,Paid
PM0003718,P00185,2025-11-01,385.7,385.7,Paid
PM0004359,P00226,2024-11-01,719.63,719.63,Paid
PM0000884,P00040,2026-03-01,362.78,362.78,Paid
PM0000757,P00034,2026-05-01,68.03,68.03,Paid
PM0011188,P00580,2025-08-01,140.73,140.73,Paid
PM0001793,P00082,2026-02-01,174.81,174.81,Paid
PM0003366,P00167,2024-03-01,379.76,284.47,Partial
PM0005054,P00266,2025-08-01,547.51,547.51,Paid
PM0008986,P00465,2026-07-01,351.61,351.61,Paid
PM0006148,P00318,2024-11-01,212.45,212.45,Paid
PM0006808,P00347,2024-12-01,629.61,629.61,Paid
PM0005743,P00304,2024-09-01,134.64,134.64,Paid
PM0008326,P00430,2025-12-01,323.55,323.55,Paid
PM0005704,P00303,2024-07-01,242.73,242.73,Paid
PM0000951,P00044,2025-01-01,205.22,205.22,Paid
PM0010538,P00539,2025-07-01,220.03,220.03,Paid
PM0003634,P00182,2026-07-01,226.88,226.88,Paid
PM0011296,P00587,2026-01-01,63.77,32.42,Partial
PM0013824,P00708,2026-04-01,180.72,180.72,Paid
PM0001935,P00094,2025-04-01,269.34,0.0,Missed
PM0008955,P00460,2026-02-01,391.0,391.0,Paid
PM0011742,P00607,2025-05-01,143.64,143.64,Paid
PM0011159,P00578,2024-08-01,315.5,315.5,Paid
PM0007589,P00392,2025-06-01,138.49,138.49,Paid
PM0009792,P00503,2026-06-01,165.85,73.74,Partial
PM0009913,P00510,2025-07-01,375.08,0.0,Missed
PM0011290,P00586,2026-02-01,835.48,835.48,Paid
PM0000712,P00032,2025-12-01,457.22,457.22,Paid
PM0005230,P00275,2023-07-01,181.0,181.0,Paid
PM0007250,P00374,2024-10-01,115.5,115.5,Paid
PM0014572,P00750,2023-11-01,685.98,685.98,Paid
PM0005998,P00313,2026-05-01,251.91,251.91,Paid
PM0013181,P00676,2024-09-01,349.53,349.53,Paid
PM0011535,P00596,2024-03-01,174.96,174.96,Paid
PM0001084,P00049,2025-11-01,64.0,64.0,Paid
PM0002130,P00103,2026-06-01,836.1,836.1,Paid
PM0004334,P00225,2026-04-01,210.95,210.95,Paid
PM0006365,P00326,2026-02-01,203.51,203.51,Paid
PM0005901,P00309,2025-12-01,396.29,132.15,Partial
PM0011608,P00598,2025-06-01,191.48,191.48,Paid
PM0013435,P00687,2026-02-01,157.79,157.79,Paid
PM0007824,P00404,2025-12-01,661.28,0.0,Missed
PM0011311,P00588,2024-11-01,743.35,743.35,Paid
PM0002350,P00117,2026-02-01,55.81,55.81,Paid
PM0010273,P00527,2026-01-01,559.89,559.89,Paid
PM0013101,P00672,2025-06-01,77.27,77.27,Paid
PM0005160,P00272,2024-12-01,176.81,176.81,Paid
PM0005068,P00267,2024-05-01,86.79,86.79,Paid
PM0007252,P00374,2024-12-01,115.5,115.5,Paid
PM0001771,P00081,2026-02-01,316.18,316.18,Paid
PM0010200,P00524,2025-11-01,189.03,189.03,Paid
PM0014464,P00743,2026-05-01,540.59,540.59,Paid
PM0008808,P00452,2024-04-01,196.49,196.49,Paid
PM0007438,P00384,2025-12-01,545.23,545.23,Paid
PM0002019,P00098,2026-02-01,246.27,246.27,Paid
PM0001072,P00049,2024-11-01,64.0,64.0,Paid
PM0006807,P00347,2024-11-01,629.61,629.61,Paid
PM0000220,P00013,2026-07-01,149.19,149.19,Paid
PM0010537,P00539,2025-06-01,220.03,220.03,Paid
PM0005093,P00268,2026-03-01,392.66,392.66,Paid
PM0009859,P00508,2024-12-01,633.22,0.0,Missed
PM0003260,P00163,2023-06-01,505.44,505.44,Paid
PM0013711,P00703,2024-11-01,218.62,218.62,Paid
PM0001397,P00066,2024-10-01,343.28,343.28,Paid
PM0004029,P00207,2024-12-01,95.37,95.37,Paid
PM0004798,P00252,2025-04-01,228.86,228.86,Paid
PM0002077,P00102,2025-02-01,406.58,406.58,Paid
PM0005631,P00300,2025-07-01,297.62,297.62,Paid
PM0009882,P00509,2024-08-01,191.4,57.9,Partial
PM0000288,P00015,2025-06-01,224.35,224.35,Paid
PM0012761,P00655,2025-07-01,156.78,156.78,Paid
PM0005349,P00282,2026-06-01,396.55,396.55,Paid
PM0007878,P00408,2025-11-01,137.55,137.55,Paid
PM0001024,P00046,2025-08-01,408.98,408.98,Paid
PM0013000,P00668,2023-07-01,75.59,75.59,Paid
PM0013057,P00671,2024-03-01,377.8,377.8,Paid
PM0002770,P00138,2026-06-01,75.47,0.0,Missed
PM0000988,P00045,2025-11-01,217.69,217.69,Paid
PM0014009,P00720,2024-09-01,339.91,339.91,Paid
PM0002594,P00131,2026-01-01,359.57,359.57,Paid
PM0008237,P00427,2025-10-01,290.48,290.48,Paid
PM0011382,P00590,2026-02-01,368.18,0.0,Missed
PM0012945,P00664,2026-03-01,74.73,74.73,Paid
PM0004027,P00207,2024-10-01,95.37,35.58,Partial
PM0009572,P00492,2023-08-01,836.82,836.82,Paid
PM0000409,P00020,2024-02-01,573.96,573.96,Paid
PM0013804,P00708,2024-08-01,180.72,180.72,Paid
PM0007679,P00397,2025-04-01,230.57,230.57,Paid
PM0000017,P00002,2023-10-01,321.5,321.5,Paid
PM0000568,P00026,2025-10-01,945.63,945.63,Paid
PM0008271,P00428,2026-03-01,71.98,71.98,Paid
PM0012086,P00625,2024-12-01,177.27,177.27,Paid
PM0000716,P00032,2026-04-01,457.22,457.22,Paid
PM0009210,P00474,2026-01-01,544.06,0.0,Missed
PM0002908,P00144,2025-01-01,499.74,499.74,Paid
PM0001060,P00049,2023-11-01,64.0,64.0,Paid
PM0013877,P00711,2025-02-01,203.34,153.08,Partial
PM0009135,P00471,2025-06-01,337.78,337.78,Paid
PM0002590,P00131,2025-09-01,359.57,359.57,Paid
PM0009944,P00511,2025-11-01,105.47,105.47,Paid
PM0003029,P00151,2025-11-01,399.27,399.27,Paid
PM0012438,P00639,2024-09-01,117.84,0.0,Missed
PM0006803,P00347,2024-07-01,629.61,629.61,Paid
PM0000759,P00034,2026-07-01,68.03,68.03,Paid
PM0005741,P00304,2024-07-01,134.64,134.64,Paid
PM0014250,P00733,2025-11-01,118.82,118.82,Paid
PM0002435,P00124,2025-05-01,714.19,714.19,Paid
PM0005646,P00301,2023-07-01,157.4,157.4,Paid
PM0011659,P00601,2026-01-01,54.01,54.01,Paid
PM0007696,P00398,2025-12-01,185.56,185.56,Paid
PM0010652,P00544,2025-09-01,524.96,524.96,Paid
PM0009069,P00469,2023-08-01,458.43,458.43,Paid
PM0001606,P00075,2025-10-01,496.67,496.67,Paid
PM0005599,P00298,2026-04-01,169.76,169.76,Paid
PM0011069,P00571,2025-06-01,296.29,296.29,Paid
PM0012622,P00649,2025-04-01,246.64,246.64,Paid
PM0013303,P00683,2025-02-01,256.4,256.4,Paid
PM0000970,P00045,2024-05-01,217.69,217.69,Paid
PM0002920,P00145,2025-08-01,294.38,163.86,Partial
PM0009625,P00494,2026-06-01,666.1,666.1,Paid
PM0002016,P00098,2025-11-01,246.27,246.27,Paid
PM0006196,P00320,2025-05-01,149.0,149.0,Paid
PM0000541,P00026,2023-07-01,945.63,945.63,Paid
PM0013051,P00671,2023-09-01,377.8,0.0,Missed
PM0011370,P00590,2025-02-01,368.18,368.18,Paid
PM0006294,P00325,2023-07-01,59.23,59.23,Paid
PM0012769,P00655,2026-03-01,156.78,156.78,Paid
PM0012157,P00629,2024-05-01,489.53,489.53,Paid
PM0014483,P00744,2024-07-01,326.31,0.0,Missed
PM0005398,P00284,2025-12-01,554.65,554.65,Paid
PM0005874,P00308,2026-07-01,245.65,0.0,Missed
PM0009864,P00508,2025-05-01,633.22,633.22,Paid
PM0008967,P00463,2025-07-01,120.66,120.66,Paid
PM0003764,P00189,2026-04-01,204.74,204.74,Paid
PM0005269,P00276,2026-02-01,137.11,137.11,Paid
PM0005287,P00279,2023-07-01,341.33,341.33,Paid
PM0000733,P00034,2024-05-01,68.03,68.03,Paid
PM0012604,P00648,2026-04-01,161.57,161.57,Paid
PM0007610,P00393,2025-07-01,834.88,834.88,Paid
PM0007721,P00399,2026-02-01,87.55,87.55,Paid
PM0013579,P00696,2025-11-01,104.7,104.7,Paid
PM0010299,P00529,2024-03-01,279.09,279.09,Paid
PM0006731,P00343,2025-05-01,97.41,97.41,Paid
PM0003971,P00202,2025-10-01,179.65,179.65,Paid
PM0004891,P00257,2024-10-01,229.95,229.95,Paid
PM0005802,P00305,2026-03-01,258.23,258.23,Paid
PM0001299,P00059,2025-07-01,134.5,134.5,Paid
PM0013007,P00668,2024-02-01,75.59,75.59,Paid
PM0004303,P00224,2025-02-01,642.21,642.21,Paid
PM0012290,P00633,2026-07-01,167.48,167.48,Paid
PM0003799,P00191,2023-03-01,295.15,295.15,Paid
PM0012421,P00638,2025-10-01,297.67,297.67,Paid
PM0003941,P00200,2024-07-01,352.42,352.42,Paid
PM0014092,P00724,2025-11-01,392.33,392.33,Paid
PM0008756,P00450,2026-03-01,465.35,0.0,Missed
PM0008280,P00429,2024-07-01,306.99,306.99,Paid
PM0006241,P00322,2024-03-01,105.73,105.73,Paid
PM0012541,P00644,2026-07-01,490.38,490.38,Paid
PM0001532,P00070,2025-06-01,85.97,85.97,Paid
PM0000343,P00017,2026-07-01,164.26,164.26,Paid
PM0011480,P00594,2025-01-01,182.88,182.88,Paid
PM0003040,P00152,2023-10-01,108.42,76.76,Partial
PM0007765,P00402,2024-08-01,234.54,0.0,Missed
PM0008574,P00442,2025-11-01,89.15,89.15,Paid
PM0002430,P00124,2024-12-01,714.19,714.19,Paid
PM0009003,P00466,2024-05-01,167.02,167.02,Paid
PM0004274,P00222,2025-09-01,42.17,17.86,Partial
PM0007828,P00404,2026-04-01,661.28,661.28,Paid
PM0003211,P00161,2025-05-01,357.99,357.99,Paid
PM0011523,P00595,2025-12-01,625.3,625.3,Paid
PM0004310,P00224,2025-09-01,642.21,642.21,Paid
PM0011699,P00604,2025-06-01,1040.1,1040.1,Paid
PM0004967,P00262,2023-06-01,377.63,377.63,Paid
PM0006207,P00320,2026-04-01,149.0,149.0,Paid
PM0000762,P00035,2025-02-01,139.14,139.14,Paid
PM0013643,P00700,2023-02-01,330.96,330.96,Paid
PM0001155,P00053,2026-03-01,742.45,742.45,Paid
PM0006519,P00334,2024-05-01,525.35,525.35,Paid
PM0011430,P00592,2025-06-01,136.15,136.15,Paid
PM0004884,P00257,2024-03-01,229.95,92.94,Partial
PM0000823,P00037,2025-10-01,530.5,530.5,Paid
PM0010903,P00561,2025-06-01,75.19,75.19,Paid
PM0002145,P00104,2026-07-01,248.78,248.78,Paid
PM0005373,P00284,2023-11-01,554.65,554.65,Paid
PM0013720,P00703,2025-08-01,218.62,218.62,Paid
PM0010699,P00548,2024-06-01,679.35,679.35,Paid
PM0003053,P00152,2024-11-01,108.42,108.42,Paid
PM0008224,P00427,2024-09-01,290.48,0.0,Missed
PM0005221,P00274,2026-05-01,208.87,208.87,Paid
PM0002903,P00144,2024-08-01,499.74,499.74,Paid
PM0009681,P00498,2025-10-01,514.18,514.18,Paid
PM0006183,P00320,2024-04-01,149.0,149.0,Paid
PM0009056,P00468,2025-10-01,439.51,439.51,Paid
PM0002911,P00145,2024-11-01,294.38,294.38,Paid
PM0006875,P00351,2023-03-01,467.05,467.05,Paid
PM0013484,P00693,2023-10-01,313.0,313.0,Paid
PM0012553,P00645,2025-08-01,187.95,187.95,Paid
PM0010534,P00539,2025-03-01,220.03,220.03,Paid
PM0009721,P00501,2025-10-01,518.28,0.0,Missed
PM0009540,P00489,2026-07-01,516.02,516.02,Paid
PM0007471,P00386,2026-04-01,156.89,156.89,Paid
PM0007156,P00369,2026-03-01,183.55,183.55,Paid
PM0001640,P00077,2024-03-01,179.71,179.71,Paid
PM0007935,P00411,2025-12-01,189.15,189.15,Paid
PM0000995,P00045,2026-06-01,217.69,217.69,Paid
PM0004479,P00232,2025-11-01,449.75,449.75,Paid
PM0012827,P00658,2026-02-01,179.53,53.91,Partial
PM0000246,P00014,2025-04-01,207.74,207.74,Paid
PM0012757,P00655,2025-03-01,156.78,156.78,Paid
PM0000538,P00025,2026-05-01,170.93,170.93,Paid
PM0009670,P00497,2026-07-01,294.83,294.83,Paid
PM0009477,P00487,2024-06-01,378.75,378.75,Paid
PM0008432,P00436,2025-12-01,410.56,0.0,Missed
PM0005344,P00282,2026-01-01,396.55,396.55,Paid
PM0002673,P00133,2026-05-01,144.56,144.56,Paid
PM0005640,P00300,2026-04-01,297.62,297.62,Paid
PM0013362,P00685,2026-05-01,432.99,432.99,Paid
PM0005190,P00273,2025-12-01,147.79,147.79,Paid
PM0014008,P00720,2024-08-01,339.91,339.91,Paid
PM0013620,P00698,2025-07-01,286.36,286.36,Paid
PM0001676,P00078,2023-11-01,500.1,500.1,Paid
PM0005333,P00282,2025-02-01,396.55,396.55,Paid
PM0002899,P00144,2024-04-01,499.74,499.74,Paid
PM0013052,P00671,2023-10-01,377.8,377.8,Paid
PM0011351,P00589,2025-06-01,180.3,180.3,Paid
PM0013072,P00671,2025-06-01,377.8,377.8,Paid
PM0006692,P00341,2025-07-01,207.83,0.0,Missed
PM0007780,P00402,2025-11-01,234.54,234.54,Paid
PM0006308,P00325,2024-09-01,59.23,59.23,Paid
PM0008668,P00446,2023-05-01,130.98,130.98,Paid
PM0006270,P00323,2025-10-01,267.34,267.34,Paid
PM0001061,P00049,2023-12-01,64.0,22.95,Partial
PM0014193,P00730,2025-01-01,362.64,362.64,Paid
PM0002722,P00137,2024-06-01,166.98,166.98,Paid
PM0008130,P00421,2024-09-01,560.92,560.92,Paid
PM0014348,P00738,2025-04-01,544.15,544.15,Paid
PM0002597,P00131,2026-04-01,359.57,359.57,Paid
PM0004468,P00232,2024-12-01,449.75,449.75,Paid
PM0011942,P00618,2025-04-01,713.22,713.22,Paid
PM0004403,P00229,2023-11-01,486.41,486.41,Paid
PM0012503,P00642,2025-08-01,421.15,421.15,Paid
PM0003791,P00190,2025-12-01,488.35,488.35,Paid
PM0007856,P00407,2025-12-01,127.02,127.02,Paid
PM0006680,P00341,2024-07-01,207.83,207.83,Paid
PM0006036,P00315,2024-08-01,113.63,113.63,Paid
PM0010219,P00525,2024-12-01,29.64,29.64,Paid
PM0002755,P00138,2025-03-01,75.47,75.47,Paid
PM0001100,P00050,2025-02-01,405.72,405.72,Paid
PM0009552,P00490,2026-02-01,45.05,45.05,Paid
PM0013823,P00708,2026-03-01,180.72,180.72,Paid
PM0002835,P00141,2026-01-01,530.16,530.16,Paid
PM0000010,P00001,2026-06-01,86.9,86.9,Paid
PM0006302,P00325,2024-03-01,59.23,59.23,Paid
PM0005845,P00306,2026-03-01,227.92,0.0,Missed
PM0007205,P00371,2026-07-01,233.81,233.81,Paid
PM0003412,P00168,2025-11-01,236.69,236.69,Paid
PM0010905,P00561,2025-08-01,75.19,0.0,Missed
PM0005274,P00276,2026-07-01,137.11,137.11,Paid
PM0003302,P00164,2026-01-01,119.33,119.33,Paid
PM0001643,P00077,2024-06-01,179.71,179.71,Paid
PM0006370,P00326,2026-07-01,203.51,203.51,Paid
PM0000214,P00013,2026-01-01,149.19,149.19,Paid
PM0013145,P00674,2025-04-01,176.2,176.2,Paid
PM0012866,P00660,2026-04-01,245.23,245.23,Paid
PM0008846,P00453,2026-04-01,685.23,685.23,Paid
PM0013729,P00703,2026-05-01,218.62,218.62,Paid
PM0014339,P00738,2024-07-01,544.15,165.56,Partial
PM0010924,P00562,2024-09-01,285.53,285.53,Paid
PM0011019,P00570,2023-06-01,159.96,159.96,Paid
PM0012332,P00635,2024-07-01,102.05,102.05,Paid
PM0013508,P00693,2025-10-01,313.0,313.0,Paid
PM0000698,P00032,2024-10-01,457.22,457.22,Paid
PM0007775,P00402,2025-06-01,234.54,234.54,Paid
PM0001976,P00096,2025-05-01,408.72,408.72,Paid
PM0011219,P00581,2026-03-01,101.16,101.16,Paid
PM0009524,P00489,2025-03-01,516.02,516.02,Paid
PM0001588,P00073,2026-05-01,35.19,0.0,Missed
PM0008839,P00453,2025-09-01,685.23,685.23,Paid
PM0009780,P00503,2025-06-01,165.85,165.85,Paid
PM0012195,P00630,2025-08-01,287.44,287.44,Paid
PM0013408,P00687,2023-11-01,157.79,157.79,Paid
PM0000353,P00018,2024-01-01,131.65,131.65,Paid
PM0013588,P00697,2025-04-01,206.98,206.98,Paid
PM0013714,P00703,2025-02-01,218.62,218.62,Paid
PM0006174,P00319,2026-07-01,375.44,375.44,Paid
PM0014529,P00747,2026-03-01,149.96,149.96,Paid
PM0002697,P00136,2024-05-01,349.29,349.29,Paid
PM0003950,P00200,2025-04-01,352.42,352.42,Paid
PM0003468,P00171,2024-10-01,608.31,608.31,Paid
PM0002008,P00098,2025-03-01,246.27,246.27,Paid
PM0012326,P00635,2024-01-01,102.05,102.05,Paid
PM0006446,P00328,2026-06-01,68.94,68.94,Paid
PM0007410,P00382,2025-11-01,694.23,694.23,Paid
PM0000882,P00040,2026-01-01,362.78,362.78,Paid
PM0004660,P00244,2025-10-01,138.03,138.03,Paid
PM0008463,P00438,2023-10-01,374.73,374.73,Paid
PM0004434,P00229,2026-06-01,486.41,486.41,Paid
PM0003184,P00159,2025-10-01,121.97,121.97,Paid
PM0007234,P00374,2023-06-01,115.5,115.5,Paid
PM0012936,P00664,2025-06-01,74.73,0.0,Missed
PM0005128,P00271,2024-07-01,286.75,286.75,Paid
PM0003867,P00195,2026-03-01,305.69,305.69,Paid
PM0001159,P00053,2026-07-01,742.45,742.45,Paid
PM0002605,P00132,2023-06-01,323.1,0.0,Missed
PM0002769,P00138,2026-05-01,75.47,75.47,Paid
PM0010618,P00543,2025-06-01,150.12,150.12,Paid
PM0013170,P00675,2026-03-01,119.39,119.39,Paid
PM0003570,P00177,2026-03-01,348.59,348.59,Paid
PM0014428,P00741,2026-02-01,710.9,710.9,Paid
PM0006351,P00326,2024-12-01,203.51,203.51,Paid
PM0013693,P00701,2026-05-01,331.54,331.54,Paid
PM0000942,P00044,2024-04-01,205.22,205.22,Paid
PM0010379,P00532,2026-04-01,412.5,412.5,Paid
PM0010320,P00529,2025-12-01,279.09,279.09,Paid
PM0006260,P00322,2025-10-01,105.73,105.73,Paid
PM0001650,P00077,2025-01-01,179.71,179.71,Paid
PM0008006,P00415,2025-08-01,435.73,435.73,Paid
PM0010521,P00538,2025-08-01,199.22,0.0,Missed
PM0002118,P00103,2025-06-01,836.1,0.0,Missed
PM0007155,P00369,2026-02-01,183.55,183.55,Paid
PM0008191,P00426,2024-11-01,240.12,240.12,Paid
PM0002535,P00130,2023-09-01,248.96,248.96,Paid
PM0003822,P00191,2025-02-01,295.15,295.15,Paid
PM0005279,P00277,2026-07-01,119.7,119.7,Paid
PM0010647,P00544,2025-04-01,524.96,524.96,Paid
PM0005440,P00286,2026-05-01,66.09,66.09,Paid
PM0000394,P00019,2025-11-01,266.55,266.55,Paid
PM0012039,P00623,2025-07-01,255.21,255.21,Paid
PM0008779,P00451,2024-08-01,195.14,195.14,Paid
PM0002159,P00106,2026-06-01,491.28,491.28,Paid
PM0004215,P00220,2025-11-01,204.49,204.49,Paid
PM0000397,P00019,2026-02-01,266.55,266.55,Paid
PM0008919,P00458,2026-02-01,109.32,109.32,Paid
PM0007512,P00389,2024-06-01,270.03,270.03,Paid
PM0007894,P00409,2026-04-01,115.73,115.73,Paid
PM0001529,P00069,2026-07-01,143.01,143.01,Paid
PM0012664,P00650,2025-09-01,300.09,300.09,Paid
PM0004939,P00259,2025-09-01,584.68,584.68,Paid
PM0000657,P00028,2026-07-01,101.58,101.58,Paid
PM0005954,P00312,2023-05-01,199.07,199.07,Paid
PM0010281,P00528,2025-09-01,91.62,91.62,Paid
PM0001859,P00087,2025-06-01,154.82,154.82,Paid
PM0011161,P00578,2024-10-01,315.5,315.5,Paid
PM0005960,P00312,2023-11-01,199.07,199.07,Paid
PM0013957,P00715,2025-08-01,259.73,259.73,Paid
PM0008511,P00440,2025-07-01,373.63,373.63,Paid
PM0000872,P00040,2025-03-01,362.78,362.78,Paid
PM0012561,P00645,2026-04-01,187.95,187.95,Paid
PM0009144,P00471,2026-03-01,337.78,248.86,Partial
PM0008195,P00426,2025-03-01,240.12,240.12,Paid
PM0013885,P00711,2025-10-01,203.34,203.34,Paid
PM0006880,P00351,2023-08-01,467.05,467.05,Paid
PM0000135,P00009,2024-05-01,281.25,281.25,Paid
PM0011945,P00618,2025-07-01,713.22,713.22,Paid
PM0002041,P00100,2025-01-01,386.41,386.41,Paid
PM0011433,P00592,2025-09-01,136.15,136.15,Paid
PM0001822,P00085,2024-05-01,176.78,176.78,Paid
PM0008789,P00451,2025-06-01,195.14,195.14,Paid
PM0009372,P00483,2024-10-01,149.54,149.54,Paid
PM0014256,P00733,2026-05-01,118.82,118.82,Paid
PM0002591,P00131,2025-10-01,359.57,359.57,Paid
PM0007622,P00393,2026-07-01,834.88,834.88,Paid
PM0013952,P00715,2025-03-01,259.73,259.73,Paid
PM0002909,P00144,2025-02-01,499.74,499.74,Paid
PM0002379,P00119,2024-10-01,67.83,0.0,Missed
PM0000111,P00008,2024-11-01,317.11,317.11,Paid
PM0006983,P00357,2026-02-01,429.74,429.74,Paid
PM0004909,P00257,2026-04-01,229.95,101.78,Partial
PM0008861,P00454,2024-07-01,258.55,258.55,Paid
PM0007834,P00405,2024-10-01,260.54,260.54,Paid
PM0012919,P00664,2024-01-01,74.73,74.73,Paid
PM0005504,P00291,2025-11-01,353.26,353.26,Paid
PM0002113,P00103,2025-01-01,836.1,836.1,Paid
PM0012695,P00652,2024-08-01,687.04,687.04,Paid
PM0003362,P00167,2023-11-01,379.76,379.76,Paid
PM0004697,P00246,2025-05-01,204.0,204.0,Paid
PM0006048,P00315,2025-08-01,113.63,113.63,Paid
PM0007462,P00385,2025-12-01,183.7,183.7,Paid
PM0006452,P00329,2025-10-01,424.18,424.18,Paid
PM0010930,P00562,2025-03-01,285.53,285.53,Paid
PM0006126,P00318,2023-01-01,212.45,212.45,Paid
PM0006335,P00326,2023-08-01,203.51,203.51,Paid
PM0004488,P00233,2025-05-01,70.1,70.1,Paid
PM0003139,P00156,2026-03-01,231.94,231.94,Paid
PM0008666,P00446,2023-03-01,130.98,130.98,Paid
PM0013893,P00711,2026-06-01,203.34,203.34,Paid
PM0003618,P00182,2025-03-01,226.88,226.88,Paid
PM0007784,P00402,2026-03-01,234.54,234.54,Paid
PM0013687,P00701,2025-11-01,331.54,331.54,Paid
PM0004618,P00241,2025-06-01,232.67,232.67,Paid
PM0011134,P00576,2025-08-01,0.0,0.0,Paid
PM0014028,P00721,2024-07-01,248.01,248.01,Paid
PM0007376,P00380,2026-03-01,367.3,367.3,Paid
PM0012645,P00650,2024-02-01,300.09,300.09,Paid
PM0002105,P00103,2024-05-01,836.1,836.1,Paid
PM0007843,P00405,2025-07-01,260.54,0.0,Missed
PM0013189,P00676,2025-05-01,349.53,110.66,Partial
PM0003720,P00185,2026-01-01,385.7,385.7,Paid
PM0003093,P00155,2025-11-01,536.24,536.24,Paid
PM0001758,P00081,2025-01-01,316.18,316.18,Paid
PM0006290,P00325,2023-03-01,59.23,59.23,Paid
PM0007114,P00365,2026-03-01,75.89,75.89,Paid
PM0013494,P00693,2024-08-01,313.0,313.0,Paid
PM0013740,P00704,2025-10-01,243.78,243.78,Paid
PM0011940,P00617,2026-06-01,332.67,332.67,Paid
PM0009018,P00466,2025-08-01,167.02,167.02,Paid
PM0011564,P00597,2025-04-01,196.66,196.66,Paid
PM0005872,P00308,2026-05-01,245.65,245.65,Paid
PM0009686,P00498,2026-03-01,514.18,514.18,Paid
PM0013202,P00677,2024-08-01,138.01,138.01,Paid
PM0008203,P00426,2025-11-01,240.12,240.12,Paid
PM0002204,P00108,2025-07-01,422.63,422.63,Paid
PM0011416,P00592,2024-04-01,136.15,136.15,Paid
PM0013798,P00707,2026-02-01,442.88,0.0,Missed
PM0003874,P00197,2023-12-01,810.95,810.95,Paid
PM0010870,P00557,2024-02-01,321.82,321.82,Paid
PM0012655,P00650,2024-12-01,300.09,300.09,Paid
PM0002971,P00148,2025-11-01,62.38,62.38,Paid
PM0000104,P00008,2024-04-01,317.11,317.11,Paid
PM0008635,P00445,2024-02-01,778.87,778.87,Paid
PM0005725,P00303,2026-04-01,242.73,242.73,Paid
PM0000639,P00028,2025-01-01,101.58,71.07,Partial
PM0010454,P00536,2025-01-01,0.0,0.0,Paid
PM0009041,P00468,2024-07-01,439.51,439.51,Paid
PM0007636,P00395,2024-06-01,209.53,209.53,Paid
PM0001487,P00068,2026-03-01,397.96,397.96,Paid
PM0000171,P00010,2025-02-01,181.56,181.56,Paid
PM0003325,P00165,2026-06-01,882.81,882.81,Paid
PM0005690,P00302,2026-02-01,293.34,293.34,Paid
PM0004230,P00221,2024-01-01,354.54,354.54,Paid
PM0008087,P00418,2024-03-01,476.51,276.18,Partial
PM0000046,P00004,2025-08-01,648.32,648.32,Paid
PM0005628,P00300,2025-04-01,297.62,297.62,Paid
PM0002707,P00136,2025-03-01,349.29,349.29,Paid
PM0013808,P00708,2024-12-01,180.72,180.72,Paid
PM0000555,P00026,2024-09-01,945.63,945.63,Paid
PM0012308,P00634,2024-09-01,347.04,347.04,Paid
PM0003537,P00173,2025-12-01,247.69,247.69,Paid
PM0013270,P00682,2024-12-01,511.43,511.43,Paid
PM0013227,P00678,2026-05-01,72.33,72.33,Paid
PM0000056,P00004,2026-06-01,648.32,648.32,Paid
PM0001156,P00053,2026-04-01,742.45,742.45,Paid
PM0012615,P00649,2024-09-01,246.64,246.64,Paid
PM0002774,P00139,2023-08-01,560.94,560.94,Paid
PM0011199,P00580,2026-07-01,140.73,140.73,Paid
PM0007383,P00381,2024-10-01,137.11,137.11,Paid
PM0009147,P00471,2026-06-01,337.78,217.07,Partial
PM0014574,P00750,2024-01-01,685.98,685.98,Paid
PM0010161,P00522,2026-01-01,478.26,478.26,Paid
PM0009618,P00494,2025-11-01,666.1,666.1,Paid
PM0012727,P00653,2025-11-01,211.59,211.59,Paid
PM0007823,P00404,2025-11-01,661.28,661.28,Paid
PM0013718,P00703,2025-06-01,218.62,218.62,Paid
PM0006824,P00347,2026-04-01,629.61,629.61,Paid
PM0011903,P00617,2023-05-01,332.67,332.67,Paid
PM0001242,P00056,2026-04-01,259.01,0.0,Missed
PM0002119,P00103,2025-07-01,836.1,836.1,Paid
PM0012846,P00660,2024-08-01,245.23,245.23,Paid
PM0002545,P00130,2024-07-01,248.96,248.96,Paid
PM0014189,P00730,2024-09-01,362.64,362.64,Paid
PM0010197,P00524,2025-08-01,189.03,189.03,Paid
PM0007871,P00408,2025-04-01,137.55,137.55,Paid
PM0006857,P00350,2025-01-01,338.69,338.69,Paid
PM0014502,P00747,2023-12-01,149.96,149.96,Paid
PM0002951,P00148,2024-03-01,62.38,62.38,Paid
PM0013669,P00700,2025-04-01,330.96,0.0,Missed
PM0002968,P00148,2025-08-01,62.38,62.38,Paid
PM0004478,P00232,2025-10-01,449.75,279.02,Partial
PM0005996,P00313,2026-03-01,251.91,251.91,Paid
PM0008450,P00437,2026-02-01,250.12,250.12,Paid
PM0013084,P00671,2026-06-01,377.8,293.16,Partial
PM0012768,P00655,2026-02-01,156.78,156.78,Paid
PM0008478,P00438,2025-01-01,374.73,374.73,Paid
PM0012248,P00632,2024-06-01,213.13,213.13,Paid
PM0008859,P00454,2024-05-01,258.55,258.55,Paid
PM0005981,P00312,2025-08-01,199.07,199.07,Paid
PM0014479,P00744,2024-03-01,326.31,326.31,Paid
PM0000483,P00023,2024-02-01,574.6,574.6,Paid
PM0009076,P00469,2024-03-01,458.43,458.43,Paid
PM0006282,P00324,2026-02-01,298.71,298.71,Paid
PM0003126,P00156,2025-02-01,231.94,231.94,Paid
PM0003713,P00184,2026-06-01,406.16,406.16,Paid
PM0003709,P00184,2026-02-01,406.16,406.16,Paid
PM0013515,P00693,2026-05-01,313.0,313.0,Paid
PM0002034,P00099,2026-05-01,706.95,706.95,Paid
PM0014415,P00740,2026-02-01,758.16,758.16,Paid
PM0009122,P00471,2024-05-01,337.78,337.78,Paid
PM0002611,P00132,2023-12-01,323.1,323.1,Paid
PM0000516,P00025,2024-07-01,170.93,170.93,Paid
PM0000396,P00019,2026-01-01,266.55,266.55,Paid
PM0002120,P00103,2025-08-01,836.1,348.05,Partial
PM0001857,P00086,2025-05-01,178.36,178.36,Paid
PM0005982,P00312,2025-09-01,199.07,199.07,Paid
PM0001237,P00056,2025-11-01,259.01,259.01,Paid
PM0000680,P00031,2025-10-01,211.73,211.73,Paid
PM0011081,P00571,2026-06-01,296.29,296.29,Paid
PM0010222,P00525,2025-03-01,29.64,29.64,Paid
PM0005006,P00263,2025-02-01,678.47,678.47,Paid
PM0004685,P00246,2024-05-01,204.0,204.0,Paid
PM0012223,P00631,2025-10-01,315.0,315.0,Paid
PM0012419,P00638,2025-08-01,297.67,297.67,Paid
PM0009344,P00482,2025-09-01,168.92,168.92,Paid
PM0005920,P00311,2023-11-01,179.72,179.72,Paid
PM0004761,P00250,2024-07-01,70.42,70.42,Paid
PM0012718,P00652,2026-07-01,687.04,687.04,Paid
PM0002244,P00112,2025-10-01,402.19,402.19,Paid
PM0013890,P00711,2026-03-01,203.34,203.34,Paid
PM0007203,P00371,2026-05-01,233.81,233.81,Paid
PM0010681,P00545,2026-02-01,191.08,191.08,Paid
PM0012985,P00667,2025-11-01,232.57,232.57,Paid
PM0013658,P00700,2024-05-01,330.96,330.96,Paid
PM0001819,P00085,2024-02-01,176.78,176.78,Paid
PM0006636,P00340,2024-02-01,163.98,91.14,Partial
PM0003354,P00166,2026-05-01,263.35,263.35,Paid
PM0003021,P00150,2025-12-01,66.26,66.26,Paid
PM0008097,P00418,2025-01-01,476.51,476.51,Paid
PM0003018,P00150,2025-09-01,66.26,66.26,Paid
PM0003581,P00180,2026-03-01,348.36,348.36,Paid
PM0002108,P00103,2024-08-01,836.1,836.1,Paid
PM0014313,P00736,2026-01-01,122.83,83.18,Partial
PM0014146,P00727,2026-07-01,87.81,87.81,Paid
PM0006389,P00327,2025-01-01,428.66,428.66,Paid
PM0000579,P00027,2023-04-01,65.33,65.33,Paid
PM0008109,P00419,2026-05-01,223.24,223.24,Paid
PM0009928,P00511,2024-07-01,105.47,105.47,Paid
PM0012371,P00636,2025-01-01,152.85,152.85,Paid
PM0003160,P00158,2025-05-01,516.23,516.23,Paid
PM0014181,P00729,2026-01-01,122.57,122.57,Paid
PM0003990,P00203,2026-04-01,231.55,231.55,Paid
PM0007797,P00403,2026-01-01,137.28,137.28,Paid
PM0012366,P00636,2024-08-01,152.85,152.85,Paid
PM0003803,P00191,2023-07-01,295.15,295.15,Paid
PM0004092,P00210,2025-01-01,422.89,422.89,Paid
PM0007070,P00364,2024-03-01,492.7,492.7,Paid
PM0006831,P00348,2025-07-01,467.75,467.75,Paid
PM0004878,P00257,2023-09-01,229.95,229.95,Paid
PM0001192,P00055,2024-04-01,480.85,480.85,Paid
PM0003842,P00192,2026-04-01,187.23,187.23,Paid
PM0003340,P00166,2025-03-01,263.35,263.35,Paid
PM0014425,P00741,2025-11-01,710.9,710.9,Paid
PM0003928,P00199,2024-08-01,381.36,381.36,Paid
PM0013112,P00673,2025-03-01,730.17,730.17,Paid
PM0007718,P00399,2025-11-01,87.55,87.55,Paid
PM0002274,P00113,2025-02-01,16.19,16.19,Paid
PM0009455,P00486,2026-01-01,482.7,482.7,Paid
PM0010293,P00529,2023-09-01,279.09,0.0,Missed
PM0007700,P00398,2026-04-01,185.56,185.56,Paid
PM0011748,P00608,2024-10-01,73.34,0.0,Missed
PM0014212,P00731,2026-03-01,139.27,139.27,Paid
PM0004643,P00243,2026-07-01,235.74,235.74,Paid
PM0012764,P00655,2025-10-01,156.78,156.78,Paid
PM0012806,P00657,2025-01-01,126.71,0.0,Missed
PM0009434,P00485,2025-10-01,288.29,288.29,Paid
PM0013397,P00686,2026-05-01,187.22,187.22,Paid
PM0004231,P00221,2024-02-01,354.54,354.54,Paid
PM0003957,P00200,2025-11-01,352.42,352.42,Paid
PM0003330,P00166,2024-05-01,263.35,263.35,Paid
PM0013703,P00702,2025-12-01,279.0,279.0,Paid
PM0013619,P00698,2025-06-01,286.36,286.36,Paid
PM0002860,P00143,2024-07-01,472.19,472.19,Paid
PM0007101,P00365,2025-02-01,75.89,75.89,Paid
PM0002786,P00139,2024-08-01,560.94,219.65,Partial
PM0004527,P00234,2025-12-01,101.87,101.87,Paid
PM0012037,P00623,2025-05-01,255.21,255.21,Paid
PM0010806,P00552,2024-03-01,1031.65,1031.65,Paid
PM0001467,P00068,2024-07-01,397.96,397.96,Paid
PM0008242,P00427,2026-03-01,290.48,290.48,Paid
PM0012485,P00641,2025-05-01,309.29,0.0,Missed
PM0011267,P00585,2024-04-01,64.64,64.64,Paid
PM0009464,P00487,2023-05-01,378.75,378.75,Paid
PM0009094,P00469,2025-09-01,458.43,458.43,Paid
PM0007583,P00391,2026-04-01,341.5,341.5,Paid
PM0014155,P00728,2024-04-01,147.25,147.25,Paid
PM0011137,P00576,2025-11-01,0.0,0.0,Partial
PM0011874,P00615,2026-03-01,482.16,482.16,Paid
PM0000575,P00026,2026-05-01,945.63,945.63,Paid
PM0006814,P00347,2025-06-01,629.61,629.61,Paid
PM0005214,P00274,2025-10-01,208.87,208.87,Paid
PM0008022,P00416,2023-09-01,127.49,127.49,Paid
PM0011931,P00617,2025-09-01,332.67,332.67,Paid
PM0000765,P00035,2025-05-01,139.14,139.14,Paid
PM0005198,P00274,2024-06-01,208.87,208.87,Paid
PM0001337,P00064,2025-12-01,0.0,0.0,Paid
PM0001012,P00046,2024-08-01,408.98,408.98,Paid
PM0006677,P00341,2024-04-01,207.83,207.83,Paid
PM0012206,P00630,2026-07-01,287.44,287.44,Paid
PM0000508,P00025,2023-11-01,170.93,0.0,Missed
PM0005495,P00290,2025-11-01,564.15,256.19,Partial
PM0002992,P00149,2024-12-01,166.92,166.92,Paid
PM0007578,P00391,2025-11-01,341.5,341.5,Paid
PM0010370,P00532,2025-07-01,412.5,412.5,Paid
PM0005518,P00293,2026-05-01,499.13,499.13,Paid
PM0012778,P00656,2026-04-01,63.8,63.8,Paid
PM0004567,P00238,2026-02-01,229.87,229.87,Paid
PM0012690,P00652,2024-03-01,687.04,687.04,Paid
PM0006679,P00341,2024-06-01,207.83,207.83,Paid
PM0001399,P00066,2024-12-01,343.28,343.28,Paid
PM0011520,P00595,2025-09-01,625.3,625.3,Paid
PM0007556,P00390,2025-04-01,351.42,351.42,Paid
PM0007036,P00360,2026-04-01,259.6,259.6,Paid
PM0010876,P00557,2024-08-01,321.82,321.82,Paid
PM0007268,P00374,2026-04-01,115.5,115.5,Paid
PM0007981,P00413,2026-02-01,357.69,357.69,Paid
PM0003215,P00161,2025-09-01,357.99,357.99,Paid
PM0003948,P00200,2025-02-01,352.42,352.42,Paid
PM0009443,P00485,2026-07-01,288.29,288.29,Paid
PM0002298,P00114,2026-05-01,558.75,558.75,Paid
PM0012920,P00664,2024-02-01,74.73,74.73,Paid
PM0002261,P00113,2024-01-01,16.19,16.19,Paid
PM0006683,P00341,2024-10-01,207.83,207.83,Paid
PM0009024,P00466,2026-02-01,167.02,167.02,Paid
PM0009799,P00504,2025-08-01,604.93,604.93,Paid
PM0007483,P00387,2025-10-01,344.41,0.0,Missed
PM0009138,P00471,2025-09-01,337.78,337.78,Paid
PM0013624,P00698,2025-11-01,286.36,286.36,Paid
PM0001776,P00081,2026-07-01,316.18,0.0,Missed
PM0003785,P00190,2025-06-01,488.35,488.35,Paid
PM0010710,P00548,2025-05-01,679.35,679.35,Paid
PM0004290,P00224,2024-01-01,642.21,642.21,Paid
PM0013310,P00683,2025-09-01,256.4,201.0,Partial
PM0007317,P00378,2025-06-01,521.31,0.0,Missed
PM0005463,P00287,2026-07-01,183.69,183.69,Paid
PM0009602,P00492,2026-02-01,836.82,836.82,Paid
PM0003730,P00186,2024-05-01,100.78,100.78,Paid
PM0009933,P00511,2024-12-01,105.47,105.47,Paid
PM0007600,P00392,2026-05-01,138.49,138.49,Paid
PM0006656,P00340,2025-10-01,163.98,163.98,Paid
PM0000350,P00018,2023-10-01,131.65,131.65,Paid
PM0011862,P00614,2025-09-01,82.1,82.1,Paid
PM0008794,P00451,2025-11-01,195.14,195.14,Paid
PM0008778,P00451,2024-07-01,195.14,195.14,Paid
PM0002962,P00148,2025-02-01,62.38,62.38,Paid
PM0003280,P00163,2025-02-01,505.44,505.44,Paid
PM0012566,P00646,2024-12-01,72.97,72.97,Paid
PM0002184,P00107,2025-01-01,275.31,275.31,Paid
PM0010729,P00549,2023-08-01,54.97,54.97,Paid
PM0011425,P00592,2025-01-01,136.15,136.15,Paid
PM0008161,P00423,2024-09-01,121.63,121.63,Paid
PM0014079,P00723,2026-03-01,242.27,89.77,Partial
PM0000987,P00045,2025-10-01,217.69,217.69,Paid
PM0005409,P00285,2024-08-01,357.44,357.44,Paid
PM0010627,P00543,2026-03-01,150.12,0.0,Missed
PM0002387,P00120,2026-05-01,849.25,849.25,Paid
PM0007772,P00402,2025-03-01,234.54,234.54,Paid
PM0011462,P00593,2025-03-01,142.88,142.88,Paid
PM0007149,P00369,2025-08-01,183.55,183.55,Paid
PM0008898,P00456,2026-03-01,459.62,459.62,Paid
PM0010691,P00547,2025-04-01,417.6,417.6,Paid
PM0003155,P00158,2024-12-01,516.23,516.23,Paid
PM0009295,P00478,2025-09-01,129.82,129.82,Paid
PM0008831,P00452,2026-03-01,196.49,196.49,Paid
PM0013412,P00687,2024-03-01,157.79,157.79,Paid
PM0006941,P00353,2025-11-01,81.36,81.36,Paid
PM0006284,P00324,2026-04-01,298.71,298.71,Paid
PM0007244,P00374,2024-04-01,115.5,115.5,Paid
PM0001677,P00078,2023-12-01,500.1,500.1,Paid
PM0002081,P00102,2025-06-01,406.58,406.58,Paid
PM0008695,P00446,2025-08-01,130.98,130.98,Paid
PM0008357,P00434,2024-03-01,639.88,639.88,Paid
PM0012626,P00649,2025-08-01,246.64,246.64,Paid
PM0009398,P00484,2025-09-01,109.09,109.09,Paid
PM0010541,P00540,2025-05-01,203.54,0.0,Missed
PM0006854,P00350,2024-10-01,338.69,338.69,Paid
PM0013334,P00684,2024-10-01,128.15,128.15,Paid
PM0011567,P00597,2025-07-01,196.66,104.11,Partial
PM0010050,P00518,2024-01-01,67.39,67.39,Paid
PM0000141,P00009,2024-11-01,281.25,0.0,Missed
PM0009984,P00513,2026-07-01,80.59,80.59,Paid
PM0000018,P00002,2023-11-01,321.5,321.5,Paid
PM0002140,P00104,2026-02-01,248.78,248.78,Paid
PM0012145,P00628,2025-11-01,327.26,327.26,Paid
PM0000655,P00028,2026-05-01,101.58,101.58,Paid
PM0010940,P00562,2026-01-01,285.53,285.53,Paid
PM0012779,P00656,2026-05-01,63.8,63.8,Paid
PM0003230,P00162,2024-02-01,283.27,0.0,Missed
PM0013586,P00697,2025-02-01,206.98,206.98,Paid
PM0013897,P00712,2024-05-01,86.35,55.55,Partial
PM0001096,P00050,2024-10-01,405.72,405.72,Paid
PM0005624,P00299,2026-06-01,121.63,0.0,Missed
PM0002344,P00117,2025-08-01,55.81,55.81,Paid
PM0012859,P00660,2025-09-01,245.23,245.23,Paid
PM0000110,P00008,2024-10-01,317.11,317.11,Paid
PM0009620,P00494,2026-01-01,666.1,666.1,Paid
PM0004080,P00210,2024-01-01,422.89,0.0,Missed
PM0010120,P00520,2024-05-01,52.54,52.54,Paid
PM0006223,P00321,2025-12-01,76.37,76.37,Paid
PM0012484,P00641,2025-04-01,309.29,0.0,Missed
PM0002886,P00144,2023-03-01,499.74,499.74,Paid
PM0010807,P00552,2024-04-01,1031.65,0.0,Missed
PM0014264,P00734,2025-12-01,137.75,137.75,Paid
PM0001804,P00084,2026-05-01,455.57,455.57,Paid
PM0002337,P00117,2025-01-01,55.81,55.81,Paid
PM0013193,P00676,2025-09-01,349.53,349.53,Paid
PM0007789,P00403,2025-05-01,137.28,137.28,Paid
PM0012150,P00628,2026-04-01,327.26,327.26,Paid
PM0010289,P00528,2026-05-01,91.62,91.62,Paid
PM0004804,P00252,2025-10-01,228.86,228.86,Paid
PM0002810,P00140,2024-07-01,584.86,584.86,Paid
PM0010401,P00534,2024-11-01,79.64,79.64,Paid
PM0013591,P00697,2025-07-01,206.98,107.01,Partial
PM0007739,P00400,2024-04-01,50.63,50.63,Paid
PM0009176,P00473,2024-06-01,102.27,102.27,Paid
PM0010621,P00543,2025-09-01,150.12,150.12,Paid
PM0006538,P00334,2025-12-01,525.35,525.35,Paid
PM0001582,P00073,2025-11-01,35.19,35.19,Paid
PM0009009,P00466,2024-11-01,167.02,167.02,Paid
PM0007157,P00369,2026-04-01,183.55,183.55,Paid
PM0001356,P00065,2024-07-01,174.21,113.72,Partial
PM0003684,P00184,2024-01-01,406.16,406.16,Paid
PM0001357,P00065,2024-08-01,174.21,174.21,Paid
PM0006177,P00320,2023-10-01,149.0,149.0,Paid
PM0006469,P00331,2025-07-01,100.4,100.4,Paid
PM0012121,P00627,2024-11-01,193.55,193.55,Paid
PM0003097,P00155,2026-03-01,536.24,536.24,Paid
PM0002365,P00118,2024-02-01,372.74,372.74,Paid
PM0013530,P00695,2024-02-01,547.06,547.06,Paid
PM0000296,P00015,2026-02-01,224.35,224.35,Paid
PM0008804,P00452,2023-12-01,196.49,196.49,Paid
PM0014593,P00750,2025-08-01,685.98,685.98,Paid
PM0000574,P00026,2026-04-01,945.63,945.63,Paid
PM0011516,P00595,2025-05-01,625.3,625.3,Paid
PM0000573,P00026,2026-03-01,945.63,945.63,Paid
PM0009922,P00511,2024-01-01,105.47,105.47,Paid
PM0004361,P00226,2025-01-01,719.63,719.63,Paid
PM0006342,P00326,2024-03-01,203.51,203.51,Paid
PM0000055,P00004,2026-05-01,648.32,648.32,Paid
PM0000453,P00021,2026-02-01,195.65,195.65,Paid
PM0001032,P00046,2026-04-01,408.98,408.98,Paid
PM0013654,P00700,2024-01-01,330.96,330.96,Paid
PM0010736,P00549,2024-03-01,54.97,0.0,Missed
PM0001756,P00081,2024-11-01,316.18,316.18,Paid
PM0003702,P00184,2025-07-01,406.16,406.16,Paid
PM0008876,P00454,2025-10-01,258.55,258.55,Paid
PM0002031,P00099,2026-02-01,706.95,706.95,Paid
PM0004762,P00250,2024-08-01,70.42,70.42,Paid
PM0007147,P00369,2025-06-01,183.55,183.55,Paid
PM0001279,P00058,2026-06-01,375.89,375.89,Paid
PM0009063,P00468,2026-05-01,439.51,0.0,Missed
PM0001965,P00096,2024-06-01,408.72,0.0,Missed
PM0011346,P00589,2025-01-01,180.3,180.3,Paid
PM0004308,P00224,2025-07-01,642.21,642.21,Paid
PM0011992,P00620,2025-09-01,494.94,494.94,Paid
PM0010114,P00519,2026-05-01,429.63,429.63,Paid
PM0006413,P00328,2023-09-01,68.94,68.94,Paid
PM0005444,P00287,2024-12-01,183.69,183.69,Paid
PM0000475,P00022,2026-05-01,619.12,0.0,Missed
PM0002285,P00113,2026-01-01,16.19,16.19,Paid
PM0000061,P00005,2025-08-01,182.33,182.33,Paid
PM0005740,P00304,2024-06-01,134.64,134.64,Paid
PM0001895,P00092,2025-04-01,216.63,216.63,Paid
PM0011427,P00592,2025-03-01,136.15,136.15,Paid
PM0004242,P00221,2025-01-01,354.54,354.54,Paid
PM0003527,P00173,2025-02-01,247.69,247.69,Paid
PM0007833,P00405,2024-09-01,260.54,260.54,Paid
PM0005217,P00274,2026-01-01,208.87,208.87,Paid
PM0007472,P00386,2026-05-01,156.89,156.89,Paid
PM0008158,P00422,2026-06-01,289.52,289.52,Paid
PM0006464,P00330,2026-07-01,839.49,839.49,Paid
PM0001249,P00057,2026-02-01,117.57,117.57,Paid
PM0013253,P00681,2025-04-01,187.31,187.31,Paid
PM0001595,P00074,2025-12-01,128.94,128.94,Paid
PM0012470,P00640,2025-09-01,172.35,172.35,Paid
PM0005651,P00301,2023-12-01,157.4,157.4,Paid
PM0005930,P00311,2024-09-01,179.72,179.72,Paid
PM0004936,P00259,2025-06-01,584.68,584.68,Paid
PM0006140,P00318,2024-03-01,212.45,212.45,Paid
PM0014296,P00736,2024-08-01,122.83,122.83,Paid
PM0008512,P00440,2025-08-01,373.63,373.63,Paid
PM0000646,P00028,2025-08-01,101.58,101.58,Paid
PM0007661,P00396,2026-01-01,555.67,555.67,Paid
PM0000890,P00041,2025-03-01,444.37,444.37,Paid
PM0011371,P00590,2025-03-01,368.18,368.18,Paid
PM0009739,P00502,2024-01-01,394.36,394.36,Paid
PM0004011,P00205,2026-05-01,590.84,590.84,Paid
PM0013135,P00674,2024-06-01,176.2,176.2,Paid
PM0002158,P00106,2026-05-01,491.28,0.0,Missed
PM0004824,P00254,2024-12-01,311.13,0.0,Missed
PM0005074,P00267,2024-11-01,86.79,86.79,Paid
PM0005448,P00287,2025-04-01,183.69,183.69,Paid
PM0008154,P00422,2026-02-01,289.52,289.52,Paid
PM0009965,P00513,2024-12-01,80.59,80.59,Paid
PM0005048,P00266,2025-02-01,547.51,547.51,Paid
PM0006246,P00322,2024-08-01,105.73,105.73,Paid
PM0011831,P00614,2023-02-01,82.1,82.1,Paid
PM0000014,P00002,2023-07-01,321.5,321.5,Paid
PM0009113,P00471,2023-08-01,337.78,337.78,Paid
PM0002099,P00103,2023-11-01,836.1,836.1,Paid
PM0011500,P00595,2024-01-01,625.3,625.3,Paid
PM0000821,P00037,2025-08-01,530.5,530.5,Paid
PM0009075,P00469,2024-02-01,458.43,458.43,Paid
PM0013314,P00683,2026-01-01,256.4,256.4,Paid
PM0005843,P00306,2026-01-01,227.92,227.92,Paid
PM0000467,P00022,2025-09-01,619.12,619.12,Paid
PM0003975,P00202,2026-02-01,179.65,179.65,Paid
PM0013998,P00720,2023-10-01,339.91,339.91,Paid
PM0013510,P00693,2025-12-01,313.0,313.0,Paid
PM0008178,P00423,2026-02-01,121.63,121.63,Paid
PM0011076,P00571,2026-01-01,296.29,296.29,Paid
PM0002751,P00138,2024-11-01,75.47,75.47,Paid
PM0008216,P00427,2024-01-01,290.48,290.48,Paid
PM0009143,P00471,2026-02-01,337.78,337.78,Paid
PM0002944,P00147,2025-08-01,719.21,719.21,Paid
PM0014022,P00720,2025-10-01,339.91,339.91,Paid
PM0003210,P00161,2025-04-01,357.99,357.99,Paid
PM0012397,P00637,2025-10-01,80.81,80.81,Paid
PM0012201,P00630,2026-02-01,287.44,287.44,Paid
PM0013519,P00694,2026-07-01,316.16,316.16,Paid
PM0011067,P00571,2025-04-01,296.29,296.29,Paid
PM0014546,P00748,2026-04-01,233.16,233.16,Paid
PM0006402,P00327,2026-02-01,428.66,428.66,Paid
PM0002230,P00111,2025-05-01,92.77,92.77,Paid
PM0006477,P00331,2026-03-01,100.4,100.4,Paid
PM0008613,P00444,2025-02-01,160.87,160.87,Paid
PM0006687,P00341,2025-02-01,207.83,207.83,Paid
PM0013818,P00708,2025-10-01,180.72,180.72,Paid
PM0009682,P00498,2025-11-01,514.18,514.18,Paid
PM0011062,P00571,2024-11-01,296.29,296.29,Paid
PM0001290,P00059,2024-10-01,134.5,134.5,Paid
PM0007214,P00373,2025-05-01,362.95,362.95,Paid
PM0010677,P00545,2025-10-01,191.08,191.08,Paid
PM0010779,P00550,2025-09-01,158.06,158.06,Paid
PM0003209,P00161,2025-03-01,357.99,357.99,Paid
PM0011335,P00589,2024-02-01,180.3,180.3,Paid
PM0014123,P00725,2026-06-01,428.12,428.12,Paid
PM0004129,P00211,2024-08-01,481.39,481.39,Paid
PM0001402,P00066,2025-03-01,343.28,343.28,Paid
PM0009845,P00507,2025-09-01,110.0,110.0,Paid
PM0011810,P00612,2026-04-01,744.62,744.62,Paid
PM0002492,P00127,2025-01-01,117.63,117.63,Paid
PM0011555,P00596,2025-11-01,174.96,174.96,Paid
PM0001748,P00081,2024-03-01,316.18,316.18,Paid
PM0010726,P00549,2023-05-01,54.97,54.97,Paid
PM0009665,P00497,2026-02-01,294.83,136.2,Partial
PM0008279,P00429,2024-06-01,306.99,116.68,Partial
PM0013831,P00709,2024-10-01,262.63,262.63,Paid
PM0014125,P00726,2026-01-01,178.8,178.8,Paid
PM0001360,P00065,2024-11-01,174.21,174.21,Paid
PM0004188,P00216,2025-02-01,641.85,641.85,Paid
PM0010059,P00518,2024-10-01,67.39,67.39,Paid
PM0012255,P00632,2025-01-01,213.13,213.13,Paid
PM0004138,P00211,2025-05-01,481.39,481.39,Paid
PM0013307,P00683,2025-06-01,256.4,256.4,Paid
PM0009517,P00488,2026-05-01,253.1,253.1,Paid
PM0007559,P00390,2025-07-01,351.42,351.42,Paid
PM0008604,P00444,2024-05-01,160.87,100.87,Partial
PM0009486,P00487,2025-03-01,378.75,378.75,Paid
PM0012843,P00660,2024-05-01,245.23,245.23,Paid
PM0009304,P00478,2026-06-01,129.82,129.82,Paid
PM0007790,P00403,2025-06-01,137.28,137.28,Paid
PM0011832,P00614,2023-03-01,82.1,82.1,Paid
PM0000052,P00004,2026-02-01,648.32,648.32,Paid
PM0000438,P00021,2024-11-01,195.65,195.65,Paid
PM0011717,P00605,2024-12-01,125.98,67.99,Partial
PM0010840,P00554,2025-04-01,46.23,46.23,Paid
PM0000549,P00026,2024-03-01,945.63,539.05,Partial
PM0011912,P00617,2024-02-01,332.67,332.67,Paid
PM0011054,P00570,2026-05-01,159.96,159.96,Paid
PM0008758,P00450,2026-05-01,465.35,465.35,Paid
PM0007743,P00400,2024-08-01,50.63,50.63,Paid
PM0014335,P00738,2024-03-01,544.15,0.0,Missed
PM0002580,P00131,2024-11-01,359.57,359.57,Paid
PM0007038,P00360,2026-06-01,259.6,259.6,Paid
PM0013756,P00705,2026-02-01,165.8,165.8,Paid
PM0013186,P00676,2025-02-01,349.53,349.53,Paid
PM0006225,P00321,2026-02-01,76.37,76.37,Paid
PM0012124,P00627,2025-02-01,193.55,193.55,Paid
PM0000253,P00014,2025-11-01,207.74,207.74,Paid
PM0006288,P00325,2023-01-01,59.23,59.23,Paid
PM0005368,P00283,2026-07-01,36.5,36.5,Paid
PM0007564,P00390,2025-12-01,351.42,351.42,Paid
PM0004046,P00207,2026-05-01,95.37,95.37,Paid
PM0004929,P00258,2026-05-01,243.18,243.18,Paid
PM0011345,P00589,2024-12-01,180.3,180.3,Paid
PM0001574,P00073,2025-03-01,35.19,35.19,Paid
PM0009752,P00502,2025-02-01,394.36,394.36,Paid
PM0006154,P00318,2025-05-01,212.45,212.45,Paid
PM0012355,P00635,2026-06-01,102.05,40.66,Partial
PM0005466,P00288,2025-10-01,209.3,209.3,Paid
PM0008830,P00452,2026-02-01,196.49,196.49,Paid
PM0008374,P00434,2025-08-01,639.88,639.88,Paid
PM0009745,P00502,2024-07-01,394.36,394.36,Paid
PM0010159,P00522,2025-11-01,478.26,478.26,Paid
PM0000260,P00014,2026-06-01,207.74,207.74,Paid
PM0010613,P00543,2025-01-01,150.12,150.12,Paid
PM0003207,P00161,2025-01-01,357.99,357.99,Paid
PM0000785,P00036,2025-08-01,543.71,543.71,Paid
PM0003239,P00162,2024-11-01,283.27,283.27,Paid
PM0001243,P00056,2026-05-01,259.01,259.01,Paid
PM0000092,P00007,2025-09-01,495.09,495.09,Paid
PM0007681,P00397,2025-06-01,230.57,0.0,Missed
PM0012798,P00657,2024-05-01,126.71,126.71,Paid
PM0001695,P00078,2025-06-01,500.1,500.1,Paid
PM0001687,P00078,2024-10-01,500.1,298.89,Partial
PM0008196,P00426,2025-04-01,240.12,240.12,Paid
PM0004711,P00246,2026-07-01,204.0,204.0,Paid
PM0011489,P00594,2025-10-01,182.88,182.88,Paid
PM0003677,P00184,2023-06-01,406.16,406.16,Paid
PM0010374,P00532,2025-11-01,412.5,412.5,Paid
PM0002753,P00138,2025-01-01,75.47,75.47,Paid
PM0012187,P00630,2024-12-01,287.44,287.44,Paid
PM0000700,P00032,2024-12-01,457.22,457.22,Paid
PM0009507,P00488,2025-07-01,253.1,253.1,Paid
PM0008241,P00427,2026-02-01,290.48,219.13,Partial
PM0014091,P00724,2025-10-01,392.33,392.33,Paid
PM0007639,P00396,2024-03-01,555.67,555.67,Paid
PM0004693,P00246,2025-01-01,204.0,204.0,Paid
PM0007088,P00364,2025-09-01,492.7,492.7,Paid
PM0008231,P00427,2025-04-01,290.48,290.48,Paid
PM0006895,P00351,2024-11-01,467.05,467.05,Paid
PM0011401,P00591,2025-06-01,157.95,157.95,Paid
PM0013932,P00713,2026-02-01,694.25,694.25,Paid
PM0000562,P00026,2025-04-01,945.63,945.63,Paid
PM0008059,P00417,2025-04-01,219.24,219.24,Paid
PM0006025,P00314,2026-05-01,212.52,212.52,Paid
PM0010583,P00542,2024-10-01,177.89,177.89,Paid
PM0014575,P00750,2024-02-01,685.98,685.98,Paid
PM0013929,P00713,2025-11-01,694.25,694.25,Paid
PM0001344,P00064,2026-07-01,0.0,0.0,Paid
PM0003178,P00159,2025-04-01,121.97,121.97,Paid
PM0002653,P00133,2024-09-01,144.56,144.56,Paid
PM0008684,P00446,2024-09-01,130.98,130.98,Paid
PM0004255,P00221,2026-02-01,354.54,354.54,Paid
PM0002933,P00146,2025-10-01,251.37,251.37,Paid
PM0002674,P00133,2026-06-01,144.56,144.56,Paid
PM0005644,P00301,2023-05-01,157.4,157.4,Paid
PM0005849,P00306,2026-07-01,227.92,227.92,Paid
PM0010628,P00543,2026-04-01,150.12,150.12,Paid
PM0012219,P00631,2025-06-01,315.0,315.0,Paid
PM0009301,P00478,2026-03-01,129.82,129.82,Paid
PM0004305,P00224,2025-04-01,642.21,642.21,Paid
PM0013466,P00692,2025-10-01,440.66,440.66,Paid
PM0004668,P00244,2026-06-01,138.03,138.03,Paid
PM0001025,P00046,2025-09-01,408.98,408.98,Paid
PM0004787,P00251,2026-02-01,601.29,601.29,Paid
PM0000945,P00044,2024-07-01,205.22,205.22,Paid
PM0005683,P00302,2025-07-01,293.34,293.34,Paid
PM0010644,P00544,2025-01-01,524.96,524.96,Paid
PM0004438,P00230,2025-10-01,353.59,353.59,Paid
PM0014287,P00735,2026-06-01,209.61,209.61,Paid
PM0002335,P00117,2024-11-01,55.81,55.81,Paid
PM0001721,P00079,2026-02-01,234.25,234.25,Paid
PM0004973,P00262,2023-12-01,377.63,377.63,Paid
PM0005044,P00265,2025-02-01,372.15,372.15,Paid
PM0006015,P00314,2025-07-01,212.52,212.52,Paid
PM0007136,P00368,2026-05-01,700.24,700.24,Paid
PM0001703,P00078,2026-02-01,500.1,500.1,Paid
PM0001277,P00058,2026-04-01,375.89,142.87,Partial
PM0005023,P00263,2026-07-01,678.47,678.47,Paid
PM0014603,P00750,2026-06-01,685.98,685.98,Paid
PM0013213,P00677,2025-07-01,138.01,138.01,Paid
PM0009961,P00513,2024-08-01,80.59,80.59,Paid
PM0007714,P00399,2025-07-01,87.55,87.55,Paid
PM0002729,P00137,2025-01-01,166.98,166.98,Paid
PM0004034,P00207,2025-05-01,95.37,95.37,Paid
PM0014432,P00741,2026-06-01,710.9,710.9,Paid
PM0001996,P00097,2026-01-01,539.09,539.09,Paid
PM0013243,P00679,2024-07-01,445.32,445.32,Paid
PM0005442,P00286,2026-07-01,66.09,66.09,Paid
PM0001453,P00067,2026-02-01,198.85,198.85,Paid
PM0004291,P00224,2024-02-01,642.21,642.21,Paid
PM0004994,P00262,2025-09-01,377.63,377.63,Paid
PM0001227,P00056,2025-01-01,259.01,259.01,Paid
PM0013827,P00708,2026-07-01,180.72,180.72,Paid
PM0003841,P00192,2026-03-01,187.23,187.23,Paid
PM0001959,P00096,2023-12-01,408.72,408.72,Paid
PM0008489,P00438,2025-12-01,374.73,374.73,Paid
PM0007542,P00390,2024-02-01,351.42,351.42,Paid
PM0009082,P00469,2024-09-01,458.43,458.43,Paid
PM0001214,P00055,2026-02-01,480.85,480.85,Paid
PM0010230,P00525,2025-11-01,29.64,29.64,Paid
PM0010489,P00537,2024-11-01,570.54,0.0,Missed
PM0008100,P00418,2025-04-01,476.51,476.51,Paid
PM0001162,P00054,2024-12-01,148.34,148.34,Paid
PM0000345,P00018,2023-05-01,131.65,131.65,Paid
PM0002619,P00132,2024-08-01,323.1,323.1,Paid
PM0014108,P00725,2025-03-01,428.12,428.12,Paid
PM0011562,P00596,2026-06-01,174.96,174.96,Paid
PM0007877,P00408,2025-10-01,137.55,137.55,Paid
PM0004719,P00248,2026-04-01,168.99,168.99,Paid
PM0014203,P00730,2025-11-01,362.64,362.64,Paid
PM0014385,P00739,2024-10-01,147.41,147.41,Paid
PM0006067,P00316,2023-10-01,790.35,790.35,Paid
PM0014568,P00750,2023-07-01,685.98,685.98,Paid
PM0004284,P00222,2026-07-01,42.17,42.17,Paid
PM0005422,P00285,2025-09-01,357.44,357.44,Paid
PM0013467,P00692,2025-11-01,440.66,440.66,Paid
PM0013463,P00691,2026-07-01,315.56,315.56,Paid
PM0000682,P00031,2025-12-01,211.73,211.73,Paid
PM0011036,P00570,2024-11-01,159.96,159.96,Paid
PM0006487,P00332,2025-06-01,122.94,122.94,Paid
PM0012911,P00662,2026-05-01,135.48,135.48,Paid
PM0012515,P00643,2025-03-01,269.85,269.85,Paid
PM0000728,P00034,2023-12-01,68.03,0.0,Missed
PM0006283,P00324,2026-03-01,298.71,106.26,Partial
PM0007286,P00377,2026-06-01,131.15,131.15,Paid
PM0001106,P00050,2025-08-01,405.72,405.72,Paid
PM0004289,P00224,2023-12-01,642.21,642.21,Paid
PM0000115,P00008,2025-03-01,317.11,317.11,Paid
PM0004595,P00239,2025-11-01,151.43,151.43,Paid
PM0008250,P00428,2024-06-01,71.98,71.98,Paid
PM0004323,P00225,2025-05-01,210.95,210.95,Paid
PM0000808,P00037,2024-07-01,530.5,530.5,Paid
PM0006991,P00358,2026-05-01,60.83,60.83,Paid
PM0004363,P00226,2025-03-01,719.63,719.63,Paid
PM0001632,P00077,2023-07-01,179.71,179.71,Paid
PM0007651,P00396,2025-03-01,555.67,271.65,Partial
PM0004633,P00242,2026-02-01,91.92,91.92,Paid
PM0007364,P00380,2025-03-01,367.3,367.3,Paid
PM0001036,P00047,2025-08-01,167.5,167.5,Paid
PM0011946,P00618,2025-08-01,713.22,713.22,Paid
PM0014178,P00729,2025-10-01,122.57,122.57,Paid
PM0010986,P00566,2025-09-01,572.96,0.0,Missed
PM0000257,P00014,2026-03-01,207.74,207.74,Paid
PM0007710,P00399,2025-03-01,87.55,87.55,Paid
PM0006733,P00343,2025-07-01,97.41,97.41,Paid
PM0004207,P00219,2026-07-01,185.42,0.0,Missed
PM0004280,P00222,2026-03-01,42.17,42.17,Paid
PM0010149,P00521,2026-06-01,21.45,12.26,Partial
PM0014175,P00729,2025-07-01,122.57,122.57,Paid
PM0011189,P00580,2025-09-01,140.73,140.73,Paid
PM0012226,P00631,2026-01-01,315.0,315.0,Paid
PM0010242,P00527,2023-06-01,559.89,559.89,Paid
PM0000476,P00022,2026-06-01,619.12,619.12,Paid
PM0004672,P00245,2025-11-01,696.24,696.24,Paid
PM0006217,P00321,2025-06-01,76.37,76.37,Paid
PM0002253,P00112,2026-07-01,402.19,402.19,Paid
PM0007254,P00374,2025-02-01,115.5,115.5,Paid
PM0009887,P00509,2025-01-01,191.4,0.0,Missed
PM0008817,P00452,2025-01-01,196.49,196.49,Paid
PM0006489,P00332,2025-08-01,122.94,83.97,Partial
PM0006326,P00325,2026-03-01,59.23,59.23,Paid
PM0005586,P00298,2025-03-01,169.76,169.76,Paid
PM0007655,P00396,2025-07-01,555.67,555.67,Paid
PM0000668,P00031,2024-10-01,211.73,211.73,Paid
PM0012501,P00642,2025-06-01,421.15,421.15,Paid
PM0004995,P00262,2025-10-01,377.63,0.0,Missed
PM0011406,P00591,2025-11-01,157.95,157.95,Paid
PM0004435,P00229,2026-07-01,486.41,486.41,Paid
PM0005846,P00306,2026-04-01,227.92,227.92,Paid
PM0002517,P00128,2026-02-01,223.26,223.26,Paid
PM0002323,P00116,2025-12-01,303.7,303.7,Paid
PM0013483,P00693,2023-09-01,313.0,313.0,Paid
PM0006155,P00318,2025-06-01,212.45,212.45,Paid
PM0001575,P00073,2025-04-01,35.19,13.39,Partial
PM0006216,P00321,2025-05-01,76.37,76.37,Paid
PM0013989,P00719,2023-07-01,137.75,137.75,Paid
PM0011213,P00581,2025-09-01,101.16,101.16,Paid
PM0010634,P00544,2024-03-01,524.96,524.96,Paid
PM0004299,P00224,2024-10-01,642.21,642.21,Paid
PM0008586,P00443,2025-06-01,112.5,112.5,Paid
PM0008948,P00459,2025-09-01,413.49,413.49,Paid
PM0007937,P00411,2026-02-01,189.15,189.15,Paid
PM0000909,P00042,2025-12-01,284.88,284.88,Paid
PM0006938,P00353,2025-08-01,81.36,81.36,Paid
PM0003014,P00150,2025-05-01,66.26,66.26,Paid
PM0010081,P00519,2023-08-01,429.63,429.63,Paid
PM0012586,P00647,2025-03-01,199.76,199.76,Paid
PM0010815,P00552,2024-12-01,1031.65,1031.65,Paid
PM0002431,P00124,2025-01-01,714.19,714.19,Paid
PM0008918,P00458,2026-01-01,109.32,109.32,Paid
PM0001986,P00096,2026-03-01,408.72,408.72,Paid
PM0003032,P00151,2026-02-01,399.27,399.27,Paid
PM0009152,P00472,2025-04-01,256.58,256.58,Paid
PM0004856,P00255,2025-03-01,444.0,444.0,Paid
PM0002234,P00112,2024-12-01,402.19,402.19,Paid
PM0009001,P00466,2024-03-01,167.02,167.02,Paid
PM0002898,P00144,2024-03-01,499.74,499.74,Paid
PM0005533,P00294,2025-12-01,166.79,166.79,Paid
PM0009213,P00475,2025-12-01,494.52,494.52,Paid
PM0013600,P00697,2026-04-01,206.98,0.0,Missed
PM0002407,P00122,2026-07-01,263.2,0.0,Missed
PM0003269,P00163,2024-03-01,505.44,505.44,Paid
PM0006411,P00328,2023-07-01,68.94,68.94,Paid
PM0005958,P00312,2023-09-01,199.07,199.07,Paid
PM0008044,P00416,2025-07-01,127.49,127.49,Paid
PM0008221,P00427,2024-06-01,290.48,162.38,Partial
PM0008383,P00434,2026-05-01,639.88,639.88,Paid
PM0010858,P00555,2026-01-01,216.39,216.39,Paid
PM0009277,P00478,2024-03-01,129.82,129.82,Paid
PM0013179,P00676,2024-07-01,349.53,349.53,Paid
PM0002340,P00117,2025-04-01,55.81,55.81,Paid
PM0014362,P00738,2026-06-01,544.15,544.15,Paid
PM0002983,P00149,2024-03-01,166.92,166.92,Paid
PM0006695,P00341,2025-10-01,207.83,207.83,Paid
PM0007746,P00400,2024-11-01,50.63,50.63,Paid
PM0011779,P00609,2025-03-01,446.21,446.21,Paid
PM0014183,P00729,2026-03-01,122.57,122.57,Paid
PM0013265,P00682,2024-07-01,511.43,180.36,Partial
PM0012738,P00654,2024-10-01,170.82,170.82,Paid
PM0006802,P00347,2024-06-01,629.61,629.61,Paid
PM0001003,P00046,2023-11-01,408.98,408.98,Paid
PM0006099,P00316,2026-06-01,790.35,790.35,Paid
PM0004913,P00258,2025-01-01,243.18,243.18,Paid
PM0013228,P00678,2026-06-01,72.33,72.33,Paid
PM0004988,P00262,2025-03-01,377.63,0.0,Missed
PM0004406,P00229,2024-02-01,486.41,486.41,Paid
PM0009662,P00496,2026-06-01,340.64,340.64,Paid
PM0002588,P00131,2025-07-01,359.57,359.57,Paid
PM0001781,P00082,2025-02-01,174.81,174.81,Paid
PM0005298,P00279,2024-06-01,341.33,341.33,Paid
PM0011879,P00616,2024-06-01,648.72,648.72,Paid
PM0003569,P00176,2026-02-01,338.9,338.9,Paid
PM0012931,P00664,2025-01-01,74.73,74.73,Paid
PM0009789,P00503,2026-03-01,165.85,165.85,Paid
PM0004102,P00210,2025-11-01,422.89,422.89,Paid
PM0011387,P00590,2026-07-01,368.18,368.18,Paid
PM0008944,P00459,2025-05-01,413.49,413.49,Paid
PM0011120,P00575,2026-02-01,332.65,332.65,Paid
PM0003922,P00199,2024-02-01,381.36,381.36,Paid
PM0010895,P00558,2026-05-01,385.89,385.89,Paid
PM0010070,P00518,2025-09-01,67.39,67.39,Paid
PM0011417,P00592,2024-05-01,136.15,136.15,Paid
PM0012192,P00630,2025-05-01,287.44,287.44,Paid
PM0013507,P00693,2025-09-01,313.0,313.0,Paid
PM0001284,P00059,2024-04-01,134.5,134.5,Paid
PM0007988,P00414,2026-03-01,136.66,46.12,Partial
PM0008875,P00454,2025-09-01,258.55,258.55,Paid
PM0008857,P00454,2024-03-01,258.55,258.55,Paid
PM0012963,P00666,2025-12-01,72.37,72.37,Paid
PM0006525,P00334,2024-11-01,525.35,525.35,Paid
PM0012878,P00661,2025-02-01,413.69,0.0,Missed
PM0000625,P00028,2023-11-01,101.58,0.0,Missed
PM0006187,P00320,2024-08-01,149.0,149.0,Paid
PM0003817,P00191,2024-09-01,295.15,295.15,Paid
PM0009907,P00510,2025-01-01,375.08,0.0,Missed
PM0004980,P00262,2024-07-01,377.63,377.63,Paid
PM0001303,P00059,2025-11-01,134.5,134.5,Paid
PM0004959,P00261,2025-09-01,183.02,183.02,Paid
PM0005576,P00297,2025-10-01,254.69,254.69,Paid
PM0002986,P00149,2024-06-01,166.92,166.92,Paid
PM0004666,P00244,2026-04-01,138.03,138.03,Paid
PM0006936,P00353,2025-06-01,81.36,81.36,Paid
PM0007932,P00411,2025-09-01,189.15,189.15,Paid
PM0002779,P00139,2024-01-01,560.94,560.94,Paid
PM0003689,P00184,2024-06-01,406.16,406.16,Paid
PM0005672,P00301,2025-09-01,157.4,157.4,Paid
PM0002045,P00100,2025-05-01,386.41,147.16,Partial
PM0001157,P00053,2026-05-01,742.45,742.45,Paid
PM0004817,P00253,2026-01-01,160.77,160.77,Paid
PM0005795,P00305,2025-08-01,258.23,258.23,Paid
PM0001497,P00069,2023-11-01,143.01,143.01,Paid
PM0001585,P00073,2026-02-01,35.19,35.19,Paid
PM0012530,P00643,2026-06-01,269.85,269.85,Paid
PM0007047,P00362,2024-07-01,341.2,341.2,Paid
PM0013882,P00711,2025-07-01,203.34,203.34,Paid
PM0011546,P00596,2025-02-01,174.96,174.96,Paid
PM0012539,P00644,2026-05-01,490.38,490.38,Paid
PM0004402,P00229,2023-10-01,486.41,486.41,Paid
PM0001327,P00063,2025-11-01,606.65,606.65,Paid
PM0011024,P00570,2023-11-01,159.96,159.96,Paid
PM0000930,P00043,2025-08-01,536.29,536.29,Paid
PM0001178,P00055,2023-02-01,480.85,480.85,Paid
PM0000511,P00025,2024-02-01,170.93,170.93,Paid
PM0014211,P00730,2026-07-01,362.64,362.64,Paid
PM0007558,P00390,2025-06-01,351.42,351.42,Paid
PM0003233,P00162,2024-05-01,283.27,283.27,Paid
PM0005595,P00298,2025-12-01,169.76,98.67,Partial
PM0009205,P00474,2025-08-01,544.06,544.06,Paid
PM0012270,P00632,2026-04-01,213.13,213.13,Paid
PM0011736,P00605,2026-07-01,125.98,125.98,Paid
PM0009011,P00466,2025-01-01,167.02,167.02,Paid
PM0006171,P00319,2026-04-01,375.44,222.05,Partial
PM0002033,P00099,2026-04-01,706.95,706.95,Paid
PM0004096,P00210,2025-05-01,422.89,422.89,Paid
PM0013871,P00711,2024-08-01,203.34,203.34,Paid
PM0005418,P00285,2025-05-01,357.44,357.44,Paid
PM0008762,P00451,2023-03-01,195.14,195.14,Paid
PM0009694,P00499,2026-01-01,37.36,17.04,Partial
PM0001305,P00059,2026-01-01,134.5,134.5,Paid
PM0011400,P00591,2025-05-01,157.95,157.95,Paid
PM0003167,P00158,2025-12-01,516.23,516.23,Paid
PM0004126,P00211,2024-05-01,481.39,481.39,Paid
PM0007817,P00404,2025-05-01,661.28,493.29,Partial
PM0010391,P00533,2025-10-01,513.85,513.85,Paid
PM0001319,P00060,2026-07-01,387.34,387.34,Paid
PM0011503,P00595,2024-04-01,625.3,625.3,Paid
PM0013634,P00699,2025-11-01,653.3,653.3,Paid
PM0013601,P00697,2026-05-01,206.98,206.98,Paid
PM0002022,P00098,2026-05-01,246.27,246.27,Paid
PM0002009,P00098,2025-04-01,246.27,246.27,Paid
PM0003545,P00174,2026-04-01,295.87,295.87,Paid
PM0007322,P00378,2025-11-01,521.31,521.31,Paid
PM0013573,P00696,2025-05-01,104.7,0.0,Missed
PM0005632,P00300,2025-08-01,297.62,297.62,Paid
PM0005938,P00311,2025-05-01,179.72,179.72,Paid
PM0010574,P00541,2026-07-01,116.95,116.95,Paid
PM0004519,P00234,2025-04-01,101.87,101.87,Paid
PM0012621,P00649,2025-03-01,246.64,246.64,Paid
PM0004407,P00229,2024-03-01,486.41,486.41,Paid
PM0002246,P00112,2025-12-01,402.19,402.19,Paid
PM0005062,P00266,2026-04-01,547.51,547.51,Paid
PM0001701,P00078,2025-12-01,500.1,500.1,Paid
PM0001358,P00065,2024-09-01,174.21,114.5,Partial
PM0001436,P00067,2024-09-01,198.85,198.85,Paid
PM0009527,P00489,2025-06-01,516.02,516.02,Paid
PM0007707,P00399,2024-12-01,87.55,0.0,Missed
PM0002777,P00139,2023-11-01,560.94,560.94,Paid
PM0003337,P00166,2024-12-01,263.35,263.35,Paid
PM0009111,P00470,2026-07-01,347.86,347.86,Paid
PM0005584,P00297,2026-06-01,254.69,0.0,Missed
PM0003848,P00194,2024-01-01,765.13,765.13,Paid
PM0011749,P00608,2024-11-01,73.34,73.34,Paid
PM0007841,P00405,2025-05-01,260.54,260.54,Paid
PM0005151,P00271,2026-06-01,286.75,286.75,Paid
PM0004085,P00210,2024-06-01,422.89,422.89,Paid
PM0012445,P00639,2025-04-01,117.84,117.84,Paid
PM0011184,P00579,2023-04-01,146.72,146.72,Paid
PM0000128,P00008,2026-04-01,317.11,317.11,Paid
PM0000761,P00035,2025-01-01,139.14,139.14,Paid
PM0010205,P00524,2026-04-01,189.03,189.03,Paid
PM0005653,P00301,2024-02-01,157.4,157.4,Paid
PM0014216,P00731,2026-07-01,139.27,139.27,Paid
PM0004682,P00246,2024-02-01,204.0,204.0,Paid
PM0009529,P00489,2025-08-01,516.02,516.02,Paid
PM0013974,P00716,2026-05-01,205.59,205.59,Paid
PM0000393,P00019,2025-10-01,266.55,266.55,Paid
PM0000880,P00040,2025-11-01,362.78,362.78,Paid
PM0007701,P00398,2026-05-01,185.56,185.56,Paid
PM0011943,P00618,2025-05-01,713.22,713.22,Paid
PM0003341,P00166,2025-04-01,263.35,0.0,Missed
PM0004364,P00226,2025-04-01,719.63,719.63,Paid
PM0002599,P00131,2026-06-01,359.57,359.57,Paid
PM0004095,P00210,2025-04-01,422.89,422.89,Paid
PM0005932,P00311,2024-11-01,179.72,179.72,Paid
PM0001916,P00093,2025-09-01,288.37,288.37,Paid
PM0001110,P00050,2025-12-01,405.72,405.72,Paid
PM0005011,P00263,2025-07-01,678.47,678.47,Paid
PM0012983,P00667,2025-09-01,232.57,232.57,Paid
PM0003582,P00180,2026-04-01,348.36,348.36,Paid
PM0002926,P00145,2026-02-01,294.38,294.38,Paid
PM0001798,P00082,2026-07-01,174.81,174.81,Paid
PM0004663,P00244,2026-01-01,138.03,138.03,Paid
PM0003107,P00156,2023-07-01,231.94,231.94,Paid
PM0012361,P00636,2024-03-01,152.85,152.85,Paid
PM0013701,P00702,2025-10-01,279.0,279.0,Paid
PM0006746,P00344,2025-06-01,925.69,925.69,Paid
PM0009240,P00477,2023-08-01,708.84,708.84,Paid
PM0006468,P00331,2025-06-01,100.4,100.4,Paid
PM0009636,P00495,2024-08-01,179.38,0.0,Missed
PM0009331,P00482,2024-08-01,168.92,168.92,Paid
PM0002980,P00149,2023-12-01,166.92,166.92,Paid
PM0003792,P00190,2026-01-01,488.35,488.35,Paid
PM0005038,P00265,2024-08-01,372.15,372.15,Paid
PM0006286,P00324,2026-06-01,298.71,298.71,Paid
PM0003159,P00158,2025-04-01,516.23,368.01,Partial
PM0005627,P00300,2025-03-01,297.62,297.62,Paid
PM0010044,P00516,2026-06-01,39.01,0.0,Missed
PM0009315,P00479,2026-05-01,106.47,106.47,Paid
PM0006179,P00320,2023-12-01,149.0,149.0,Paid
PM0013492,P00693,2024-06-01,313.0,313.0,Paid
PM0007112,P00365,2026-01-01,75.89,75.89,Paid
PM0014063,P00723,2024-11-01,242.27,242.27,Paid
PM0004327,P00225,2025-09-01,210.95,0.0,Missed
PM0006925,P00353,2024-07-01,81.36,81.36,Paid
PM0001775,P00081,2026-06-01,316.18,316.18,Paid
PM0010091,P00519,2024-06-01,429.63,429.63,Paid
PM0000595,P00027,2024-08-01,65.33,65.33,Paid
PM0000895,P00041,2025-08-01,444.37,444.37,Paid
PM0012524,P00643,2025-12-01,269.85,269.85,Paid
PM0006995,P00359,2024-06-01,394.21,394.21,Paid
PM0012929,P00664,2024-11-01,74.73,74.73,Paid
PM0012268,P00632,2026-02-01,213.13,213.13,Paid
PM0010017,P00515,2024-05-01,87.15,87.15,Paid
PM0010783,P00550,2026-01-01,158.06,158.06,Paid
PM0007813,P00404,2025-01-01,661.28,661.28,Paid
PM0012797,P00657,2024-04-01,126.71,126.71,Paid
PM0013822,P00708,2026-02-01,180.72,180.72,Paid
PM0010557,P00541,2025-02-01,116.95,83.1,Partial
PM0003534,P00173,2025-09-01,247.69,247.69,Paid
PM0011637,P00599,2026-02-01,249.05,249.05,Paid
PM0009310,P00479,2025-12-01,106.47,106.47,Paid
PM0003550,P00175,2025-08-01,349.51,349.51,Paid
PM0005971,P00312,2024-10-01,199.07,199.07,Paid
PM0008679,P00446,2024-04-01,130.98,130.98,Paid
PM0007261,P00374,2025-09-01,115.5,115.5,Paid
PM0010172,P00523,2025-07-01,185.15,185.15,Paid
PM0004474,P00232,2025-06-01,449.75,161.76,Partial
PM0003321,P00165,2026-02-01,882.81,882.81,Paid
PM0011603,P00598,2025-01-01,191.48,191.48,Paid
PM0011004,P00567,2026-01-01,85.61,85.61,Paid
PM0003949,P00200,2025-03-01,352.42,352.42,Paid
PM0003482,P00171,2025-12-01,608.31,608.31,Paid
PM0008601,P00444,2024-02-01,160.87,160.87,Paid
PM0011919,P00617,2024-09-01,332.67,332.67,Paid
PM0007601,P00392,2026-06-01,138.49,107.29,Partial
PM0006195,P00320,2025-04-01,149.0,149.0,Paid
PM0011835,P00614,2023-06-01,82.1,82.1,Paid
PM0012592,P00647,2025-09-01,199.76,199.76,Paid
PM0004976,P00262,2024-03-01,377.63,377.63,Paid
PM0010608,P00543,2024-08-01,150.12,150.12,Paid
PM0003551,P00175,2025-09-01,349.51,349.51,Paid
PM0000887,P00040,2026-06-01,362.78,362.78,Paid
PM0007356,P00379,2026-03-01,273.9,273.9,Paid
PM0014148,P00728,2023-09-01,147.25,147.25,Paid
PM0005166,P00272,2025-06-01,176.81,176.81,Paid
PM0000969,P00044,2026-07-01,205.22,76.69,Partial
PM0007976,P00413,2025-09-01,357.69,357.69,Paid
PM0013023,P00668,2025-06-01,75.59,24.94,Partial
PM0003640,P00183,2023-07-01,179.81,179.81,Paid
PM0014293,P00736,2024-05-01,122.83,66.97,Partial
PM0003980,P00202,2026-07-01,179.65,179.65,Paid
PM0007996,P00415,2024-10-01,435.73,435.73,Paid
PM0008415,P00436,2024-07-01,410.56,410.56,Paid
PM0000760,P00035,2024-12-01,139.14,139.14,Paid
PM0008477,P00438,2024-12-01,374.73,374.73,Paid
PM0001269,P00058,2025-08-01,375.89,375.89,Paid
PM0006110,P00317,2025-04-01,140.28,140.28,Paid
PM0005227,P00275,2023-04-01,181.0,181.0,Paid
PM0008102,P00418,2025-06-01,476.51,476.51,Paid
PM0006135,P00318,2023-10-01,212.45,212.45,Paid
PM0011767,P00608,2026-05-01,73.34,73.34,Paid
PM0003745,P00186,2025-08-01,100.78,100.78,Paid
PM0000285,P00015,2025-03-01,224.35,224.35,Paid
PM0009698,P00499,2026-05-01,37.36,37.36,Paid
PM0006606,P00337,2025-07-01,119.24,119.24,Paid
PM0012029,P00623,2024-09-01,255.21,255.21,Paid
PM0003528,P00173,2025-03-01,247.69,247.69,Paid
PM0001630,P00077,2023-05-01,179.71,179.71,Paid
PM0012451,P00639,2025-10-01,117.84,117.84,Paid
PM0002494,P00127,2025-03-01,117.63,117.63,Paid
PM0006996,P00359,2024-07-01,394.21,394.21,Paid
PM0006512,P00334,2023-10-01,525.35,525.35,Paid
PM0009822,P00506,2024-11-01,62.5,62.5,Paid
PM0012376,P00636,2025-06-01,152.85,152.85,Paid
PM0000402,P00019,2026-07-01,266.55,266.55,Paid
PM0006104,P00317,2024-10-01,140.28,140.28,Paid
PM0012636,P00649,2026-06-01,246.64,246.64,Paid
PM0002984,P00149,2024-04-01,166.92,166.92,Paid
PM0008602,P00444,2024-03-01,160.87,160.87,Paid
PM0005240,P00275,2024-05-01,181.0,181.0,Paid
PM0001852,P00086,2024-12-01,178.36,178.36,Paid
PM0005178,P00272,2026-06-01,176.81,176.81,Paid
PM0013098,P00672,2025-03-01,77.27,49.82,Partial
PM0006888,P00351,2024-04-01,467.05,467.05,Paid
PM0012055,P00624,2025-06-01,918.51,918.51,Paid
PM0003162,P00158,2025-07-01,516.23,516.23,Paid
PM0008088,P00418,2024-04-01,476.51,476.51,Paid
PM0013204,P00677,2024-10-01,138.01,138.01,Paid
PM0012685,P00652,2023-10-01,687.04,687.04,Paid
PM0004008,P00205,2026-02-01,590.84,590.84,Paid
PM0001498,P00069,2023-12-01,143.01,143.01,Paid
PM0013236,P00679,2023-12-01,445.32,445.32,Paid
PM0008058,P00417,2025-03-01,219.24,219.24,Paid
PM0002372,P00118,2024-09-01,372.74,372.74,Paid
PM0001452,P00067,2026-01-01,198.85,198.85,Paid
PM0001641,P00077,2024-04-01,179.71,179.71,Paid
PM0004662,P00244,2025-12-01,138.03,138.03,Paid
PM0013852,P00709,2026-07-01,262.63,262.63,Paid
PM0010612,P00543,2024-12-01,150.12,150.12,Paid
PM0010403,P00534,2025-01-01,79.64,79.64,Paid
PM0003804,P00191,2023-08-01,295.15,295.15,Paid
PM0012889,P00661,2026-01-01,413.69,413.69,Paid
PM0010547,P00540,2025-11-01,203.54,203.54,Paid
PM0001479,P00068,2025-07-01,397.96,397.96,Paid
PM0001644,P00077,2024-07-01,179.71,179.71,Paid
PM0011713,P00605,2024-08-01,125.98,125.98,Paid
PM0010224,P00525,2025-05-01,29.64,29.64,Paid
PM0001282,P00059,2024-02-01,134.5,0.0,Missed
PM0005467,P00289,2026-07-01,128.21,128.21,Paid
PM0001181,P00055,2023-05-01,480.85,480.85,Paid
PM0012972,P00667,2024-10-01,232.57,232.57,Paid
PM0010861,P00555,2026-04-01,216.39,216.39,Paid
PM0009841,P00506,2026-06-01,62.5,62.5,Paid
PM0013433,P00687,2025-12-01,157.79,157.79,Paid
PM0014457,P00743,2025-10-01,540.59,540.59,Paid
PM0011841,P00614,2023-12-01,82.1,82.1,Paid
PM0010235,P00525,2026-04-01,29.64,29.64,Paid
PM0003454,P00170,2026-03-01,388.44,388.44,Paid
PM0004381,P00227,2025-10-01,237.45,237.45,Paid
PM0009830,P00506,2025-07-01,62.5,62.5,Paid
PM0001221,P00056,2024-07-01,259.01,259.01,Paid
PM0006189,P00320,2024-10-01,149.0,149.0,Paid
PM0012324,P00635,2023-11-01,102.05,102.05,Paid
PM0001962,P00096,2024-03-01,408.72,0.0,Missed
PM0009960,P00513,2024-07-01,80.59,80.59,Paid
PM0012459,P00640,2024-10-01,172.35,172.35,Paid
PM0010085,P00519,2023-12-01,429.63,0.0,Missed
PM0013665,P00700,2024-12-01,330.96,330.96,Paid
PM0002924,P00145,2025-12-01,294.38,294.38,Paid
PM0004694,P00246,2025-02-01,204.0,204.0,Paid
PM0014369,P00739,2023-06-01,147.41,147.41,Paid
PM0005421,P00285,2025-08-01,357.44,357.44,Paid
PM0013321,P00684,2023-09-01,128.15,128.15,Paid
PM0012560,P00645,2026-03-01,187.95,187.95,Paid
PM0002827,P00140,2025-12-01,584.86,584.86,Paid
PM0013920,P00713,2025-02-01,694.25,694.25,Paid
PM0005943,P00311,2025-10-01,179.72,103.96,Partial
PM0010240,P00526,2025-12-01,487.16,487.16,Paid
PM0003508,P00173,2023-07-01,247.69,247.69,Paid
PM0006275,P00323,2026-03-01,267.34,267.34,Paid
PM0001629,P00077,2023-04-01,179.71,179.71,Paid
PM0002641,P00132,2026-06-01,323.1,323.1,Paid
PM0007273,P00375,2026-03-01,175.07,175.07,Paid
PM0008127,P00421,2024-06-01,560.92,560.92,Paid
PM0012909,P00662,2026-03-01,135.48,135.48,Paid
PM0011812,P00612,2026-06-01,744.62,744.62,Paid
PM0002710,P00136,2025-06-01,349.29,349.29,Paid
PM0001843,P00085,2026-02-01,176.78,176.78,Paid
PM0001809,P00085,2023-04-01,176.78,176.78,Paid
PM0008302,P00429,2026-05-01,306.99,306.99,Paid
PM0003691,P00184,2024-08-01,406.16,406.16,Paid
PM0007757,P00402,2023-12-01,234.54,234.54,Paid
PM0000231,P00014,2024-01-01,207.74,207.74,Paid
PM0002370,P00118,2024-07-01,372.74,372.74,Paid
PM0013039,P00669,2026-07-01,155.92,155.92,Paid
PM0010056,P00518,2024-07-01,67.39,67.39,Paid
PM0011442,P00592,2026-06-01,136.15,136.15,Paid
PM0006907,P00351,2025-11-01,467.05,467.05,Paid
PM0006702,P00341,2026-05-01,207.83,207.83,Paid
PM0001028,P00046,2025-12-01,408.98,408.98,Paid
PM0011764,P00608,2026-02-01,73.34,73.34,Paid
PM0014485,P00744,2024-09-01,326.31,326.31,Paid
PM0010412,P00534,2025-10-01,79.64,79.64,Paid
PM0009413,P00485,2024-01-01,288.29,288.29,Paid
PM0006732,P00343,2025-06-01,97.41,97.41,Paid
PM0012490,P00641,2025-10-01,309.29,309.29,Paid
PM0009294,P00478,2025-08-01,129.82,129.82,Paid
PM0013318,P00683,2026-05-01,256.4,256.4,Paid
PM0002880,P00143,2026-03-01,472.19,472.19,Paid
PM0000708,P00032,2025-08-01,457.22,457.22,Paid
PM0001542,P00070,2026-04-01,85.97,85.97,Paid
PM0009697,P00499,2026-04-01,37.36,37.36,Paid
PM0013842,P00709,2025-09-01,262.63,262.63,Paid
PM0005330,P00282,2024-11-01,396.55,396.55,Paid
PM0001250,P00057,2026-03-01,117.57,117.57,Paid
PM0007783,P00402,2026-02-01,234.54,234.54,Paid
PM0000772,P00035,2025-12-01,139.14,139.14,Paid
PM0011167,P00578,2025-04-01,315.5,315.5,Paid
PM0005564,P00296,2026-03-01,277.13,277.13,Paid
PM0013457,P00690,2026-04-01,357.85,357.85,Paid
PM0010146,P00521,2026-03-01,21.45,0.0,Missed
PM0005257,P00275,2025-10-01,181.0,181.0,Paid
PM0012816,P00657,2025-11-01,126.71,0.0,Missed
PM0012003,P00621,2025-02-01,181.36,181.36,Paid
PM0004810,P00252,2026-04-01,228.86,228.86,Paid
PM0000267,P00015,2023-09-01,224.35,105.35,Partial
PM0000486,P00023,2024-05-01,574.6,574.6,Paid
PM0006250,P00322,2024-12-01,105.73,105.73,Paid
PM0001907,P00092,2026-04-01,216.63,216.63,Paid
PM0001354,P00065,2024-05-01,174.21,174.21,Paid
PM0012506,P00642,2025-11-01,421.15,421.15,Paid
PM0010032,P00515,2025-08-01,87.15,87.15,Paid
PM0009104,P00469,2026-07-01,458.43,458.43,Paid
PM0005860,P00308,2025-05-01,245.65,245.65,Paid
PM0003875,P00197,2024-01-01,810.95,810.95,Paid
PM0011794,P00611,2025-07-01,552.64,552.64,Paid
PM0005516,P00292,2026-07-01,607.4,0.0,Missed
PM0002096,P00103,2023-08-01,836.1,470.21,Partial
PM0013268,P00682,2024-10-01,511.43,511.43,Paid
PM0012480,P00640,2026-07-01,172.35,172.35,Paid
PM0011686,P00603,2026-07-01,274.0,274.0,Paid
PM0001200,P00055,2024-12-01,480.85,480.85,Paid
PM0002665,P00133,2025-09-01,144.56,144.56,Paid
PM0013906,P00713,2023-12-01,694.25,694.25,Paid
PM0013993,P00720,2023-05-01,339.91,339.91,Paid
PM0014226,P00732,2025-02-01,130.64,130.64,Paid
PM0000717,P00032,2026-05-01,457.22,457.22,Paid
PM0007547,P00390,2024-07-01,351.42,351.42,Paid
PM0003082,P00154,2025-09-01,311.67,311.67,Paid
PM0007628,P00395,2023-10-01,209.53,209.53,Paid
PM0001280,P00058,2026-07-01,375.89,375.89,Paid
PM0003610,P00182,2024-07-01,226.88,226.88,Paid
PM0011618,P00598,2026-04-01,191.48,0.0,Missed
PM0007028,P00360,2025-08-01,259.6,259.6,Paid
PM0012009,P00621,2025-08-01,181.36,181.36,Paid
PM0006341,P00326,2024-02-01,203.51,203.51,Paid
PM0010625,P00543,2026-01-01,150.12,150.12,Paid
PM0005367,P00283,2026-06-01,36.5,36.5,Paid
PM0004061,P00208,2026-06-01,180.53,180.53,Paid
PM0014350,P00738,2025-06-01,544.15,544.15,Paid
PM0008281,P00429,2024-08-01,306.99,306.99,Paid
PM0013385,P00686,2025-05-01,187.22,187.22,Paid
PM0004366,P00226,2025-06-01,719.63,719.63,Paid
PM0009248,P00477,2024-04-01,708.84,708.84,Paid
PM0011935,P00617,2026-01-01,332.67,332.67,Paid
PM0000308,P00016,2023-12-01,180.43,180.43,Paid
PM0005335,P00282,2025-04-01,396.55,396.55,Paid
PM0013677,P00700,2025-12-01,330.96,330.96,Paid
PM0006549,P00335,2024-07-01,77.12,77.12,Paid
PM0001411,P00066,2025-12-01,343.28,343.28,Paid
PM0009062,P00468,2026-04-01,439.51,439.51,Paid
PM0010542,P00540,2025-06-01,203.54,203.54,Paid
PM0003866,P00195,2026-02-01,305.69,305.69,Paid
PM0002486,P00127,2024-07-01,117.63,117.63,Paid
PM0010799,P00551,2025-12-01,211.89,211.89,Paid
PM0000291,P00015,2025-09-01,224.35,224.35,Paid
PM0004741,P00249,2025-11-01,320.96,320.96,Paid
PM0005172,P00272,2025-12-01,176.81,176.81,Paid
PM0013737,P00704,2025-07-01,243.78,243.78,Paid
PM0009234,P00476,2026-06-01,595.25,595.25,Paid
PM0008473,P00438,2024-08-01,374.73,374.73,Paid
PM0004653,P00244,2025-03-01,138.03,138.03,Paid
PM0008838,P00453,2025-08-01,685.23,685.23,Paid
PM0004066,P00209,2025-05-01,147.59,147.59,Paid
PM0008065,P00417,2025-10-01,219.24,219.24,Paid
PM0003602,P00181,2026-07-01,134.24,134.24,Paid
PM0012472,P00640,2025-11-01,172.35,172.35,Paid
PM0012958,P00665,2026-05-01,506.83,506.83,Paid
PM0012341,P00635,2025-04-01,102.05,102.05,Paid
PM0009336,P00482,2025-01-01,168.92,168.92,Paid
PM0013146,P00674,2025-05-01,176.2,176.2,Paid
PM0002692,P00135,2026-04-01,168.03,168.03,Paid
PM0008741,P00449,2025-07-01,33.62,33.62,Paid
PM0010192,P00524,2025-03-01,189.03,189.03,Paid
PM0008514,P00440,2025-10-01,373.63,373.63,Paid
PM0014460,P00743,2026-01-01,540.59,540.59,Paid
PM0000501,P00025,2023-04-01,170.93,170.93,Paid
PM0011014,P00569,2026-05-01,450.06,450.06,Paid
PM0014282,P00735,2026-01-01,209.61,209.61,Paid
PM0005737,P00304,2024-03-01,134.64,134.64,Paid
PM0002313,P00116,2025-02-01,303.7,303.7,Paid
PM0008934,P00459,2024-07-01,413.49,413.49,Paid
PM0010305,P00529,2024-09-01,279.09,279.09,Paid
PM0005254,P00275,2025-07-01,181.0,127.03,Partial
PM0011294,P00587,2025-11-01,63.77,63.77,Paid
PM0009958,P00512,2026-06-01,93.98,93.98,Paid
PM0006855,P00350,2024-11-01,338.69,338.69,Paid
PM0004548,P00236,2025-08-01,768.82,768.82,Paid
PM0009542,P00490,2025-04-01,45.05,45.05,Paid
PM0012529,P00643,2026-05-01,269.85,269.85,Paid
PM0002179,P00107,2024-08-01,275.31,275.31,Paid
PM0006797,P00347,2024-01-01,629.61,629.61,Paid
PM0010258,P00527,2024-10-01,559.89,559.89,Paid
PM0000773,P00035,2026-01-01,139.14,139.14,Paid
PM0005113,P00270,2025-08-01,117.73,117.73,Paid
PM0004520,P00234,2025-05-01,101.87,101.87,Paid
PM0006000,P00313,2026-07-01,251.91,251.91,Paid
PM0003843,P00192,2026-05-01,187.23,187.23,Paid
PM0004508,P00234,2024-05-01,101.87,101.87,Paid
PM0006222,P00321,2025-11-01,76.37,76.37,Paid
PM0007355,P00379,2026-02-01,273.9,273.9,Paid
PM0004404,P00229,2023-12-01,486.41,486.41,Paid
PM0012758,P00655,2025-04-01,156.78,156.78,Paid
PM0003135,P00156,2025-11-01,231.94,231.94,Paid
PM0004511,P00234,2024-08-01,101.87,101.87,Paid
PM0010540,P00540,2025-04-01,203.54,203.54,Paid
PM0005750,P00304,2025-04-01,134.64,134.64,Paid
PM0009101,P00469,2026-04-01,458.43,458.43,Paid
PM0004430,P00229,2026-02-01,486.41,486.41,Paid
PM0005837,P00306,2025-07-01,227.92,227.92,Paid
PM0003398,P00168,2024-09-01,236.69,236.69,Paid
PM0006728,P00343,2025-02-01,97.41,97.41,Paid
PM0008227,P00427,2024-12-01,290.48,290.48,Paid
PM0004975,P00262,2024-02-01,377.63,239.64,Partial
PM0010055,P00518,2024-06-01,67.39,67.39,Paid
PM0005043,P00265,2025-01-01,372.15,372.15,Paid
PM0006481,P00331,2026-07-01,100.4,100.4,Paid
PM0003173,P00158,2026-06-01,516.23,516.23,Paid
PM0012403,P00637,2026-04-01,80.81,80.81,Paid
PM0001228,P00056,2025-02-01,259.01,259.01,Paid
PM0005895,P00309,2025-06-01,396.29,396.29,Paid
PM0008151,P00421,2026-06-01,560.92,560.92,Paid
PM0007013,P00359,2025-12-01,394.21,394.21,Paid
PM0014284,P00735,2026-03-01,209.61,209.61,Paid
PM0008297,P00429,2025-12-01,306.99,306.99,Paid
PM0013625,P00698,2025-12-01,286.36,286.36,Paid
PM0007019,P00359,2026-06-01,394.21,394.21,Paid
PM0013459,P00690,2026-06-01,357.85,0.0,Missed
PM0010111,P00519,2026-02-01,429.63,429.63,Paid
PM0006471,P00331,2025-09-01,100.4,100.4,Paid
PM0012142,P00628,2025-08-01,327.26,327.26,Paid
PM0000747,P00034,2025-07-01,68.03,68.03,Paid
PM0009160,P00472,2025-12-01,256.58,256.58,Paid
PM0001240,P00056,2026-02-01,259.01,259.01,Paid
PM0001825,P00085,2024-08-01,176.78,176.78,Paid
PM0011941,P00617,2026-07-01,332.67,332.67,Paid
PM0007008,P00359,2025-07-01,394.21,394.21,Paid
PM0013833,P00709,2024-12-01,262.63,262.63,Paid
PM0001117,P00050,2026-07-01,405.72,405.72,Paid
PM0006551,P00335,2024-09-01,77.12,77.12,Paid
PM0000200,P00013,2024-11-01,149.19,149.19,Paid
PM0012259,P00632,2025-05-01,213.13,213.13,Paid
PM0004691,P00246,2024-11-01,204.0,204.0,Paid
PM0011331,P00588,2026-07-01,743.35,743.35,Paid
PM0010006,P00515,2023-06-01,87.15,87.15,Paid
PM0000458,P00021,2026-07-01,195.65,0.0,Missed
PM0010857,P00555,2025-12-01,216.39,216.39,Paid
PM0001296,P00059,2025-04-01,134.5,134.5,Paid
PM0012362,P00636,2024-04-01,152.85,152.85,Paid
PM0013599,P00697,2026-03-01,206.98,206.98,Paid
PM0004457,P00232,2024-01-01,449.75,449.75,Paid
PM0012600,P00647,2026-05-01,199.76,199.76,Paid
PM0003704,P00184,2025-09-01,406.16,406.16,Paid
PM0000886,P00040,2026-05-01,362.78,362.78,Paid
PM0014541,P00748,2025-11-01,233.16,0.0,Missed
PM0001557,P00072,2026-04-01,185.22,185.22,Paid
PM0011634,P00599,2025-11-01,249.05,249.05,Paid
PM0000591,P00027,2024-04-01,65.33,65.33,Paid
PM0010780,P00550,2025-10-01,158.06,158.06,Paid
PM0002954,P00148,2024-06-01,62.38,62.38,Paid
PM0013666,P00700,2025-01-01,330.96,330.96,Paid
PM0012914,P00663,2026-05-01,129.41,129.41,Paid
PM0012813,P00657,2025-08-01,126.71,126.71,Paid
PM0010296,P00529,2023-12-01,279.09,279.09,Paid
PM0008892,P00456,2025-09-01,459.62,459.62,Paid
PM0001205,P00055,2025-05-01,480.85,480.85,Paid
PM0008564,P00442,2025-01-01,89.15,89.15,Paid
PM0006262,P00322,2025-12-01,105.73,105.73,Paid
PM0009997,P00514,2025-12-01,208.68,208.68,Paid
PM0011113,P00575,2025-07-01,332.65,332.65,Paid
PM0003787,P00190,2025-08-01,488.35,488.35,Paid
PM0002198,P00107,2026-03-01,275.31,275.31,Paid
PM0009339,P00482,2025-04-01,168.92,168.92,Paid
PM0011273,P00585,2024-10-01,64.64,64.64,Paid
PM0001419,P00067,2023-04-01,198.85,198.85,Paid
PM0011413,P00591,2026-06-01,157.95,157.95,Paid
PM0014087,P00724,2025-06-01,392.33,392.33,Paid
PM0012184,P00630,2024-09-01,287.44,287.44,Paid
PM0014121,P00725,2026-04-01,428.12,428.12,Paid
PM0007411,P00382,2025-12-01,694.23,694.23,Paid
PM0004159,P00213,2026-05-01,587.57,587.57,Paid
PM0004528,P00234,2026-01-01,101.87,101.87,Paid
PM0011840,P00614,2023-11-01,82.1,82.1,Paid
PM0001127,P00051,2026-04-01,272.05,272.05,Paid
PM0008252,P00428,2024-08-01,71.98,54.14,Partial
PM0012789,P00657,2023-08-01,126.71,126.71,Paid
PM0003023,P00150,2026-02-01,66.26,66.26,Paid
PM0005213,P00274,2025-09-01,208.87,208.87,Paid
PM0004103,P00210,2025-12-01,422.89,422.89,Paid
PM0012384,P00636,2026-02-01,152.85,152.85,Paid
PM0000596,P00027,2024-09-01,65.33,65.33,Paid
PM0000960,P00044,2025-10-01,205.22,205.22,Paid
PM0013695,P00701,2026-07-01,331.54,331.54,Paid
PM0000598,P00027,2024-11-01,65.33,0.0,Missed
PM0006673,P00341,2023-12-01,207.83,207.83,Paid
PM0012331,P00635,2024-06-01,102.05,102.05,Paid
PM0007080,P00364,2025-01-01,492.7,492.7,Paid
PM0006055,P00315,2026-03-01,113.63,113.63,Paid
PM0000829,P00037,2026-04-01,530.5,530.5,Paid
PM0002452,P00125,2024-10-01,143.81,143.81,Paid
PM0010968,P00564,2025-09-01,387.81,387.81,Paid
PM0011528,P00595,2026-05-01,625.3,625.3,Paid
PM0005889,P00309,2024-12-01,396.29,396.29,Paid
PM0003394,P00167,2026-07-01,379.76,379.76,Paid
PM0011847,P00614,2024-06-01,82.1,82.1,Paid
PM0004932,P00259,2025-02-01,584.68,584.68,Paid
PM0005167,P00272,2025-07-01,176.81,176.81,Paid
PM0000962,P00044,2025-12-01,205.22,205.22,Paid
PM0004309,P00224,2025-08-01,642.21,642.21,Paid
PM0007792,P00403,2025-08-01,137.28,137.28,Paid
PM0012091,P00625,2025-05-01,177.27,177.27,Paid
PM0006555,P00335,2025-01-01,77.12,77.12,Paid
PM0004985,P00262,2024-12-01,377.63,377.63,Paid
PM0000539,P00025,2026-06-01,170.93,78.0,Partial
PM0006564,P00335,2025-10-01,77.12,77.12,Paid
PM0014332,P00738,2023-12-01,544.15,544.15,Paid
PM0001545,P00071,2025-05-01,410.51,0.0,Missed
PM0006293,P00325,2023-06-01,59.23,0.0,Missed
PM0012982,P00667,2025-08-01,232.57,232.57,Paid
PM0006870,P00350,2026-02-01,338.69,338.69,Paid
PM0008773,P00451,2024-02-01,195.14,0.0,Missed
PM0010068,P00518,2025-07-01,67.39,67.39,Paid
PM0002475,P00126,2026-02-01,184.68,184.68,Paid
PM0008929,P00459,2024-02-01,413.49,413.49,Paid
PM0004923,P00258,2025-11-01,243.18,243.18,Paid
PM0002934,P00146,2025-11-01,251.37,251.37,Paid
PM0005696,P00303,2023-11-01,242.73,242.73,Paid
PM0008284,P00429,2024-11-01,306.99,306.99,Paid
PM0012383,P00636,2026-01-01,152.85,94.2,Partial
PM0006090,P00316,2025-09-01,790.35,790.35,Paid
PM0008246,P00427,2026-07-01,290.48,290.48,Paid
PM0008841,P00453,2025-11-01,685.23,685.23,Paid
PM0007324,P00378,2026-01-01,521.31,521.31,Paid
PM0014044,P00721,2025-11-01,248.01,248.01,Paid
PM0012605,P00648,2026-05-01,161.57,161.57,Paid
PM0012377,P00636,2025-07-01,152.85,152.85,Paid
PM0009373,P00483,2024-11-01,149.54,0.0,Missed
PM0004429,P00229,2026-01-01,486.41,486.41,Paid
PM0002046,P00100,2025-06-01,386.41,386.41,Paid
PM0014338,P00738,2024-06-01,544.15,544.15,Paid
PM0010816,P00552,2025-01-01,1031.65,1031.65,Paid
PM0012990,P00667,2026-04-01,232.57,232.57,Paid
PM0000303,P00016,2023-07-01,180.43,180.43,Paid
PM0008940,P00459,2025-01-01,413.49,413.49,Paid
PM0011760,P00608,2025-10-01,73.34,73.34,Paid
PM0005372,P00284,2023-10-01,554.65,554.65,Paid
PM0010524,P00539,2024-05-01,220.03,220.03,Paid
PM0010208,P00524,2026-07-01,189.03,189.03,Paid
PM0003900,P00197,2026-02-01,810.95,810.95,Paid
PM0009679,P00498,2025-08-01,514.18,514.18,Paid
PM0004270,P00222,2025-05-01,42.17,14.32,Partial
PM0011088,P00572,2025-01-01,619.24,619.24,Paid
PM0003853,P00194,2024-06-01,765.13,765.13,Paid
PM0007016,P00359,2026-03-01,394.21,394.21,Paid
PM0004873,P00256,2026-07-01,102.96,102.96,Paid
PM0014169,P00729,2025-01-01,122.57,122.57,Paid
PM0001177,P00055,2023-01-01,480.85,480.85,Paid
PM0012033,P00623,2025-01-01,255.21,255.21,Paid
PM0013422,P00687,2025-01-01,157.79,157.79,Paid
PM0009025,P00466,2026-03-01,167.02,167.02,Paid
PM0002855,P00143,2024-02-01,472.19,472.19,Paid
PM0004712,P00247,2026-05-01,285.57,285.57,Paid
PM0008486,P00438,2025-09-01,374.73,374.73,Paid
PM0010830,P00552,2026-03-01,1031.65,1031.65,Paid
PM0008329,P00430,2026-03-01,323.55,323.55,Paid
PM0000793,P00036,2026-04-01,543.71,543.71,Paid
PM0008167,P00423,2025-03-01,121.63,121.63,Paid
PM0000981,P00045,2025-04-01,217.69,217.69,Paid
PM0003117,P00156,2024-05-01,231.94,231.94,Paid
PM0002495,P00127,2025-04-01,117.63,117.63,Paid
PM0006424,P00328,2024-08-01,68.94,68.94,Paid
PM0013977,P00717,2025-12-01,472.17,472.17,Paid
PM0007994,P00415,2024-08-01,435.73,435.73,Paid
PM0005403,P00285,2024-02-01,357.44,357.44,Paid
PM0001688,P00078,2024-11-01,500.1,500.1,Paid
PM0000993,P00045,2026-04-01,217.69,217.69,Paid
PM0006906,P00351,2025-10-01,467.05,0.0,Missed
PM0004524,P00234,2025-09-01,101.87,101.87,Paid
PM0001951,P00096,2023-04-01,408.72,252.18,Partial
PM0009843,P00507,2025-07-01,110.0,110.0,Paid
PM0009876,P00509,2024-02-01,191.4,191.4,Paid
PM0006914,P00351,2026-06-01,467.05,467.05,Paid
PM0010092,P00519,2024-07-01,429.63,429.63,Paid
PM0011452,P00593,2024-05-01,142.88,142.88,Paid
PM0008713,P00448,2026-01-01,387.88,387.88,Paid
PM0006646,P00340,2024-12-01,163.98,163.98,Paid
PM0002839,P00141,2026-05-01,530.16,530.16,Paid
PM0010013,P00515,2024-01-01,87.15,87.15,Paid
PM0001189,P00055,2024-01-01,480.85,480.85,Paid
PM0004547,P00236,2025-07-01,768.82,768.82,Paid
PM0011556,P00596,2025-12-01,174.96,174.96,Paid
PM0006712,P00343,2023-10-01,97.41,97.41,Paid
PM0003854,P00194,2024-07-01,765.13,765.13,Paid
PM0002859,P00143,2024-06-01,472.19,215.42,Partial
PM0011047,P00570,2025-10-01,159.96,159.96,Paid
PM0004681,P00246,2024-01-01,204.0,204.0,Paid
PM0003678,P00184,2023-07-01,406.16,406.16,Paid
PM0010061,P00518,2024-12-01,67.39,67.39,Paid
PM0012996,P00668,2023-03-01,75.59,75.59,Paid
PM0002181,P00107,2024-10-01,275.31,275.31,Paid
PM0002892,P00144,2023-09-01,499.74,346.1,Partial
PM0011456,P00593,2024-09-01,142.88,142.88,Paid
PM0009976,P00513,2025-11-01,80.59,0.0,Missed
PM0012849,P00660,2024-11-01,245.23,245.23,Paid
PM0005573,P00297,2025-07-01,254.69,254.69,Paid
PM0011642,P00599,2026-07-01,249.05,249.05,Paid
PM0000922,P00043,2024-12-01,536.29,536.29,Paid
PM0001462,P00068,2024-02-01,397.96,397.96,Paid
PM0008723,P00449,2024-01-01,33.62,33.62,Paid
PM0014039,P00721,2025-06-01,248.01,248.01,Paid
PM0010812,P00552,2024-09-01,1031.65,1031.65,Paid
PM0004572,P00238,2026-07-01,229.87,229.87,Paid
PM0002282,P00113,2025-10-01,16.19,16.19,Paid
PM0011630,P00599,2025-07-01,249.05,249.05,Paid
PM0004425,P00229,2025-09-01,486.41,486.41,Paid
PM0000007,P00001,2026-03-01,86.9,86.9,Paid
PM0008226,P00427,2024-11-01,290.48,290.48,Paid
PM0002228,P00110,2024-06-01,107.57,107.57,Paid
PM0005243,P00275,2024-08-01,181.0,181.0,Paid
PM0009118,P00471,2024-01-01,337.78,337.78,Paid
PM0007744,P00400,2024-09-01,50.63,50.63,Paid
PM0007645,P00396,2024-09-01,555.67,555.67,Paid
PM0012405,P00637,2026-06-01,80.81,80.81,Paid
PM0005658,P00301,2024-07-01,157.4,157.4,Paid
PM0012012,P00621,2025-11-01,181.36,181.36,Paid
PM0000163,P00010,2024-06-01,181.56,181.56,Paid
PM0001869,P00088,2024-02-01,442.24,442.24,Paid
PM0014017,P00720,2025-05-01,339.91,339.91,Paid
PM0011302,P00587,2026-07-01,63.77,63.77,Paid
PM0002235,P00112,2025-01-01,402.19,402.19,Paid
PM0005975,P00312,2025-02-01,199.07,199.07,Paid
PM0000768,P00035,2025-08-01,139.14,0.0,Missed
PM0014503,P00747,2024-01-01,149.96,149.96,Paid
PM0011139,P00576,2026-01-01,0.0,0.0,Paid
PM0001626,P00077,2023-01-01,179.71,179.71,Paid
PM0014601,P00750,2026-04-01,685.98,685.98,Paid
PM0006979,P00357,2025-10-01,429.74,429.74,Paid
PM0008562,P00442,2024-11-01,89.15,89.15,Paid
PM0008118,P00421,2023-09-01,560.92,560.92,Paid
PM0010859,P00555,2026-02-01,216.39,216.39,Paid
PM0006313,P00325,2025-02-01,59.23,59.23,Paid
PM0006438,P00328,2025-10-01,68.94,68.94,Paid
PM0008475,P00438,2024-10-01,374.73,374.73,Paid
PM0012230,P00631,2026-05-01,315.0,0.0,Missed
PM0002713,P00136,2025-09-01,349.29,0.0,Missed
PM0000354,P00018,2024-02-01,131.65,131.65,Paid
PM0013951,P00715,2025-02-01,259.73,0.0,Missed
PM0001649,P00077,2024-12-01,179.71,179.71,Paid
PM0001594,P00074,2025-11-01,128.94,128.94,Paid
PM0005819,P00306,2024-01-01,227.92,227.92,Paid
PM0000878,P00040,2025-09-01,362.78,362.78,Paid
PM0006772,P00345,2024-10-01,661.78,661.78,Paid
PM0010939,P00562,2025-12-01,285.53,285.53,Paid
PM0007837,P00405,2025-01-01,260.54,260.54,Paid
PM0010190,P00524,2025-01-01,189.03,189.03,Paid
PM0011719,P00605,2025-02-01,125.98,125.98,Paid
PM0005540,P00294,2026-07-01,166.79,166.79,Paid
PM0009750,P00502,2024-12-01,394.36,394.36,Paid
PM0011411,P00591,2026-04-01,157.95,157.95,Paid
PM0006418,P00328,2024-02-01,68.94,68.94,Paid
PM0009112,P00471,2023-07-01,337.78,337.78,Paid
PM0000388,P00019,2025-05-01,266.55,266.55,Paid
PM0000107,P00008,2024-07-01,317.11,317.11,Paid
PM0012143,P00628,2025-09-01,327.26,327.26,Paid
PM0008763,P00451,2023-04-01,195.14,195.14,Paid
PM0001901,P00092,2025-10-01,216.63,216.63,Paid
PM0005370,P00284,2023-08-01,554.65,554.65,Paid
PM0004562,P00237,2026-05-01,155.16,155.16,Paid
PM0011115,P00575,2025-09-01,332.65,332.65,Paid
PM0011566,P00597,2025-06-01,196.66,0.0,Missed
PM0009406,P00484,2026-05-01,109.09,109.09,Paid
PM0000763,P00035,2025-03-01,139.14,139.14,Paid
PM0010925,P00562,2024-10-01,285.53,285.53,Paid
PM0003189,P00159,2026-03-01,121.97,0.0,Missed
PM0000696,P00032,2024-08-01,457.22,457.22,Paid
PM0003679,P00184,2023-08-01,406.16,406.16,Paid
PM0008126,P00421,2024-05-01,560.92,560.92,Paid
PM0000635,P00028,2024-09-01,101.58,101.58,Paid
PM0003443,P00170,2025-04-01,388.44,388.44,Paid
PM0003347,P00166,2025-10-01,263.35,263.35,Paid
PM0000527,P00025,2025-06-01,170.93,87.34,Partial
PM0006374,P00327,2023-10-01,428.66,428.66,Paid
PM0007945,P00413,2023-02-01,357.69,357.69,Paid
PM0010737,P00549,2024-04-01,54.97,54.97,Paid
PM0004749,P00249,2026-07-01,320.96,320.96,Paid
PM0009637,P00495,2024-09-01,179.38,179.38,Paid
PM0005034,P00265,2024-04-01,372.15,372.15,Paid
PM0007187,P00370,2026-03-01,138.19,138.19,Paid
PM0014040,P00721,2025-07-01,248.01,248.01,Paid
PM0000466,P00022,2025-08-01,619.12,619.12,Paid
PM0014446,P00742,2026-03-01,387.1,387.1,Paid
PM0010107,P00519,2025-10-01,429.63,429.63,Paid
PM0005100,P00269,2026-04-01,925.24,925.24,Paid
PM0005673,P00301,2025-10-01,157.4,157.4,Paid
PM0000188,P00010,2026-07-01,181.56,0.0,Missed
PM0014278,P00735,2025-09-01,209.61,0.0,Missed
PM0006792,P00345,2026-06-01,661.78,661.78,Paid
PM0005560,P00296,2025-11-01,277.13,277.13,Paid
PM0014558,P00749,2025-03-01,243.11,243.11,Paid
PM0006252,P00322,2025-02-01,105.73,105.73,Paid
PM0000548,P00026,2024-02-01,945.63,945.63,Paid
PM0007094,P00364,2026-03-01,492.7,492.7,Paid
PM0000269,P00015,2023-11-01,224.35,224.35,Paid
PM0011129,P00576,2025-03-01,0.0,0.0,Partial
PM0010676,P00545,2025-09-01,191.08,191.08,Paid
PM0003438,P00170,2024-11-01,388.44,388.44,Paid
PM0001064,P00049,2024-03-01,64.0,64.0,Paid
PM0005261,P00275,2026-02-01,181.0,0.0,Missed
PM0006328,P00325,2026-05-01,59.23,59.23,Paid
PM0000372,P00018,2025-08-01,131.65,0.0,Missed
PM0005383,P00284,2024-09-01,554.65,554.65,Paid
PM0006587,P00336,2025-05-01,198.24,198.24,Paid
PM0004037,P00207,2025-08-01,95.37,95.37,Paid
PM0006837,P00348,2026-01-01,467.75,467.75,Paid
PM0012147,P00628,2026-01-01,327.26,327.26,Paid
PM0013465,P00692,2025-09-01,440.66,440.66,Paid
PM0005903,P00309,2026-02-01,396.29,396.29,Paid
PM0010658,P00544,2026-03-01,524.96,524.96,Paid
PM0006488,P00332,2025-07-01,122.94,122.94,Paid
PM0005417,P00285,2025-04-01,357.44,357.44,Paid
PM0005021,P00263,2026-05-01,678.47,678.47,Paid
PM0001057,P00049,2023-08-01,64.0,64.0,Paid
PM0012800,P00657,2024-07-01,126.71,126.71,Paid
PM0007840,P00405,2025-04-01,260.54,260.54,Paid
PM0010356,P00532,2024-05-01,412.5,412.5,Paid
PM0003168,P00158,2026-01-01,516.23,516.23,Paid
PM0000067,P00005,2026-02-01,182.33,182.33,Paid
PM0011449,P00593,2024-02-01,142.88,142.88,Paid
PM0009754,P00502,2025-04-01,394.36,394.36,Paid
PM0009680,P00498,2025-09-01,514.18,514.18,Paid
PM0010280,P00528,2025-08-01,91.62,91.62,Paid
PM0010706,P00548,2025-01-01,679.35,679.35,Paid
PM0000185,P00010,2026-04-01,181.56,181.56,Paid
PM0012989,P00667,2026-03-01,232.57,232.57,Paid
PM0006311,P00325,2024-12-01,59.23,59.23,Paid
PM0004710,P00246,2026-06-01,204.0,204.0,Paid
PM0010973,P00564,2026-02-01,387.81,387.81,Paid
PM0012915,P00663,2026-06-01,129.41,129.41,Paid
PM0000612,P00027,2026-01-01,65.33,65.33,Paid
PM0007669,P00397,2024-06-01,230.57,230.57,Paid
PM0006502,P00333,2025-09-01,164.97,164.97,Paid
PM0000910,P00042,2026-01-01,284.88,284.88,Paid
PM0009181,P00473,2024-11-01,102.27,102.27,Paid
PM0001389,P00066,2024-02-01,343.28,343.28,Paid
PM0006300,P00325,2024-01-01,59.23,59.23,Paid
PM0004794,P00252,2024-12-01,228.86,228.86,Paid
PM0013152,P00674,2025-11-01,176.2,176.2,Paid
PM0011680,P00603,2026-01-01,274.0,274.0,Paid
PM0005529,P00294,2025-08-01,166.79,166.79,Paid
PM0002321,P00116,2025-10-01,303.7,303.7,Paid
PM0006926,P00353,2024-08-01,81.36,81.36,Paid
PM0013532,P00695,2024-04-01,547.06,547.06,Paid
PM0013805,P00708,2024-09-01,180.72,180.72,Paid
PM0001832,P00085,2025-03-01,176.78,176.78,Paid
PM0001023,P00046,2025-07-01,408.98,408.98,Paid
PM0004035,P00207,2025-06-01,95.37,95.37,Paid
PM0010745,P00549,2024-12-01,54.97,54.97,Paid
PM0011627,P00599,2025-04-01,249.05,249.05,Paid
PM0007148,P00369,2025-07-01,183.55,183.55,Paid
PM0003094,P00155,2025-12-01,536.24,536.24,Paid
PM0010410,P00534,2025-08-01,79.64,79.64,Paid
PM0002501,P00127,2025-10-01,117.63,117.63,Paid
PM0005796,P00305,2025-09-01,258.23,258.23,Paid
PM0006108,P00317,2025-02-01,140.28,140.28,Paid
PM0012974,P00667,2024-12-01,232.57,0.0,Missed
PM0002082,P00102,2025-07-01,406.58,406.58,Paid
PM0005839,P00306,2025-09-01,227.92,227.92,Paid
PM0012092,P00625,2025-06-01,177.27,177.27,Paid
PM0002630,P00132,2025-07-01,323.1,151.16,Partial
PM0003042,P00152,2023-12-01,108.42,108.42,Paid
PM0005738,P00304,2024-04-01,134.64,134.64,Paid
PM0001514,P00069,2025-04-01,143.01,143.01,Paid
PM0006707,P00343,2023-05-01,97.41,97.41,Paid
PM0007720,P00399,2026-01-01,87.55,87.55,Paid
PM0012286,P00633,2026-03-01,167.48,167.48,Paid
PM0012279,P00633,2025-08-01,167.48,115.08,Partial
PM0005581,P00297,2026-03-01,254.69,254.69,Paid
PM0004991,P00262,2025-06-01,377.63,377.63,Paid
PM0001684,P00078,2024-07-01,500.1,500.1,Paid
PM0003314,P00165,2025-07-01,882.81,882.81,Paid
PM0006517,P00334,2024-03-01,525.35,525.35,Paid
PM0014445,P00742,2026-02-01,387.1,387.1,Paid
PM0001517,P00069,2025-07-01,143.01,143.01,Paid
PM0009570,P00492,2023-06-01,836.82,836.82,Paid
PM0012215,P00631,2025-02-01,315.0,315.0,Paid
PM0013070,P00671,2025-04-01,377.8,377.8,Paid
PM0001147,P00053,2025-07-01,742.45,742.45,Paid
PM0008943,P00459,2025-04-01,413.49,413.49,Paid
PM0012715,P00652,2026-04-01,687.04,687.04,Paid
PM0012249,P00632,2024-07-01,213.13,0.0,Missed
PM0003043,P00152,2024-01-01,108.42,108.42,Paid
PM0012063,P00624,2026-02-01,918.51,918.51,Paid
PM0007648,P00396,2024-12-01,555.67,222.07,Partial
PM0009296,P00478,2025-10-01,129.82,129.82,Paid
PM0008431,P00436,2025-11-01,410.56,410.56,Paid
PM0002513,P00128,2025-10-01,223.26,223.26,Paid
PM0005055,P00266,2025-09-01,547.51,547.51,Paid
PM0008146,P00421,2026-01-01,560.92,560.92,Paid
PM0006835,P00348,2025-11-01,467.75,467.75,Paid
PM0010029,P00515,2025-05-01,87.15,87.15,Paid
PM0001318,P00060,2026-06-01,387.34,387.34,Paid
PM0007498,P00389,2023-04-01,270.03,270.03,Paid
PM0012731,P00653,2026-03-01,211.59,211.59,Paid
PM0001668,P00077,2026-07-01,179.71,179.71,Paid
PM0003701,P00184,2025-06-01,406.16,406.16,Paid
PM0011332,P00589,2023-11-01,180.3,122.69,Partial
PM0005237,P00275,2024-02-01,181.0,181.0,Paid
PM0006639,P00340,2024-05-01,163.98,76.96,Partial
PM0011474,P00593,2026-03-01,142.88,142.88,Paid
PM0007257,P00374,2025-05-01,115.5,0.0,Missed
PM0008480,P00438,2025-03-01,374.73,0.0,Missed
PM0000764,P00035,2025-04-01,139.14,139.14,Paid
PM0013813,P00708,2025-05-01,180.72,180.72,Paid
PM0010533,P00539,2025-02-01,220.03,220.03,Paid
PM0012316,P00634,2025-05-01,347.04,347.04,Paid
PM0014475,P00744,2023-11-01,326.31,326.31,Paid
PM0004734,P00249,2025-04-01,320.96,320.96,Paid
PM0014119,P00725,2026-02-01,428.12,428.12,Paid
PM0006439,P00328,2025-11-01,68.94,68.94,Paid
PM0008950,P00459,2025-11-01,413.49,0.0,Missed
PM0008697,P00446,2025-10-01,130.98,130.98,Paid
PM0002423,P00124,2024-05-01,714.19,714.19,Paid
PM0005311,P00280,2026-05-01,98.47,98.47,Paid
PM0001424,P00067,2023-09-01,198.85,198.85,Paid
PM0000862,P00039,2026-06-01,1099.84,1099.84,Paid
PM0000271,P00015,2024-01-01,224.35,0.0,Missed
PM0006238,P00322,2023-12-01,105.73,105.73,Paid
PM0014573,P00750,2023-12-01,685.98,685.98,Paid
PM0002397,P00121,2026-04-01,131.46,131.46,Paid
PM0010102,P00519,2025-05-01,429.63,429.63,Paid
PM0012576,P00646,2025-10-01,72.97,34.78,Partial
PM0012975,P00667,2025-01-01,232.57,232.57,Paid
PM0011780,P00609,2025-04-01,446.21,446.21,Paid
PM0008030,P00416,2024-05-01,127.49,127.49,Paid
PM0003153,P00157,2024-09-01,347.53,187.82,Partial
PM0007758,P00402,2024-01-01,234.54,234.54,Paid
PM0006570,P00335,2026-04-01,77.12,77.12,Paid
PM0013709,P00703,2024-09-01,218.62,0.0,Missed
PM0010341,P00531,2026-03-01,390.73,0.0,Missed
PM0013027,P00668,2025-10-01,75.59,75.59,Paid
PM0014477,P00744,2024-01-01,326.31,326.31,Paid
PM0003074,P00153,2026-04-01,821.41,821.41,Paid
PM0006722,P00343,2024-08-01,97.41,41.39,Partial
PM0005258,P00275,2025-11-01,181.0,181.0,Paid
PM0010960,P00563,2024-11-01,142.21,142.21,Paid
PM0003078,P00154,2025-05-01,311.67,311.67,Paid
PM0006761,P00345,2023-11-01,661.78,661.78,Paid
PM0011112,P00575,2025-06-01,332.65,332.65,Paid
PM0004286,P00223,2025-10-01,296.76,296.76,Paid
PM0011291,P00586,2026-03-01,835.48,835.48,Paid
PM0004863,P00255,2025-10-01,444.0,444.0,Paid
PM0008850,P00454,2023-08-01,258.55,258.55,Paid
PM0014327,P00737,2026-04-01,66.99,66.99,Paid
PM0005710,P00303,2025-01-01,242.73,242.73,Paid
PM0008436,P00436,2026-04-01,410.56,410.56,Paid
PM0007004,P00359,2025-03-01,394.21,394.21,Paid
PM0013788,P00706,2026-02-01,257.22,257.22,Paid
PM0004151,P00211,2026-06-01,481.39,481.39,Paid
PM0014519,P00747,2025-05-01,149.96,149.96,Paid
PM0007672,P00397,2024-09-01,230.57,230.57,Paid
PM0011511,P00595,2024-12-01,625.3,625.3,Paid
PM0001041,P00047,2026-01-01,167.5,167.5,Paid
PM0006901,P00351,2025-05-01,467.05,467.05,Paid
PM0003180,P00159,2025-06-01,121.97,0.0,Missed
PM0001158,P00053,2026-06-01,742.45,742.45,Paid
PM0009323,P00480,2026-01-01,671.59,671.59,Paid
PM0000241,P00014,2024-11-01,207.74,207.74,Paid
PM0001428,P00067,2024-01-01,198.85,198.85,Paid
PM0004627,P00241,2026-03-01,232.67,232.67,Paid
PM0014085,P00724,2025-04-01,392.33,392.33,Paid
PM0011702,P00604,2025-09-01,1040.1,1040.1,Paid
PM0008071,P00417,2026-04-01,219.24,219.24,Paid
PM0012784,P00657,2023-03-01,126.71,126.71,Paid
PM0007952,P00413,2023-09-01,357.69,357.69,Paid
PM0003762,P00188,2026-07-01,151.72,151.72,Paid
PM0012068,P00624,2026-07-01,918.51,482.88,Partial
PM0012130,P00627,2025-08-01,193.55,193.55,Paid
PM0002017,P00098,2025-12-01,246.27,0.0,Missed
PM0011785,P00611,2024-10-01,552.64,552.64,Paid
PM0001608,P00075,2025-12-01,496.67,496.67,Paid
PM0005490,P00290,2025-06-01,564.15,564.15,Paid
PM0004651,P00244,2025-01-01,138.03,138.03,Paid
PM0003370,P00167,2024-07-01,379.76,379.76,Paid
PM0001522,P00069,2025-12-01,143.01,143.01,Paid
PM0010849,P00554,2026-01-01,46.23,46.23,Paid
PM0003605,P00182,2024-02-01,226.88,226.88,Paid
PM0000381,P00018,2026-05-01,131.65,131.65,Paid
PM0000182,P00010,2026-01-01,181.56,97.96,Partial
PM0007201,P00371,2026-03-01,233.81,233.81,Paid
PM0008316,P00430,2025-02-01,323.55,323.55,Paid
PM0009259,P00477,2025-03-01,708.84,708.84,Paid
PM0006953,P00355,2025-06-01,70.51,70.51,Paid
PM0005502,P00290,2026-06-01,564.15,564.15,Paid
PM0003901,P00197,2026-03-01,810.95,810.95,Paid
PM0006105,P00317,2024-11-01,140.28,140.28,Paid
PM0011317,P00588,2025-05-01,743.35,743.35,Paid
PM0009161,P00472,2026-01-01,256.58,256.58,Paid
PM0006332,P00326,2023-05-01,203.51,203.51,Paid
PM0009121,P00471,2024-04-01,337.78,337.78,Paid
PM0011252,P00584,2024-06-01,447.73,0.0,Missed
PM0012469,P00640,2025-08-01,172.35,172.35,Paid
PM0005780,P00305,2024-05-01,258.23,258.23,Paid
PM0009678,P00498,2025-07-01,514.18,514.18,Paid
PM0007111,P00365,2025-12-01,75.89,75.89,Paid
PM0006801,P00347,2024-05-01,629.61,629.61,Paid
PM0007179,P00370,2025-07-01,138.19,138.19,Paid
PM0005360,P00283,2025-11-01,36.5,36.5,Paid
PM0008527,P00441,2025-06-01,457.6,457.6,Paid
PM0007627,P00394,2026-07-01,65.61,65.61,Paid
PM0003304,P00164,2026-03-01,119.33,119.33,Paid
PM0013208,P00677,2025-02-01,138.01,138.01,Paid
PM0009252,P00477,2024-08-01,708.84,708.84,Paid
PM0008747,P00449,2026-01-01,33.62,33.62,Paid
PM0011470,P00593,2025-11-01,142.88,142.88,Paid
PM0011316,P00588,2025-04-01,743.35,743.35,Paid
PM0011063,P00571,2024-12-01,296.29,296.29,Paid
PM0014047,P00721,2026-02-01,248.01,248.01,Paid
PM0006349,P00326,2024-10-01,203.51,203.51,Paid
PM0008331,P00430,2026-05-01,323.55,323.55,Paid
PM0000063,P00005,2025-10-01,182.33,0.0,Missed
PM0014288,P00735,2026-07-01,209.61,209.61,Paid
PM0009072,P00469,2023-11-01,458.43,458.43,Paid
PM0006161,P00319,2025-06-01,375.44,375.44,Paid
PM0012436,P00639,2024-07-01,117.84,117.84,Paid
PM0006817,P00347,2025-09-01,629.61,629.61,Paid
PM0001912,P00093,2025-05-01,288.37,288.37,Paid
PM0003721,P00185,2026-02-01,385.7,385.7,Paid
PM0012997,P00668,2023-04-01,75.59,75.59,Paid
PM0009496,P00487,2026-01-01,378.75,0.0,Missed
PM0013872,P00711,2024-09-01,203.34,203.34,Paid
PM0000149,P00009,2025-07-01,281.25,281.25,Paid
PM0008240,P00427,2026-01-01,290.48,290.48,Paid
PM0001338,P00064,2026-01-01,0.0,0.0,Missed
PM0008702,P00446,2026-03-01,130.98,130.98,Paid
PM0004041,P00207,2025-12-01,95.37,0.0,Missed
PM0012244,P00632,2024-02-01,213.13,213.13,Paid
PM0004024,P00207,2024-07-01,95.37,32.69,Partial
PM0003309,P00165,2025-02-01,882.81,882.81,Paid
PM0014465,P00743,2026-06-01,540.59,540.59,Paid
PM0007885,P00408,2026-06-01,137.55,137.55,Paid
PM0001972,P00096,2025-01-01,408.72,408.72,Paid
PM0012627,P00649,2025-09-01,246.64,246.64,Paid
PM0011329,P00588,2026-05-01,743.35,743.35,Paid
PM0009463,P00487,2023-04-01,378.75,0.0,Missed
PM0003653,P00183,2024-08-01,179.81,179.81,Paid
PM0002775,P00139,2023-09-01,560.94,560.94,Paid
PM0012339,P00635,2025-02-01,102.05,102.05,Paid
PM0000580,P00027,2023-05-01,65.33,65.33,Paid
PM0011269,P00585,2024-06-01,64.64,64.64,Paid
PM0008149,P00421,2026-04-01,560.92,196.55,Partial
PM0010679,P00545,2025-12-01,191.08,191.08,Paid
PM0005578,P00297,2025-12-01,254.69,254.69,Paid
PM0001502,P00069,2024-04-01,143.01,143.01,Paid
PM0011744,P00607,2025-07-01,143.64,143.64,Paid
PM0001635,P00077,2023-10-01,179.71,179.71,Paid
PM0003287,P00163,2025-09-01,505.44,505.44,Paid
PM0012176,P00629,2025-12-01,489.53,489.53,Paid
PM0007298,P00378,2023-11-01,521.31,0.0,Missed
PM0011582,P00598,2023-04-01,191.48,191.48,Paid
PM0010362,P00532,2024-11-01,412.5,412.5,Paid
PM0009756,P00502,2025-06-01,394.36,394.36,Paid
PM0004515,P00234,2024-12-01,101.87,101.87,Paid
PM0006064,P00316,2023-07-01,790.35,790.35,Paid
PM0000675,P00031,2025-05-01,211.73,211.73,Paid
PM0009840,P00506,2026-05-01,62.5,62.5,Paid
PM0002393,P00121,2025-12-01,131.46,131.46,Paid
PM0014141,P00727,2026-02-01,87.81,87.81,Paid
PM0006868,P00350,2025-12-01,338.69,338.69,Paid
PM0009318,P00480,2025-08-01,671.59,671.59,Paid
PM0006458,P00329,2026-04-01,424.18,424.18,Paid
PM0010600,P00542,2026-03-01,177.89,177.89,Paid
PM0009422,P00485,2024-10-01,288.29,288.29,Paid
PM0002480,P00126,2026-07-01,184.68,184.68,Paid
PM0010237,P00525,2026-06-01,29.64,29.64,Paid
PM0012906,P00662,2025-12-01,135.48,135.48,Paid
PM0011522,P00595,2025-11-01,625.3,625.3,Paid
PM0005462,P00287,2026-06-01,183.69,183.69,Paid
PM0004306,P00224,2025-05-01,642.21,642.21,Paid
PM0000965,P00044,2026-03-01,205.22,205.22,Paid
PM0007807,P00404,2024-07-01,661.28,362.67,Partial
PM0005158,P00272,2024-10-01,176.81,176.81,Paid
PM0004105,P00210,2026-02-01,422.89,0.0,Missed
PM0002622,P00132,2024-11-01,323.1,323.1,Paid
PM0009432,P00485,2025-08-01,288.29,288.29,Paid
PM0002949,P00148,2024-01-01,62.38,62.38,Paid
PM0013958,P00715,2025-09-01,259.73,90.65,Partial
PM0007551,P00390,2024-11-01,351.42,351.42,Paid
PM0005850,P00307,2024-08-01,191.08,88.55,Partial
PM0001944,P00095,2026-01-01,234.38,234.38,Paid
PM0001519,P00069,2025-09-01,143.01,143.01,Paid
PM0012313,P00634,2025-02-01,347.04,347.04,Paid
PM0009820,P00506,2024-09-01,62.5,62.5,Paid
PM0004358,P00226,2024-10-01,719.63,719.63,Paid
PM0013241,P00679,2024-05-01,445.32,445.32,Paid
PM0005211,P00274,2025-07-01,208.87,208.87,Paid
PM0003956,P00200,2025-10-01,352.42,352.42,Paid
PM0000147,P00009,2025-05-01,281.25,281.25,Paid
PM0000399,P00019,2026-04-01,266.55,266.55,Paid
PM0010110,P00519,2026-01-01,429.63,429.63,Paid
PM0002646,P00133,2024-02-01,144.56,144.56,Paid
PM0012979,P00667,2025-05-01,232.57,232.57,Paid
PM0000315,P00016,2024-07-01,180.43,180.43,Paid
PM0005721,P00303,2025-12-01,242.73,0.0,Missed
PM0013748,P00705,2025-06-01,165.8,165.8,Paid
PM0000004,P00001,2025-12-01,86.9,86.9,Paid
PM0003943,P00200,2024-09-01,352.42,352.42,Paid
PM0012938,P00664,2025-08-01,74.73,74.73,Paid
PM0008519,P00440,2026-03-01,373.63,373.63,Paid
PM0005764,P00304,2026-06-01,134.64,66.02,Partial
PM0003793,P00190,2026-02-01,488.35,488.35,Paid
PM0008852,P00454,2023-10-01,258.55,258.55,Paid
PM0014105,P00725,2024-12-01,428.12,0.0,Missed
PM0000337,P00016,2026-05-01,180.43,180.43,Paid
PM0005245,P00275,2024-10-01,181.0,181.0,Paid
PM0012254,P00632,2024-12-01,213.13,213.13,Paid
PM0000368,P00018,2025-04-01,131.65,131.65,Paid
PM0002446,P00124,2026-04-01,714.19,714.19,Paid
PM0006323,P00325,2025-12-01,59.23,59.23,Paid
PM0001531,P00070,2025-05-01,85.97,85.97,Paid
PM0003667,P00183,2025-10-01,179.81,179.81,Paid
PM0009366,P00483,2024-04-01,149.54,149.54,Paid
PM0003611,P00182,2024-08-01,226.88,226.88,Paid
PM0006766,P00345,2024-04-01,661.78,661.78,Paid
PM0001139,P00052,2026-03-01,219.66,219.66,Paid
PM0009480,P00487,2024-09-01,378.75,378.75,Paid
PM0000331,P00016,2025-11-01,180.43,180.43,Paid
PM0009478,P00487,2024-07-01,378.75,378.75,Paid
PM0012949,P00664,2026-07-01,74.73,74.73,Paid
PM0012168,P00629,2025-04-01,489.53,489.53,Paid
PM0013109,P00673,2024-12-01,730.17,730.17,Paid
PM0002879,P00143,2026-02-01,472.19,472.19,Paid
PM0008651,P00445,2025-06-01,778.87,778.87,Paid
PM0006230,P00321,2026-07-01,76.37,76.37,Paid
PM0003293,P00163,2026-03-01,505.44,505.44,Paid
PM0009028,P00466,2026-06-01,167.02,167.02,Paid
PM0006961,P00355,2026-02-01,70.51,70.51,Paid
PM0004123,P00211,2024-02-01,481.39,481.39,Paid
PM0013696,P00702,2025-05-01,279.0,279.0,Paid
PM0009065,P00468,2026-07-01,439.51,439.51,Paid
PM0004623,P00241,2025-11-01,232.67,232.67,Paid
PM0013905,P00713,2023-11-01,694.25,694.25,Paid
PM0010981,P00566,2025-04-01,572.96,0.0,Missed
PM0007496,P00389,2023-02-01,270.03,270.03,Paid
PM0011512,P00595,2025-01-01,625.3,625.3,Paid
PM0011258,P00584,2024-12-01,447.73,447.73,Paid
PM0014086,P00724,2025-05-01,392.33,392.33,Paid
PM0014581,P00750,2024-08-01,685.98,685.98,Paid
PM0009714,P00501,2025-03-01,518.28,518.28,Paid
PM0013691,P00701,2026-03-01,331.54,331.54,Paid
PM0008787,P00451,2025-04-01,195.14,141.17,Partial
PM0007247,P00374,2024-07-01,115.5,115.5,Paid
PM0002883,P00143,2026-06-01,472.19,472.19,Paid
PM0011842,P00614,2024-01-01,82.1,82.1,Paid
PM0009611,P00493,2023-06-01,290.68,290.68,Paid
PM0007406,P00382,2025-07-01,694.23,694.23,Paid
PM0001188,P00055,2023-12-01,480.85,341.05,Partial
PM0005455,P00287,2025-11-01,183.69,183.69,Paid
PM0008232,P00427,2025-05-01,290.48,290.48,Paid
PM0005185,P00273,2025-07-01,147.79,147.79,Paid
PM0000420,P00020,2025-01-01,573.96,573.96,Paid
PM0007225,P00373,2026-04-01,362.95,362.95,Paid
PM0008528,P00441,2025-07-01,457.6,457.6,Paid
PM0009518,P00488,2026-06-01,253.1,253.1,Paid
PM0005682,P00301,2026-07-01,157.4,157.4,Paid
PM0003365,P00167,2024-02-01,379.76,379.76,Paid
PM0000871,P00040,2025-02-01,362.78,362.78,Paid
PM0011640,P00599,2026-05-01,249.05,249.05,Paid
PM0012135,P00627,2026-01-01,193.55,193.55,Paid
PM0007931,P00411,2025-08-01,189.15,0.0,Missed
PM0003507,P00173,2023-06-01,247.69,247.69,Paid
PM0002696,P00136,2024-04-01,349.29,349.29,Paid
PM0011953,P00618,2026-03-01,713.22,273.35,Partial
PM0010825,P00552,2025-10-01,1031.65,1031.65,Paid
PM0013163,P00675,2025-08-01,119.39,119.39,Paid
PM0007262,P00374,2025-10-01,115.5,115.5,Paid
PM0003953,P00200,2025-07-01,352.42,352.42,Paid
PM0014552,P00749,2024-09-01,243.11,0.0,Missed
PM0002592,P00131,2025-11-01,359.57,359.57,Paid
PM0004851,P00255,2024-10-01,444.0,444.0,Paid
PM0005277,P00277,2026-05-01,119.7,93.31,Partial
PM0006548,P00335,2024-06-01,77.12,77.12,Paid
PM0001922,P00093,2026-03-01,288.37,288.37,Paid
PM0013136,P00674,2024-07-01,176.2,176.2,Paid
PM0006782,P00345,2025-08-01,661.78,661.78,Paid
PM0002167,P00107,2023-08-01,275.31,275.31,Paid
PM0005657,P00301,2024-06-01,157.4,157.4,Paid
PM0002289,P00113,2026-05-01,16.19,16.19,Paid
PM0003379,P00167,2025-04-01,379.76,379.76,Paid
PM0002262,P00113,2024-02-01,16.19,16.19,Paid
PM0008805,P00452,2024-01-01,196.49,196.49,Paid
PM0004312,P00224,2025-11-01,642.21,0.0,Missed
PM0003807,P00191,2023-11-01,295.15,295.15,Paid
PM0002789,P00139,2024-11-01,560.94,560.94,Paid
PM0008952,P00459,2026-01-01,413.49,413.49,Paid
PM0006069,P00316,2023-12-01,790.35,790.35,Paid
PM0006237,P00322,2023-11-01,105.73,105.73,Paid
PM0010731,P00549,2023-10-01,54.97,0.0,Missed
PM0008430,P00436,2025-10-01,410.56,410.56,Paid
PM0008945,P00459,2025-06-01,413.49,413.49,Paid
PM0006280,P00324,2025-12-01,298.71,298.71,Paid
PM0011581,P00598,2023-03-01,191.48,191.48,Paid
PM0014577,P00750,2024-04-01,685.98,0.0,Missed
PM0001470,P00068,2024-10-01,397.96,397.96,Paid
PM0006182,P00320,2024-03-01,149.0,85.98,Partial
PM0009556,P00490,2026-06-01,45.05,45.05,Paid
PM0008609,P00444,2024-10-01,160.87,118.56,Partial
PM0005327,P00282,2024-08-01,396.55,396.55,Paid
PM0000165,P00010,2024-08-01,181.56,181.56,Paid
PM0001940,P00095,2025-09-01,234.38,234.38,Paid
PM0000815,P00037,2025-02-01,530.5,530.5,Paid
PM0002209,P00108,2025-12-01,422.63,422.63,Paid
PM0004263,P00222,2024-10-01,42.17,42.17,Paid
PM0001886,P00091,2025-11-01,92.93,92.93,Paid
PM0005570,P00297,2025-04-01,254.69,254.69,Paid
PM0005299,P00279,2024-07-01,341.33,341.33,Paid
PM0009469,P00487,2023-10-01,378.75,378.75,Paid
PM0000198,P00013,2024-09-01,149.19,149.19,Paid
PM0003962,P00200,2026-04-01,352.42,352.42,Paid
PM0007832,P00405,2024-08-01,260.54,260.54,Paid
PM0000754,P00034,2026-02-01,68.03,68.03,Paid
PM0013069,P00671,2025-03-01,377.8,377.8,Paid
PM0010248,P00527,2023-12-01,559.89,559.89,Paid
PM0012062,P00624,2026-01-01,918.51,918.51,Paid
PM0001792,P00082,2026-01-01,174.81,174.81,Paid
PM0004768,P00250,2025-02-01,70.42,70.42,Paid
PM0007287,P00377,2026-07-01,131.15,131.15,Paid
PM0009951,P00511,2026-06-01,105.47,105.47,Paid
PM0007256,P00374,2025-04-01,115.5,115.5,Paid
PM0008877,P00454,2025-11-01,258.55,258.55,Paid
PM0009795,P00504,2025-04-01,604.93,604.93,Paid
PM0014173,P00729,2025-05-01,122.57,122.57,Paid
PM0009699,P00499,2026-06-01,37.36,37.36,Paid
PM0003025,P00150,2026-04-01,66.26,66.26,Paid
PM0013034,P00668,2026-05-01,75.59,75.59,Paid
PM0010788,P00550,2026-06-01,158.06,158.06,Paid
PM0002176,P00107,2024-05-01,275.31,275.31,Paid
PM0010873,P00557,2024-05-01,321.82,0.0,Missed
PM0008217,P00427,2024-02-01,290.48,0.0,Missed
PM0012155,P00629,2024-03-01,489.53,489.53,Paid
PM0006887,P00351,2024-03-01,467.05,467.05,Paid
PM0009015,P00466,2025-05-01,167.02,120.88,Partial
PM0009675,P00498,2025-04-01,514.18,514.18,Paid
PM0009221,P00476,2025-05-01,595.25,595.25,Paid
PM0011191,P00580,2025-11-01,140.73,0.0,Missed
PM0006898,P00351,2025-02-01,467.05,467.05,Paid
PM0006964,P00355,2026-05-01,70.51,70.51,Paid
PM0008671,P00446,2023-08-01,130.98,130.98,Paid
PM0013115,P00673,2025-06-01,730.17,730.17,Paid
PM0006896,P00351,2024-12-01,467.05,467.05,Paid
PM0002121,P00103,2025-09-01,836.1,836.1,Paid
PM0010317,P00529,2025-09-01,279.09,279.09,Paid
PM0000406,P00020,2023-11-01,573.96,573.96,Paid
PM0004086,P00210,2024-07-01,422.89,422.89,Paid
PM0002109,P00103,2024-09-01,836.1,836.1,Paid
PM0004957,P00260,2024-08-01,743.27,743.27,Paid
PM0012179,P00629,2026-03-01,489.53,489.53,Paid
PM0011477,P00593,2026-06-01,142.88,142.88,Paid
PM0002161,P00107,2023-02-01,275.31,275.31,Paid
PM0001270,P00058,2025-09-01,375.89,375.89,Paid
PM0005678,P00301,2026-03-01,157.4,157.4,Paid
PM0003129,P00156,2025-05-01,231.94,231.94,Paid
PM0003740,P00186,2025-03-01,100.78,100.78,Paid
PM0014168,P00729,2024-12-01,122.57,0.0,Missed
PM0011663,P00601,2026-05-01,54.01,54.01,Paid
PM0004394,P00228,2026-06-01,96.21,96.21,Paid
PM0014276,P00735,2025-07-01,209.61,209.61,Paid
PM0008612,P00444,2025-01-01,160.87,160.87,Paid
PM0002531,P00129,2024-12-01,578.23,578.23,Paid
PM0000851,P00039,2025-07-01,1099.84,0.0,Missed
PM0005563,P00296,2026-02-01,277.13,277.13,Paid
PM0003289,P00163,2025-11-01,505.44,505.44,Paid
PM0001455,P00067,2026-04-01,198.85,198.85,Paid
PM0004650,P00244,2024-12-01,138.03,138.03,Paid
PM0009801,P00504,2025-10-01,604.93,604.93,Paid
PM0001347,P00065,2023-10-01,174.21,174.21,Paid
PM0008977,P00463,2026-05-01,120.66,68.53,Partial
PM0004467,P00232,2024-11-01,449.75,0.0,Missed
PM0001289,P00059,2024-09-01,134.5,134.5,Paid
PM0009233,P00476,2026-05-01,595.25,595.25,Paid
PM0007912,P00410,2025-12-01,156.23,156.23,Paid
PM0007944,P00412,2026-07-01,319.09,319.09,Paid
PM0008429,P00436,2025-09-01,410.56,410.56,Paid
PM0013325,P00684,2024-01-01,128.15,128.15,Paid
PM0000524,P00025,2025-03-01,170.93,170.93,Paid
PM0012444,P00639,2025-03-01,117.84,117.84,Paid
PM0006330,P00325,2026-07-01,59.23,59.23,Paid
PM0005762,P00304,2026-04-01,134.64,134.64,Paid
PM0008594,P00443,2026-02-01,112.5,112.5,Paid
PM0002408,P00123,2025-08-01,697.83,697.83,Paid
PM0013699,P00702,2025-08-01,279.0,279.0,Paid
PM0001636,P00077,2023-11-01,179.71,179.71,Paid
PM0013263,P00681,2026-02-01,187.31,187.31,Paid
PM0006654,P00340,2025-08-01,163.98,163.98,Paid
PM0011277,P00585,2025-02-01,64.64,0.0,Missed
PM0001904,P00092,2026-01-01,216.63,216.63,Paid
PM0002324,P00116,2026-01-01,303.7,303.7,Paid
PM0002834,P00140,2026-07-01,584.86,584.86,Paid
PM0001180,P00055,2023-04-01,480.85,480.85,Paid
PM0007893,P00409,2026-03-01,115.73,115.73,Paid
PM0009436,P00485,2025-12-01,288.29,288.29,Paid
PM0002237,P00112,2025-03-01,402.19,402.19,Paid
PM0001198,P00055,2024-10-01,480.85,480.85,Paid
PM0003150,P00157,2024-06-01,347.53,347.53,Paid
PM0001735,P00080,2024-07-01,493.08,493.08,Paid
PM0012360,P00636,2024-02-01,152.85,152.85,Paid
PM0004950,P00260,2024-01-01,743.27,743.27,Paid
PM0004745,P00249,2026-03-01,320.96,320.96,Paid
PM0004751,P00250,2023-09-01,70.42,70.42,Paid
PM0008319,P00430,2025-05-01,323.55,323.55,Paid
PM0008617,P00444,2025-06-01,160.87,160.87,Paid
PM0007970,P00413,2025-03-01,357.69,357.69,Paid
PM0001002,P00046,2023-10-01,408.98,408.98,Paid
PM0000039,P00004,2025-01-01,648.32,648.32,Paid
PM0004875,P00257,2023-06-01,229.95,229.95,Paid
PM0003660,P00183,2025-03-01,179.81,179.81,Paid
PM0008333,P00430,2026-07-01,323.55,323.55,Paid
PM0011922,P00617,2024-12-01,332.67,332.67,Paid
PM0000615,P00027,2026-04-01,65.33,65.33,Paid
PM0007928,P00411,2025-05-01,189.15,189.15,Paid
PM0009285,P00478,2024-11-01,129.82,0.0,Missed
PM0006243,P00322,2024-05-01,105.73,105.73,Paid
PM0007822,P00404,2025-10-01,661.28,0.0,Missed
PM0006360,P00326,2025-09-01,203.51,203.51,Paid
PM0003563,P00176,2025-08-01,338.9,338.9,Paid
PM0005377,P00284,2024-03-01,554.65,554.65,Paid
PM0004371,P00226,2025-11-01,719.63,719.63,Paid
PM0006947,P00353,2026-05-01,81.36,81.36,Paid
PM0003583,P00180,2026-05-01,348.36,348.36,Paid
PM0011536,P00596,2024-04-01,174.96,174.96,Paid
PM0008597,P00443,2026-05-01,112.5,112.5,Paid
PM0014190,P00730,2024-10-01,362.64,362.64,Paid
PM0005522,P00294,2025-01-01,166.79,166.79,Paid
PM0011308,P00588,2024-08-01,743.35,743.35,Paid
PM0003227,P00162,2023-11-01,283.27,283.27,Paid
PM0002333,P00117,2024-09-01,55.81,55.81,Paid
PM0010746,P00549,2025-01-01,54.97,54.97,Paid
PM0010303,P00529,2024-07-01,279.09,279.09,Paid
PM0014147,P00728,2023-08-01,147.25,147.25,Paid
PM0002059,P00100,2026-07-01,386.41,386.41,Paid
PM0001671,P00078,2023-06-01,500.1,500.1,Paid
PM0001210,P00055,2025-10-01,480.85,480.85,Paid
PM0014031,P00721,2024-10-01,248.01,248.01,Paid
PM0001460,P00068,2023-12-01,397.96,397.96,Paid
PM0014304,P00736,2025-04-01,122.83,122.83,Paid
PM0003958,P00200,2025-12-01,352.42,352.42,Paid
PM0004162,P00214,2024-12-01,377.99,0.0,Missed
PM0002047,P00100,2025-07-01,386.41,386.41,Paid
PM0003549,P00175,2025-07-01,349.51,349.51,Paid
PM0002444,P00124,2026-02-01,714.19,714.19,Paid
PM0000934,P00043,2025-12-01,536.29,536.29,Paid
PM0005191,P00273,2026-01-01,147.79,147.79,Paid
PM0009470,P00487,2023-11-01,378.75,378.75,Paid
PM0007220,P00373,2025-11-01,362.95,254.39,Partial
PM0003336,P00166,2024-11-01,263.35,170.24,Partial
PM0006827,P00347,2026-07-01,629.61,629.61,Paid
PM0000938,P00043,2026-04-01,536.29,536.29,Paid
PM0003973,P00202,2025-12-01,179.65,179.65,Paid
PM0000769,P00035,2025-09-01,139.14,139.14,Paid
PM0003986,P00203,2025-12-01,231.55,231.55,Paid
PM0007831,P00404,2026-07-01,661.28,661.28,Paid
PM0014195,P00730,2025-03-01,362.64,362.64,Paid
PM0001596,P00074,2026-01-01,128.94,128.94,Paid
PM0009219,P00475,2026-06-01,494.52,494.52,Paid
PM0000523,P00025,2025-02-01,170.93,170.93,Paid
PM0013008,P00668,2024-03-01,75.59,75.59,Paid
PM0010164,P00522,2026-04-01,478.26,478.26,Paid
PM0001118,P00051,2025-07-01,272.05,272.05,Paid
PM0014114,P00725,2025-09-01,428.12,428.12,Paid
PM0001179,P00055,2023-03-01,480.85,480.85,Paid
PM0004370,P00226,2025-10-01,719.63,719.63,Paid
PM0012119,P00627,2024-09-01,193.55,193.55,Paid
PM0010966,P00564,2025-07-01,387.81,387.81,Paid
PM0004208,P00220,2025-04-01,204.49,204.49,Paid
PM0000142,P00009,2024-12-01,281.25,281.25,Paid
PM0003574,P00177,2026-07-01,348.59,348.59,Paid
PM0005286,P00278,2024-01-01,317.71,317.71,Paid
PM0007914,P00410,2026-02-01,156.23,156.23,Paid
PM0008458,P00438,2023-05-01,374.73,374.73,Paid
PM0006440,P00328,2025-12-01,68.94,68.94,Paid
PM0001432,P00067,2024-05-01,198.85,198.85,Paid
PM0006388,P00327,2024-12-01,428.66,428.66,Paid
PM0000101,P00007,2026-06-01,495.09,495.09,Paid
PM0000979,P00045,2025-02-01,217.69,217.69,Paid
PM0012668,P00650,2026-01-01,300.09,300.09,Paid
PM0010351,P00532,2023-12-01,412.5,412.5,Paid
PM0013220,P00677,2026-02-01,138.01,0.0,Missed
PM0007756,P00402,2023-11-01,234.54,234.54,Paid
PM0003358,P00167,2023-07-01,379.76,379.76,Paid
PM0014353,P00738,2025-09-01,544.15,544.15,Paid
PM0004073,P00209,2025-12-01,147.59,147.59,Paid
PM0008621,P00444,2025-10-01,160.87,160.87,Paid
PM0001203,P00055,2025-03-01,480.85,480.85,Paid
PM0007404,P00381,2026-07-01,137.11,0.0,Missed
PM0007573,P00391,2025-06-01,341.5,341.5,Paid
PM0013490,P00693,2024-04-01,313.0,313.0,Paid
PM0008984,P00464,2024-11-01,287.74,287.74,Paid
PM0013938,P00714,2026-05-01,47.55,47.55,Paid
PM0008880,P00454,2026-02-01,258.55,258.55,Paid
PM0004175,P00214,2026-01-01,377.99,377.99,Paid
PM0000906,P00042,2025-09-01,284.88,284.88,Paid
PM0013984,P00718,2026-04-01,134.33,134.33,Paid
PM0000982,P00045,2025-05-01,217.69,217.69,Paid
PM0004059,P00208,2026-04-01,180.53,180.53,Paid
PM0009230,P00476,2026-02-01,595.25,595.25,Paid
PM0014239,P00732,2026-03-01,130.64,130.64,Paid
PM0001218,P00055,2026-06-01,480.85,480.85,Paid
PM0006070,P00316,2024-01-01,790.35,790.35,Paid
PM0011395,P00591,2024-12-01,157.95,157.95,Paid
PM0006441,P00328,2026-01-01,68.94,68.94,Paid
PM0013040,P00670,2025-09-01,109.65,109.65,Paid
PM0012826,P00658,2026-01-01,179.53,179.53,Paid
PM0004748,P00249,2026-06-01,320.96,0.0,Missed
PM0001037,P00047,2025-09-01,167.5,167.5,Paid
PM0008389,P00435,2024-03-01,160.67,0.0,Missed
PM0001383,P00066,2023-08-01,343.28,343.28,Paid
PM0008360,P00434,2024-06-01,639.88,639.88,Paid
PM0014095,P00724,2026-02-01,392.33,392.33,Paid
PM0010890,P00557,2025-10-01,321.82,321.82,Paid
PM0003888,P00197,2025-02-01,810.95,372.38,Partial
PM0012303,P00634,2024-04-01,347.04,347.04,Paid
PM0001778,P00082,2024-11-01,174.81,126.4,Partial
PM0001317,P00060,2026-05-01,387.34,387.34,Paid
PM0008132,P00421,2024-11-01,560.92,560.92,Paid
PM0011872,P00614,2026-07-01,82.1,82.1,Paid
PM0002123,P00103,2025-11-01,836.1,836.1,Paid
PM0012674,P00650,2026-07-01,300.09,119.63,Partial
PM0006245,P00322,2024-07-01,105.73,105.73,Paid
PM0009770,P00503,2024-08-01,165.85,165.85,Paid
PM0002206,P00108,2025-09-01,422.63,422.63,Paid
PM0000913,P00042,2026-04-01,284.88,284.88,Paid
PM0012538,P00644,2026-04-01,490.38,195.85,Partial
PM0001312,P00060,2025-12-01,387.34,387.34,Paid
PM0002102,P00103,2024-02-01,836.1,836.1,Paid
PM0008230,P00427,2025-03-01,290.48,290.48,Paid
PM0002180,P00107,2024-09-01,275.31,275.31,Paid
PM0005132,P00271,2024-11-01,286.75,286.75,Paid
PM0007059,P00362,2025-07-01,341.2,341.2,Paid
PM0011128,P00576,2025-02-01,0.0,0.0,Paid
PM0006344,P00326,2024-05-01,203.51,203.51,Paid
PM0011186,P00580,2025-06-01,140.73,140.73,Paid
PM0001000,P00046,2023-08-01,408.98,408.98,Paid
PM0008361,P00434,2024-07-01,639.88,639.88,Paid
PM0008676,P00446,2024-01-01,130.98,130.98,Paid
PM0010724,P00548,2026-07-01,679.35,679.35,Paid
PM0009168,P00473,2023-10-01,102.27,102.27,Paid
PM0009229,P00476,2026-01-01,595.25,0.0,Missed
PM0001515,P00069,2025-05-01,143.01,143.01,Paid
PM0006462,P00330,2026-05-01,839.49,839.49,Paid
PM0002819,P00140,2025-04-01,584.86,584.86,Paid
PM0007308,P00378,2024-09-01,521.31,521.31,Paid
PM0004329,P00225,2025-11-01,210.95,210.95,Paid
PM0004190,P00216,2025-04-01,641.85,0.0,Missed
PM0011337,P00589,2024-04-01,180.3,180.3,Paid
PM0002875,P00143,2025-10-01,472.19,472.19,Paid
PM0009720,P00501,2025-09-01,518.28,0.0,Missed
PM0001385,P00066,2023-10-01,343.28,343.28,Paid
PM0007092,P00364,2026-01-01,492.7,492.7,Paid
PM0002721,P00137,2024-05-01,166.98,166.98,Paid
PM0011572,P00597,2025-12-01,196.66,196.66,Paid
PM0005822,P00306,2024-04-01,227.92,227.92,Paid
PM0004993,P00262,2025-08-01,377.63,377.63,Paid
PM0011336,P00589,2024-03-01,180.3,0.0,Missed
PM0008062,P00417,2025-07-01,219.24,219.24,Paid
PM0002575,P00131,2024-06-01,359.57,359.57,Paid
PM0009201,P00473,2026-07-01,102.27,102.27,Paid
PM0004078,P00210,2023-11-01,422.89,422.89,Paid
PM0003386,P00167,2025-11-01,379.76,379.76,Paid
PM0002256,P00113,2023-08-01,16.19,8.01,Partial
PM0007620,P00393,2026-05-01,834.88,834.88,Paid
PM0007379,P00380,2026-06-01,367.3,367.3,Paid
PM0004590,P00239,2025-06-01,151.43,151.43,Paid
PM0011984,P00619,2026-02-01,377.2,377.2,Paid
PM0007292,P00378,2023-05-01,521.31,521.31,Paid
PM0011246,P00583,2026-03-01,68.95,20.82,Partial
PM0009287,P00478,2025-01-01,129.82,129.82,Paid
PM0002703,P00136,2024-11-01,349.29,349.29,Paid
PM0013939,P00714,2026-06-01,47.55,47.55,Paid
PM0011176,P00578,2026-01-01,315.5,315.5,Paid
PM0006951,P00354,2026-06-01,224.29,224.29,Paid
PM0013281,P00682,2025-11-01,511.43,511.43,Paid
PM0000410,P00020,2024-03-01,573.96,573.96,Paid
PM0012957,P00665,2026-04-01,506.83,506.83,Paid
PM0007025,P00360,2025-05-01,259.6,184.19,Partial
PM0003776,P00190,2024-09-01,488.35,488.35,Paid
PM0007997,P00415,2024-11-01,435.73,435.73,Paid
PM0008455,P00437,2026-07-01,250.12,250.12,Paid
PM0006691,P00341,2025-06-01,207.83,207.83,Paid
PM0004504,P00234,2024-01-01,101.87,101.87,Paid
PM0005558,P00296,2025-09-01,277.13,277.13,Paid
PM0004005,P00205,2025-11-01,590.84,590.84,Paid
PM0004365,P00226,2025-05-01,719.63,719.63,Paid
PM0009173,P00473,2024-03-01,102.27,102.27,Paid
PM0004191,P00216,2025-05-01,641.85,641.85,Paid
PM0010218,P00525,2024-11-01,29.64,29.64,Paid
PM0008592,P00443,2025-12-01,112.5,112.5,Paid
PM0002491,P00127,2024-12-01,117.63,117.63,Paid
PM0014294,P00736,2024-06-01,122.83,122.83,Paid
PM0008412,P00436,2024-04-01,410.56,410.56,Paid
PM0011042,P00570,2025-05-01,159.96,159.96,Paid
PM0003332,P00166,2024-07-01,263.35,263.35,Paid
PM0006428,P00328,2024-12-01,68.94,68.94,Paid
PM0013559,P00695,2026-07-01,547.06,547.06,Paid
PM0004028,P00207,2024-11-01,95.37,95.37,Paid
PM0004766,P00250,2024-12-01,70.42,70.42,Paid
PM0013418,P00687,2024-09-01,157.79,157.79,Paid
PM0006476,P00331,2026-02-01,100.4,100.4,Paid
PM0004739,P00249,2025-09-01,320.96,320.96,Paid
PM0012810,P00657,2025-05-01,126.71,126.71,Paid
PM0004743,P00249,2026-01-01,320.96,320.96,Paid
PM0010868,P00556,2026-04-01,471.16,471.16,Paid
PM0012058,P00624,2025-09-01,918.51,918.51,Paid
PM0005326,P00282,2024-07-01,396.55,396.55,Paid
PM0012689,P00652,2024-02-01,687.04,687.04,Paid
PM0005549,P00295,2026-01-01,314.75,314.75,Paid
PM0005604,P00299,2024-10-01,121.63,121.63,Paid
PM0002813,P00140,2024-10-01,584.86,584.86,Paid
PM0006448,P00329,2025-06-01,424.18,424.18,Paid
PM0001544,P00071,2025-04-01,410.51,410.51,Paid
PM0008963,P00462,2026-05-01,119.01,119.01,Paid
PM0012207,P00631,2024-06-01,315.0,0.0,Missed
PM0007950,P00413,2023-07-01,357.69,357.69,Paid
PM0014336,P00738,2024-04-01,544.15,544.15,Paid
PM0000952,P00044,2025-02-01,205.22,205.22,Paid
PM0001406,P00066,2025-07-01,343.28,343.28,Paid
PM0011097,P00572,2025-10-01,619.24,619.24,Paid
PM0005864,P00308,2025-09-01,245.65,245.65,Paid
PM0008350,P00434,2023-08-01,639.88,639.88,Paid
PM0008492,P00438,2026-03-01,374.73,374.73,Paid
PM0012495,P00641,2026-03-01,309.29,309.29,Paid
PM0006970,P00356,2026-02-01,69.02,69.02,Paid
PM0010580,P00542,2024-07-01,177.89,123.98,Partial
PM0007131,P00367,2026-04-01,613.85,613.85,Paid
PM0006915,P00351,2026-07-01,467.05,467.05,Paid
PM0013001,P00668,2023-08-01,75.59,75.59,Paid
PM0014103,P00725,2024-10-01,428.12,428.12,Paid
PM0012590,P00647,2025-07-01,199.76,199.76,Paid
PM0014180,P00729,2025-12-01,122.57,122.57,Paid
PM0010287,P00528,2026-03-01,91.62,91.62,Paid
PM0010332,P00531,2025-06-01,390.73,390.73,Paid
PM0011592,P00598,2024-02-01,191.48,191.48,Paid
PM0013449,P00689,2025-09-01,39.27,39.27,Paid
PM0009198,P00473,2026-04-01,102.27,102.27,Paid
PM0011374,P00590,2025-06-01,368.18,368.18,Paid
PM0013478,P00693,2023-04-01,313.0,0.0,Missed
PM0008255,P00428,2024-11-01,71.98,71.98,Paid
PM0000666,P00031,2024-08-01,211.73,211.73,Paid
PM0005798,P00305,2025-11-01,258.23,258.23,Paid
PM0013821,P00708,2026-01-01,180.72,180.72,Paid
PM0011848,P00614,2024-07-01,82.1,82.1,Paid
PM0010414,P00534,2025-12-01,79.64,79.64,Paid
PM0009593,P00492,2025-05-01,836.82,836.82,Paid
PM0004585,P00239,2025-01-01,151.43,151.43,Paid
PM0002276,P00113,2025-04-01,16.19,16.19,Paid
PM0001678,P00078,2024-01-01,500.1,500.1,Paid
PM0000091,P00007,2025-08-01,495.09,495.09,Paid
PM0003476,P00171,2025-06-01,608.31,608.31,Paid
PM0010043,P00515,2026-07-01,87.15,87.15,Paid
PM0009257,P00477,2025-01-01,708.84,708.84,Paid
PM0009442,P00485,2026-06-01,288.29,288.29,Paid
PM0003884,P00197,2024-10-01,810.95,810.95,Paid
PM0000507,P00025,2023-10-01,170.93,170.93,Paid
PM0007593,P00392,2025-10-01,138.49,138.49,Paid
PM0006589,P00336,2025-07-01,198.24,198.24,Paid
PM0004300,P00224,2024-11-01,642.21,642.21,Paid
PM0012568,P00646,2025-02-01,72.97,72.97,Paid
PM0010607,P00543,2024-07-01,150.12,0.0,Missed
PM0004915,P00258,2025-03-01,243.18,243.18,Paid
PM0012875,P00661,2024-11-01,413.69,0.0,Missed
PM0010301,P00529,2024-05-01,279.09,279.09,Paid
PM0004664,P00244,2026-02-01,138.03,84.53,Partial
PM0012034,P00623,2025-02-01,255.21,255.21,Paid
PM0013545,P00695,2025-05-01,547.06,547.06,Paid
PM0001691,P00078,2025-02-01,500.1,500.1,Paid
PM0003630,P00182,2026-03-01,226.88,226.88,Paid
PM0001009,P00046,2024-05-01,408.98,408.98,Paid
PM0010928,P00562,2025-01-01,285.53,285.53,Paid
PM0012083,P00625,2024-09-01,177.27,177.27,Paid
PM0011850,P00614,2024-09-01,82.1,82.1,Paid
PM0004269,P00222,2025-04-01,42.17,42.17,Paid
PM0007507,P00389,2024-01-01,270.03,270.03,Paid
PM0011783,P00609,2025-07-01,446.21,446.21,Paid
PM0003165,P00158,2025-10-01,516.23,516.23,Paid
PM0006366,P00326,2026-03-01,203.51,203.51,Paid
PM0002271,P00113,2024-11-01,16.19,6.83,Partial
PM0000686,P00031,2026-04-01,211.73,211.73,Paid
PM0011077,P00571,2026-02-01,296.29,296.29,Paid
PM0008394,P00435,2024-08-01,160.67,126.97,Partial
PM0005182,P00273,2025-04-01,147.79,59.76,Partial
PM0006956,P00355,2025-09-01,70.51,70.51,Paid
PM0005936,P00311,2025-03-01,179.72,179.72,Paid
PM0000552,P00026,2024-06-01,945.63,945.63,Paid
PM0006278,P00323,2026-06-01,267.34,267.34,Paid
PM0011182,P00578,2026-07-01,315.5,0.0,Missed
PM0005425,P00286,2025-02-01,66.09,66.09,Paid
PM0006919,P00352,2023-07-01,441.45,441.45,Paid
PM0010139,P00521,2025-08-01,21.45,21.45,Paid
PM0014281,P00735,2025-12-01,209.61,209.61,Paid
PM0005141,P00271,2025-08-01,286.75,286.75,Paid
PM0014388,P00739,2025-01-01,147.41,147.41,Paid
PM0001763,P00081,2025-06-01,316.18,113.08,Partial
PM0004844,P00255,2024-03-01,444.0,444.0,Paid
PM0010824,P00552,2025-09-01,1031.65,1031.65,Paid
PM0012093,P00625,2025-07-01,177.27,177.27,Paid
PM0008711,P00447,2024-04-01,817.77,817.77,Paid
PM0007854,P00406,2026-03-01,432.77,432.77,Paid
PM0006184,P00320,2024-05-01,149.0,0.0,Missed
PM0012325,P00635,2023-12-01,102.05,41.98,Partial
PM0000576,P00026,2026-06-01,945.63,945.63,Paid
PM0012775,P00656,2026-01-01,63.8,63.8,Paid
PM0008541,P00442,2023-02-01,89.15,89.15,Paid
PM0003281,P00163,2025-03-01,505.44,505.44,Paid
PM0002170,P00107,2023-11-01,275.31,275.31,Paid
PM0009742,P00502,2024-04-01,394.36,394.36,Paid
PM0004803,P00252,2025-09-01,228.86,228.86,Paid
PM0002693,P00135,2026-05-01,168.03,168.03,Paid
PM0008210,P00426,2026-06-01,240.12,191.87,Partial
PM0011029,P00570,2024-04-01,159.96,159.96,Paid
PM0013732,P00704,2025-02-01,243.78,243.78,Paid
PM0000927,P00043,2025-05-01,536.29,536.29,Paid
PM0007732,P00400,2023-09-01,50.63,50.63,Paid
PM0009661,P00496,2026-05-01,340.64,340.64,Paid
PM0009579,P00492,2024-03-01,836.82,836.82,Paid
PM0013232,P00679,2023-08-01,445.32,0.0,Missed
PM0014003,P00720,2024-03-01,339.91,339.91,Paid
PM0011923,P00617,2025-01-01,332.67,332.67,Paid
PM0006393,P00327,2025-05-01,428.66,428.66,Paid
PM0010709,P00548,2025-04-01,679.35,679.35,Paid
PM0013937,P00713,2026-07-01,694.25,694.25,Paid
PM0009847,P00507,2025-11-01,110.0,110.0,Paid
PM0005793,P00305,2025-06-01,258.23,258.23,Paid
PM0013697,P00702,2025-06-01,279.0,279.0,Paid
PM0001768,P00081,2025-11-01,316.18,316.18,Paid
PM0009531,P00489,2025-10-01,516.02,516.02,Paid
PM0011826,P00613,2024-08-01,192.22,192.22,Paid
PM0007139,P00369,2024-10-01,183.55,183.55,Paid
PM0000449,P00021,2025-10-01,195.65,195.65,Paid
PM0008449,P00437,2026-01-01,250.12,250.12,Paid
PM0003083,P00154,2025-10-01,311.67,311.67,Paid
PM0007536,P00389,2026-06-01,270.03,270.03,Paid
PM0009343,P00482,2025-08-01,168.92,168.92,Paid
PM0006992,P00359,2024-03-01,394.21,0.0,Missed
PM0003277,P00163,2024-11-01,505.44,505.44,Paid
PM0005731,P00304,2023-09-01,134.64,134.64,Paid
PM0010974,P00564,2026-03-01,387.81,387.81,Paid
PM0005391,P00284,2025-05-01,554.65,554.65,Paid
PM0001050,P00048,2024-08-01,243.93,243.93,Paid
PM0002220,P00110,2023-10-01,107.57,107.57,Paid
PM0008372,P00434,2025-06-01,639.88,639.88,Paid
PM0000854,P00039,2025-10-01,1099.84,0.0,Missed
PM0001855,P00086,2025-03-01,178.36,178.36,Paid
PM0009137,P00471,2025-08-01,337.78,337.78,Paid
PM0004297,P00224,2024-08-01,642.21,642.21,Paid
PM0007456,P00385,2025-06-01,183.7,183.7,Paid
PM0006583,P00336,2025-01-01,198.24,198.24,Paid
PM0003925,P00199,2024-05-01,381.36,381.36,Paid
PM0008953,P00459,2026-02-01,413.49,413.49,Paid
PM0003624,P00182,2025-09-01,226.88,226.88,Paid
PM0005949,P00311,2026-04-01,179.72,179.72,Paid
PM0006969,P00356,2026-01-01,69.02,69.02,Paid
PM0014466,P00743,2026-07-01,540.59,540.59,Paid
PM0005557,P00296,2025-08-01,277.13,277.13,Paid
PM0003812,P00191,2024-04-01,295.15,295.15,Paid
PM0011037,P00570,2024-12-01,159.96,159.96,Paid
PM0001772,P00081,2026-03-01,316.18,316.18,Paid
PM0012017,P00621,2026-04-01,181.36,0.0,Missed
PM0000877,P00040,2025-08-01,362.78,362.78,Paid
PM0014563,P00749,2025-08-01,243.11,243.11,Paid
PM0006215,P00321,2025-04-01,76.37,76.37,Paid
PM0008783,P00451,2024-12-01,195.14,195.14,Paid
PM0002418,P00123,2026-06-01,697.83,697.83,Paid
PM0014133,P00727,2025-06-01,87.81,87.81,Paid
PM0010147,P00521,2026-04-01,21.45,21.45,Paid
PM0011196,P00580,2026-04-01,140.73,140.73,Paid
PM0005746,P00304,2024-12-01,134.64,134.64,Paid
PM0012426,P00638,2026-03-01,297.67,297.67,Paid
PM0012450,P00639,2025-09-01,117.84,117.84,Paid
PM0014317,P00736,2026-05-01,122.83,122.83,Paid
PM0008481,P00438,2025-04-01,374.73,374.73,Paid
PM0002463,P00125,2025-09-01,143.81,143.81,Paid
PM0014042,P00721,2025-09-01,248.01,248.01,Paid
PM0000226,P00014,2023-08-01,207.74,207.74,Paid
PM0000554,P00026,2024-08-01,945.63,945.63,Paid
PM0000262,P00015,2023-04-01,224.35,224.35,Paid
PM0002504,P00127,2026-01-01,117.63,73.72,Partial
PM0002756,P00138,2025-04-01,75.47,23.78,Partial
PM0008183,P00425,2026-01-01,95.32,95.32,Paid
PM0003121,P00156,2024-09-01,231.94,231.94,Paid
PM0010431,P00535,2024-11-01,145.59,145.59,Paid
PM0002364,P00118,2024-01-01,372.74,372.74,Paid
PM0006629,P00338,2025-02-01,127.34,127.34,Paid
PM0000977,P00045,2024-12-01,217.69,217.69,Paid
PM0003444,P00170,2025-05-01,388.44,388.44,Paid
PM0004198,P00218,2026-02-01,617.01,617.01,Paid
PM0010012,P00515,2023-12-01,87.15,87.15,Paid
PM0008539,P00441,2026-06-01,457.6,457.6,Paid
PM0007110,P00365,2025-11-01,75.89,57.03,Partial
PM0012680,P00651,2026-05-01,263.42,263.42,Paid
PM0012932,P00664,2025-02-01,74.73,74.73,Paid
PM0003176,P00159,2025-02-01,121.97,121.97,Paid
PM0010500,P00537,2025-10-01,570.54,570.54,Paid
PM0011873,P00615,2026-02-01,482.16,482.16,Paid
PM0008112,P00420,2026-03-01,412.33,412.33,Paid
PM0010700,P00548,2024-07-01,679.35,679.35,Paid
PM0009448,P00486,2025-06-01,482.7,0.0,Missed
PM0012785,P00657,2023-04-01,126.71,126.71,Paid
PM0006778,P00345,2025-04-01,661.78,661.78,Paid
PM0003539,P00173,2026-02-01,247.69,247.69,Paid
PM0014075,P00723,2025-11-01,242.27,242.27,Paid
PM0006812,P00347,2025-04-01,629.61,629.61,Paid
PM0008638,P00445,2024-05-01,778.87,0.0,Missed
PM0010645,P00544,2025-02-01,524.96,524.96,Paid
PM0006524,P00334,2024-10-01,525.35,525.35,Paid
PM0006543,P00334,2026-05-01,525.35,525.35,Paid
PM0011026,P00570,2024-01-01,159.96,159.96,Paid
PM0013149,P00674,2025-08-01,176.2,176.2,Paid
PM0010851,P00554,2026-03-01,46.23,0.0,Missed
PM0011072,P00571,2025-09-01,296.29,296.29,Paid
PM0009036,P00468,2024-02-01,439.51,439.51,Paid
PM0006257,P00322,2025-07-01,105.73,105.73,Paid
PM0005623,P00299,2026-05-01,121.63,121.63,Paid
PM0004911,P00257,2026-06-01,229.95,229.95,Paid
PM0002714,P00136,2025-10-01,349.29,349.29,Paid
PM0002800,P00139,2025-10-01,560.94,560.94,Paid
PM0006381,P00327,2024-05-01,428.66,428.66,Paid
PM0011721,P00605,2025-04-01,125.98,125.98,Paid
PM0012163,P00629,2024-11-01,489.53,489.53,Paid
PM0006492,P00332,2025-11-01,122.94,43.44,Partial
PM0008801,P00451,2026-06-01,195.14,195.14,Paid
PM0011032,P00570,2024-07-01,159.96,159.96,Paid
PM0014177,P00729,2025-09-01,122.57,122.57,Paid
PM0006199,P00320,2025-08-01,149.0,149.0,Paid
PM0000319,P00016,2024-11-01,180.43,180.43,Paid
PM0005514,P00292,2026-05-01,607.4,0.0,Missed
PM0013772,P00706,2024-10-01,257.22,257.22,Paid
PM0002095,P00103,2023-07-01,836.1,836.1,Paid
PM0003599,P00181,2026-04-01,134.24,134.24,Paid
PM0001001,P00046,2023-09-01,408.98,408.98,Paid
PM0008061,P00417,2025-06-01,219.24,219.24,Paid
PM0003245,P00162,2025-05-01,283.27,133.24,Partial
PM0006314,P00325,2025-03-01,59.23,59.23,Paid
PM0004200,P00218,2026-04-01,617.01,617.01,Paid
PM0002945,P00147,2025-09-01,719.21,719.21,Paid
PM0004108,P00210,2026-05-01,422.89,422.89,Paid
PM0012267,P00632,2026-01-01,213.13,213.13,Paid
PM0002320,P00116,2025-09-01,303.7,303.7,Paid
PM0001049,P00048,2024-07-01,243.93,243.93,Paid
PM0002399,P00121,2026-06-01,131.46,72.69,Partial
PM0007212,P00373,2025-03-01,362.95,362.95,Paid
PM0007694,P00397,2026-07-01,230.57,230.57,Paid
PM0013992,P00719,2023-10-01,137.75,137.75,Paid
PM0012411,P00638,2024-12-01,297.67,297.67,Paid
PM0006954,P00355,2025-07-01,70.51,41.61,Partial
PM0013631,P00698,2026-06-01,286.36,286.36,Paid
PM0009980,P00513,2026-03-01,80.59,80.59,Paid
PM0003175,P00159,2025-01-01,121.97,121.97,Paid
PM0010394,P00533,2026-01-01,513.85,513.85,Paid
PM0007745,P00400,2024-10-01,50.63,19.68,Partial
PM0000802,P00037,2024-01-01,530.5,530.5,Paid
PM0013407,P00687,2023-10-01,157.79,157.79,Paid
PM0012710,P00652,2025-11-01,687.04,687.04,Paid
PM0009193,P00473,2025-11-01,102.27,102.27,Paid
PM0005622,P00299,2026-04-01,121.63,121.63,Paid
PM0006806,P00347,2024-10-01,629.61,629.61,Paid
PM0003572,P00177,2026-05-01,348.59,348.59,Paid
PM0001213,P00055,2026-01-01,480.85,480.85,Paid
PM0006266,P00322,2026-04-01,105.73,105.73,Paid
PM0011377,P00590,2025-09-01,368.18,368.18,Paid
PM0005153,P00272,2024-05-01,176.81,176.81,Paid
PM0005083,P00267,2025-08-01,86.79,86.79,Paid
PM0007449,P00385,2024-11-01,183.7,183.7,Paid
PM0003228,P00162,2023-12-01,283.27,283.27,Paid
PM0002500,P00127,2025-09-01,117.63,117.63,Paid
PM0007086,P00364,2025-07-01,492.7,492.7,Paid
PM0012051,P00623,2026-07-01,255.21,255.21,Paid
PM0006545,P00334,2026-07-01,525.35,525.35,Paid
PM0012209,P00631,2024-08-01,315.0,315.0,Paid
PM0013332,P00684,2024-08-01,128.15,128.15,Paid
PM0005126,P00271,2024-05-01,286.75,156.1,Partial
PM0008159,P00422,2026-07-01,289.52,289.52,Paid
PM0002193,P00107,2025-10-01,275.31,275.31,Paid
PM0001867,P00088,2023-12-01,442.24,442.24,Paid
PM0014506,P00747,2024-04-01,149.96,149.96,Paid
PM0014349,P00738,2025-05-01,544.15,544.15,Paid
PM0005414,P00285,2025-01-01,357.44,357.44,Paid
PM0008993,P00466,2023-07-01,167.02,167.02,Paid
PM0001094,P00050,2024-08-01,405.72,405.72,Paid
PM0013954,P00715,2025-05-01,259.73,259.73,Paid
PM0000078,P00007,2024-07-01,495.09,495.09,Paid
PM0003068,P00152,2026-02-01,108.42,108.42,Paid
PM0012041,P00623,2025-09-01,255.21,255.21,Paid
PM0000176,P00010,2025-07-01,181.56,181.56,Paid
PM0009992,P00514,2025-07-01,208.68,208.68,Paid
PM0002508,P00127,2026-05-01,117.63,117.63,Paid
PM0008996,P00466,2023-10-01,167.02,167.02,Paid
PM0012441,P00639,2024-12-01,117.84,39.75,Partial
PM0013583,P00696,2026-03-01,104.7,104.7,Paid
PM0006723,P00343,2024-09-01,97.41,97.41,Paid
PM0005289,P00279,2023-09-01,341.33,341.33,Paid
PM0006361,P00326,2025-10-01,203.51,203.51,Paid
PM0013613,P00698,2024-12-01,286.36,286.36,Paid
PM0002481,P00127,2024-02-01,117.63,117.63,Paid
PM0008923,P00458,2026-06-01,109.32,109.32,Paid
PM0013026,P00668,2025-09-01,75.59,0.0,Missed
PM0007509,P00389,2024-03-01,270.03,270.03,Paid
PM0008145,P00421,2025-12-01,560.92,560.92,Paid
PM0000208,P00013,2025-07-01,149.19,149.19,Paid
PM0000531,P00025,2025-10-01,170.93,170.93,Paid
PM0000086,P00007,2025-03-01,495.09,495.09,Paid
PM0003589,P00181,2025-06-01,134.24,134.24,Paid
PM0000169,P00010,2024-12-01,181.56,181.56,Paid
PM0008824,P00452,2025-08-01,196.49,196.49,Paid
PM0010603,P00542,2026-06-01,177.89,177.89,Paid
PM0010594,P00542,2025-09-01,177.89,177.89,Paid
PM0009703,P00500,2025-10-01,102.77,102.77,Paid
PM0008294,P00429,2025-09-01,306.99,306.99,Paid
PM0004273,P00222,2025-08-01,42.17,42.17,Paid
PM0009415,P00485,2024-03-01,288.29,288.29,Paid
PM0000888,P00040,2026-07-01,362.78,362.78,Paid
PM0004018,P00207,2024-01-01,95.37,95.37,Paid
PM0007051,P00362,2024-11-01,341.2,341.2,Paid
PM0000299,P00015,2026-05-01,224.35,224.35,Paid
PM0013172,P00675,2026-05-01,119.39,119.39,Paid
PM0003002,P00149,2025-10-01,166.92,166.92,Paid
PM0000313,P00016,2024-05-01,180.43,180.43,Paid
PM0004904,P00257,2025-11-01,229.95,229.95,Paid
PM0001789,P00082,2025-10-01,174.81,174.81,Paid
PM0004172,P00214,2025-10-01,377.99,377.99,Paid
PM0003067,P00152,2026-01-01,108.42,108.42,Paid
PM0008313,P00430,2024-11-01,323.55,323.55,Paid
PM0001295,P00059,2025-03-01,134.5,134.5,Paid
PM0001119,P00051,2025-08-01,272.05,272.05,Paid
PM0012925,P00664,2024-07-01,74.73,74.73,Paid
PM0009068,P00469,2023-07-01,458.43,458.43,Paid
PM0004902,P00257,2025-09-01,229.95,229.95,Paid
PM0014218,P00732,2024-06-01,130.64,130.64,Paid
PM0013816,P00708,2025-08-01,180.72,180.72,Paid
PM0000175,P00010,2025-06-01,181.56,181.56,Paid
PM0001579,P00073,2025-08-01,35.19,35.19,Paid
PM0004492,P00233,2025-09-01,70.1,70.1,Paid
PM0011561,P00596,2026-05-01,174.96,174.96,Paid
PM0012751,P00655,2024-09-01,156.78,156.78,Paid
PM0006829,P00348,2025-05-01,467.75,467.75,Paid
PM0005807,P00306,2023-01-01,227.92,227.92,Paid
PM0012883,P00661,2025-07-01,413.69,413.69,Paid
PM0009281,P00478,2024-07-01,129.82,129.82,Paid
PM0008739,P00449,2025-05-01,33.62,0.0,Missed
PM0003170,P00158,2026-03-01,516.23,516.23,Paid
PM0004087,P00210,2024-08-01,422.89,422.89,Paid
PM0002374,P00118,2024-11-01,372.74,157.39,Partial
PM0002612,P00132,2024-01-01,323.1,0.0,Missed
PM0013283,P00682,2026-01-01,511.43,511.43,Paid
PM0013225,P00677,2026-07-01,138.01,138.01,Paid
PM0010686,P00545,2026-07-01,191.08,191.08,Paid
PM0007604,P00393,2025-01-01,834.88,834.88,Paid
PM0009737,P00502,2023-11-01,394.36,394.36,Paid
PM0005722,P00303,2026-01-01,242.73,242.73,Paid
PM0007934,P00411,2025-11-01,189.15,189.15,Paid
PM0004622,P00241,2025-10-01,232.67,232.67,Paid
PM0012123,P00627,2025-01-01,193.55,193.55,Paid
PM0003915,P00198,2026-06-01,269.68,269.68,Paid
PM0011859,P00614,2025-06-01,82.1,82.1,Paid
PM0008689,P00446,2025-02-01,130.98,130.98,Paid
PM0002049,P00100,2025-09-01,386.41,386.41,Paid
PM0005806,P00305,2026-07-01,258.23,258.23,Paid
PM0004530,P00234,2026-03-01,101.87,101.87,Paid
PM0005250,P00275,2025-03-01,181.0,181.0,Paid
PM0006511,P00334,2023-09-01,525.35,525.35,Paid
PM0014229,P00732,2025-05-01,130.64,130.64,Paid
PM0004849,P00255,2024-08-01,444.0,444.0,Paid
PM0004453,P00232,2023-09-01,449.75,449.75,Paid
PM0010862,P00555,2026-05-01,216.39,216.39,Paid
PM0013577,P00696,2025-09-01,104.7,0.0,Missed
PM0005776,P00305,2024-01-01,258.23,258.23,Paid
PM0012496,P00641,2026-04-01,309.29,309.29,Paid
PM0008442,P00437,2025-06-01,250.12,250.12,Paid
PM0010449,P00535,2026-05-01,145.59,145.59,Paid
PM0006322,P00325,2025-11-01,59.23,59.23,Paid
PM0001591,P00074,2025-08-01,128.94,128.94,Paid
PM0003871,P00196,2026-07-01,49.34,49.34,Paid
PM0007401,P00381,2026-04-01,137.11,137.11,Paid
PM0009888,P00509,2025-02-01,191.4,74.85,Partial
PM0007396,P00381,2025-11-01,137.11,137.11,Paid
PM0011402,P00591,2025-07-01,157.95,157.95,Paid
PM0009719,P00501,2025-08-01,518.28,518.28,Paid
PM0011459,P00593,2024-12-01,142.88,142.88,Paid
PM0008005,P00415,2025-07-01,435.73,435.73,Paid
PM0001422,P00067,2023-07-01,198.85,198.85,Paid
PM0006456,P00329,2026-02-01,424.18,424.18,Paid
PM0007554,P00390,2025-02-01,351.42,351.42,Paid
PM0012880,P00661,2025-04-01,413.69,413.69,Paid
PM0000834,P00038,2025-08-01,422.3,422.3,Paid
PM0003735,P00186,2024-10-01,100.78,100.78,Paid
PM0002442,P00124,2025-12-01,714.19,714.19,Paid
PM0009169,P00473,2023-11-01,102.27,102.27,Paid
PM0001665,P00077,2026-04-01,179.71,179.71,Paid
PM0003037,P00151,2026-07-01,399.27,399.27,Paid
PM0006420,P00328,2024-04-01,68.94,68.94,Paid
PM0011073,P00571,2025-10-01,296.29,296.29,Paid
PM0002476,P00126,2026-03-01,184.68,184.68,Paid
PM0010267,P00527,2025-07-01,559.89,0.0,Missed
PM0007497,P00389,2023-03-01,270.03,270.03,Paid
PM0005813,P00306,2023-07-01,227.92,227.92,Paid
PM0000865,P00040,2024-08-01,362.78,362.78,Paid
PM0004335,P00225,2026-05-01,210.95,210.95,Paid
PM0007677,P00397,2025-02-01,230.57,230.57,Paid
PM0002402,P00122,2026-02-01,263.2,263.2,Paid
PM0002029,P00099,2025-12-01,706.95,706.95,Paid
PM0002233,P00112,2024-11-01,402.19,402.19,Paid
PM0008810,P00452,2024-06-01,196.49,196.49,Paid
PM0009290,P00478,2025-04-01,129.82,129.82,Paid
PM0005823,P00306,2024-05-01,227.92,227.92,Paid
PM0013809,P00708,2025-01-01,180.72,180.72,Paid
PM0009769,P00503,2024-07-01,165.85,165.85,Paid
PM0013205,P00677,2024-11-01,138.01,138.01,Paid
PM0007502,P00389,2023-08-01,270.03,270.03,Paid
PM0014553,P00749,2024-10-01,243.11,243.11,Paid
PM0010409,P00534,2025-07-01,79.64,79.64,Paid
PM0004826,P00254,2025-02-01,311.13,311.13,Paid
PM0006737,P00343,2025-11-01,97.41,97.41,Paid
PM0009187,P00473,2025-05-01,102.27,0.0,Missed
PM0005026,P00264,2026-01-01,170.2,170.2,Paid
PM0013150,P00674,2025-09-01,176.2,176.2,Paid
PM0006976,P00357,2025-07-01,429.74,429.74,Paid
PM0004128,P00211,2024-07-01,481.39,481.39,Paid
PM0007391,P00381,2025-06-01,137.11,137.11,Paid
PM0001465,P00068,2024-05-01,397.96,397.96,Paid
PM0010444,P00535,2025-12-01,145.59,145.59,Paid
PM0011693,P00604,2024-12-01,1040.1,1040.1,Paid
PM0000771,P00035,2025-11-01,139.14,139.14,Paid
PM0012299,P00634,2023-12-01,347.04,347.04,Paid
PM0002270,P00113,2024-10-01,16.19,16.19,Paid
PM0004127,P00211,2024-06-01,481.39,481.39,Paid
PM0005856,P00307,2025-02-01,191.08,191.08,Paid
PM0003934,P00200,2023-12-01,352.42,214.03,Partial
PM0007123,P00367,2025-08-01,613.85,613.85,Paid
PM0005180,P00273,2025-02-01,147.79,147.79,Paid
PM0003138,P00156,2026-02-01,231.94,231.94,Paid
PM0004952,P00260,2024-03-01,743.27,743.27,Paid
PM0010678,P00545,2025-11-01,191.08,191.08,Paid
PM0000621,P00028,2023-07-01,101.58,101.58,Paid
PM0005424,P00285,2025-11-01,357.44,357.44,Paid
PM0005492,P00290,2025-08-01,564.15,564.15,Paid
PM0010000,P00514,2026-03-01,208.68,208.68,Paid
PM0005064,P00266,2026-06-01,547.51,547.51,Paid
PM0012611,P00649,2024-05-01,246.64,190.67,Partial
PM0001525,P00069,2026-03-01,143.01,143.01,Paid
PM0004941,P00259,2025-11-01,584.68,584.68,Paid
PM0009938,P00511,2025-05-01,105.47,105.47,Paid
PM0005821,P00306,2024-03-01,227.92,227.92,Paid
PM0006574,P00336,2024-04-01,198.24,198.24,Paid
PM0011068,P00571,2025-05-01,296.29,296.29,Paid
PM0013948,P00715,2024-11-01,259.73,0.0,Missed
PM0006167,P00319,2025-12-01,375.44,375.44,Paid
PM0002058,P00100,2026-06-01,386.41,386.41,Paid
PM0008045,P00416,2025-08-01,127.49,127.49,Paid
PM0001223,P00056,2024-09-01,259.01,259.01,Paid
PM0005484,P00290,2024-12-01,564.15,564.15,Paid
PM0013950,P00715,2025-01-01,259.73,259.73,Paid
PM0005687,P00302,2025-11-01,293.34,293.34,Paid
PM0003757,P00187,2026-07-01,763.46,763.46,Paid
PM0002822,P00140,2025-07-01,584.86,584.86,Paid
PM0005190,P00273,2025-12-01,147.79,147.79,Paid
PM0010175,P00523,2025-10-01,185.15,185.15,Paid
PM0000489,P00024,2025-09-01,108.85,108.85,Paid
PM0009986,P00514,2025-01-01,208.68,208.68,Paid
PM0008257,P00428,2025-01-01,71.98,71.98,Paid
PM0006686,P00341,2025-01-01,207.83,207.83,Paid
PM0000278,P00015,2024-08-01,224.35,224.35,Paid
PM0002325,P00116,2026-02-01,303.7,303.7,Paid
PM0010309,P00529,2025-01-01,279.09,279.09,Paid
PM0006820,P00347,2025-12-01,629.61,629.61,Paid
PM0008829,P00452,2026-01-01,196.49,196.49,Paid
PM0013685,P00701,2025-09-01,331.54,331.54,Paid
PM0007020,P00359,2026-07-01,394.21,394.21,Paid
PM0002339,P00117,2025-03-01,55.81,55.81,Paid
PM0014126,P00726,2026-02-01,178.8,178.8,Paid
PM0010494,P00537,2025-04-01,570.54,570.54,Paid
PM0002719,P00137,2024-03-01,166.98,166.98,Paid
PM0014586,P00750,2025-01-01,685.98,685.98,Paid
PM0008001,P00415,2025-03-01,435.73,435.73,Paid
PM0014197,P00730,2025-05-01,362.64,362.64,Paid
PM0002380,P00119,2024-11-01,67.83,67.83,Paid
PM0010077,P00518,2026-04-01,67.39,67.39,Paid
PM0009967,P00513,2025-02-01,80.59,80.59,Paid
PM0012427,P00638,2026-04-01,297.67,297.67,Paid
PM0001711,P00079,2025-04-01,234.25,171.41,Partial
PM0007633,P00395,2024-03-01,209.53,0.0,Missed
PM0009930,P00511,2024-09-01,105.47,105.47,Paid
PM0014510,P00747,2024-08-01,149.96,149.96,Paid
PM0006747,P00344,2025-07-01,925.69,925.69,Paid
PM0012739,P00654,2024-11-01,170.82,170.82,Paid
PM0004189,P00216,2025-03-01,641.85,641.85,Paid
PM0000859,P00039,2026-03-01,1099.84,1099.84,Paid
PM0013610,P00698,2024-09-01,286.36,286.36,Paid
PM0006614,P00337,2026-03-01,119.24,119.24,Paid
PM0013777,P00706,2025-03-01,257.22,257.22,Paid
PM0000225,P00014,2023-07-01,207.74,207.74,Paid
PM0008060,P00417,2025-05-01,219.24,219.24,Paid
PM0004870,P00255,2026-05-01,444.0,444.0,Paid
PM0002918,P00145,2025-06-01,294.38,294.38,Paid
PM0014478,P00744,2024-02-01,326.31,326.31,Paid
PM0003124,P00156,2024-12-01,231.94,231.94,Paid
PM0012579,P00646,2026-01-01,72.97,72.97,Paid
PM0014156,P00728,2024-05-01,147.25,147.25,Paid
PM0005629,P00300,2025-05-01,297.62,297.62,Paid
PM0011218,P00581,2026-02-01,101.16,101.16,Paid
PM0005662,P00301,2024-11-01,157.4,157.4,Paid
PM0006213,P00321,2025-02-01,76.37,76.37,Paid
PM0009601,P00492,2026-01-01,836.82,836.82,Paid
PM0010590,P00542,2025-05-01,177.89,177.89,Paid
PM0014544,P00748,2026-02-01,233.16,233.16,Paid
PM0009166,P00472,2026-06-01,256.58,256.58,Paid
PM0010191,P00524,2025-02-01,189.03,189.03,Paid
PM0014101,P00725,2024-08-01,428.12,428.12,Paid
PM0009587,P00492,2024-11-01,836.82,836.82,Paid
PM0004204,P00219,2026-04-01,185.42,185.42,Paid
PM0006788,P00345,2026-02-01,661.78,661.78,Paid
PM0013671,P00700,2025-06-01,330.96,330.96,Paid
PM0003845,P00192,2026-07-01,187.23,187.23,Paid
PM0011434,P00592,2025-10-01,136.15,136.15,Paid
PM0002558,P00130,2025-08-01,248.96,248.96,Paid
PM0012551,P00645,2025-06-01,187.95,187.95,Paid
PM0003310,P00165,2025-03-01,882.81,882.81,Paid
PM0004715,P00248,2025-12-01,168.99,168.99,Paid
PM0003821,P00191,2025-01-01,295.15,295.15,Paid
PM0010078,P00518,2026-05-01,67.39,67.39,Paid
PM0014324,P00737,2026-01-01,66.99,66.99,Paid
PM0003810,P00191,2024-02-01,295.15,295.15,Paid
PM0012722,P00653,2025-06-01,211.59,211.59,Paid
PM0005355,P00283,2025-06-01,36.5,36.5,Paid
PM0003448,P00170,2025-09-01,388.44,388.44,Paid
PM0011976,P00619,2025-06-01,377.2,377.2,Paid
PM0013329,P00684,2024-05-01,128.15,128.15,Paid
PM0000166,P00010,2024-09-01,181.56,181.56,Paid
PM0007096,P00364,2026-05-01,492.7,492.7,Paid
PM0006864,P00350,2025-08-01,338.69,338.69,Paid
PM0007284,P00377,2026-04-01,131.15,131.15,Paid
PM0007448,P00385,2024-10-01,183.7,183.7,Paid
PM0013820,P00708,2025-12-01,180.72,180.72,Paid
PM0007097,P00364,2026-06-01,492.7,492.7,Paid
PM0004432,P00229,2026-04-01,486.41,0.0,Missed
PM0012295,P00634,2023-08-01,347.04,347.04,Paid
PM0004989,P00262,2025-04-01,377.63,377.63,Paid
PM0002521,P00128,2026-06-01,223.26,223.26,Paid
PM0000160,P00009,2026-06-01,281.25,0.0,Missed
PM0003526,P00173,2025-01-01,247.69,247.69,Paid
PM0006149,P00318,2024-12-01,212.45,212.45,Paid
PM0005727,P00303,2026-06-01,242.73,135.64,Partial
PM0007591,P00392,2025-08-01,138.49,138.49,Paid
PM0002708,P00136,2025-04-01,349.29,349.29,Paid
PM0007621,P00393,2026-06-01,834.88,834.88,Paid
PM0003030,P00151,2025-12-01,399.27,399.27,Paid
PM0002904,P00144,2024-09-01,499.74,499.74,Paid
PM0000103,P00008,2024-03-01,317.11,317.11,Paid
PM0004262,P00222,2024-09-01,42.17,42.17,Paid
PM0010173,P00523,2025-08-01,185.15,185.15,Paid
PM0014062,P00723,2024-10-01,242.27,242.27,Paid
PM0010897,P00558,2026-07-01,385.89,385.89,Paid
PM0010024,P00515,2024-12-01,87.15,87.15,Paid
PM0012922,P00664,2024-04-01,74.73,50.06,Partial
PM0005475,P00290,2024-03-01,564.15,564.15,Paid
PM0009573,P00492,2023-09-01,836.82,836.82,Paid
PM0009895,P00509,2025-09-01,191.4,191.4,Paid
PM0011181,P00578,2026-06-01,315.5,315.5,Paid
PM0003600,P00181,2026-05-01,134.24,134.24,Paid
PM0003968,P00201,2026-07-01,125.01,125.01,Paid
PM0008495,P00438,2026-06-01,374.73,374.73,Paid
PM0005781,P00305,2024-06-01,258.23,258.23,Paid
PM0003641,P00183,2023-08-01,179.81,179.81,Paid
PM0000632,P00028,2024-06-01,101.58,0.0,Missed
PM0014565,P00749,2025-10-01,243.11,243.11,Paid
PM0010421,P00534,2026-07-01,79.64,79.64,Paid
PM0006988,P00357,2026-07-01,429.74,429.74,Paid
PM0005969,P00312,2024-08-01,199.07,199.07,Paid
PM0012337,P00635,2024-12-01,102.05,102.05,Paid
PM0005755,P00304,2025-09-01,134.64,134.64,Paid
PM0001538,P00070,2025-12-01,85.97,85.97,Paid
PM0001863,P00087,2025-10-01,154.82,154.82,Paid
PM0008402,P00436,2023-06-01,410.56,0.0,Missed
PM0006877,P00351,2023-05-01,467.05,467.05,Paid
PM0002882,P00143,2026-05-01,472.19,472.19,Paid
PM0002845,P00142,2025-10-01,318.6,318.6,Paid
PM0011574,P00597,2026-02-01,196.66,196.66,Paid
PM0011178,P00578,2026-03-01,315.5,315.5,Paid
PM0006142,P00318,2024-05-01,212.45,212.45,Paid
PM0003917,P00199,2023-09-01,381.36,0.0,Missed
PM0013841,P00709,2025-08-01,262.63,262.63,Paid
PM0009481,P00487,2024-10-01,378.75,378.75,Paid
PM0004131,P00211,2024-10-01,481.39,481.39,Paid
PM0003682,P00184,2023-11-01,406.16,406.16,Paid
PM0005530,P00294,2025-09-01,166.79,166.79,Paid
PM0007786,P00402,2026-05-01,234.54,234.54,Paid
PM0004326,P00225,2025-08-01,210.95,210.95,Paid
PM0008393,P00435,2024-07-01,160.67,160.67,Paid
PM0013198,P00676,2026-02-01,349.53,349.53,Paid
PM0008958,P00460,2026-05-01,391.0,391.0,Paid
PM0005139,P00271,2025-06-01,286.75,286.75,Paid
PM0005951,P00311,2026-06-01,179.72,179.72,Paid
PM0000504,P00025,2023-07-01,170.93,170.93,Paid
PM0012075,P00625,2024-01-01,177.27,177.27,Paid
PM0010954,P00563,2024-05-01,142.21,142.21,Paid
PM0005612,P00299,2025-06-01,121.63,121.63,Paid
PM0008626,P00444,2026-03-01,160.87,160.87,Paid
PM0000068,P00005,2026-03-01,182.33,113.79,Partial
PM0008368,P00434,2025-02-01,639.88,639.88,Paid
PM0001694,P00078,2025-05-01,500.1,500.1,Paid
PM0005809,P00306,2023-03-01,227.92,227.92,Paid
PM0001168,P00054,2025-06-01,148.34,148.34,Paid
PM0008199,P00426,2025-07-01,240.12,240.12,Paid
PM0007320,P00378,2025-09-01,521.31,521.31,Paid
PM0012978,P00667,2025-04-01,232.57,232.57,Paid
PM0010976,P00564,2026-05-01,387.81,387.81,Paid
PM0005859,P00308,2025-04-01,245.65,245.65,Paid
PM0011730,P00605,2026-01-01,125.98,125.98,Paid
PM0008906,P00457,2025-10-01,138.98,138.98,Paid
PM0000968,P00044,2026-06-01,205.22,205.22,Paid
PM0012526,P00643,2026-02-01,269.85,269.85,Paid
PM0010298,P00529,2024-02-01,279.09,279.09,Paid
PM0004667,P00244,2026-05-01,138.03,138.03,Paid
PM0005134,P00271,2025-01-01,286.75,286.75,Paid
PM0013717,P00703,2025-05-01,218.62,218.62,Paid
PM0014279,P00735,2025-10-01,209.61,209.61,Paid
PM0003199,P00160,2024-07-01,411.19,411.19,Paid
PM0009264,P00477,2025-08-01,708.84,708.84,Paid
PM0007500,P00389,2023-06-01,270.03,270.03,Paid
PM0003331,P00166,2024-06-01,263.35,263.35,Paid
PM0008631,P00445,2023-10-01,778.87,778.87,Paid
PM0013778,P00706,2025-04-01,257.22,257.22,Paid
PM0013209,P00677,2025-03-01,138.01,138.01,Paid
PM0008627,P00444,2026-04-01,160.87,160.87,Paid
PM0007040,P00361,2025-02-01,166.15,166.15,Paid
PM0002305,P00116,2024-06-01,303.7,303.7,Paid
PM0010549,P00540,2026-01-01,203.54,203.54,Paid
PM0013234,P00679,2023-10-01,445.32,445.32,Paid
PM0011741,P00607,2025-04-01,143.64,143.64,Paid
PM0001393,P00066,2024-06-01,343.28,343.28,Paid
PM0007160,P00369,2026-07-01,183.55,183.55,Paid
PM0002847,P00142,2025-12-01,318.6,318.6,Paid
PM0011122,P00575,2026-04-01,332.65,0.0,Missed
PM0003732,P00186,2024-07-01,100.78,100.78,Paid
PM0012528,P00643,2026-04-01,269.85,269.85,Paid
PM0002757,P00138,2025-05-01,75.47,75.47,Paid
PM0004811,P00252,2026-05-01,228.86,228.86,Paid
PM0002312,P00116,2025-01-01,303.7,303.7,Paid
PM0006073,P00316,2024-04-01,790.35,790.35,Paid
PM0011208,P00581,2025-04-01,101.16,101.16,Paid
PM0001888,P00091,2026-01-01,92.93,92.93,Paid
PM0011995,P00620,2025-12-01,494.94,494.94,Paid
PM0005296,P00279,2024-04-01,341.33,341.33,Paid
PM0009544,P00490,2025-06-01,45.05,45.05,Paid
PM0008086,P00418,2024-02-01,476.51,0.0,Missed
PM0007045,P00362,2024-05-01,341.2,341.2,Paid
PM0013432,P00687,2025-11-01,157.79,157.79,Paid
PM0008456,P00438,2023-03-01,374.73,243.19,Partial
PM0008764,P00451,2023-05-01,195.14,195.14,Paid
PM0005509,P00291,2026-04-01,353.26,353.26,Paid
PM0012634,P00649,2026-04-01,246.64,246.64,Paid
PM0004219,P00221,2023-02-01,354.54,354.54,Paid
PM0002761,P00138,2025-09-01,75.47,75.47,Paid
PM0002554,P00130,2025-04-01,248.96,248.96,Paid
PM0013844,P00709,2025-11-01,262.63,262.63,Paid
PM0001934,P00094,2025-03-01,269.34,269.34,Paid
PM0012428,P00638,2026-05-01,297.67,297.67,Paid
PM0010384,P00533,2025-03-01,513.85,513.85,Paid
PM0007378,P00380,2026-05-01,367.3,367.3,Paid
PM0003084,P00154,2025-11-01,311.67,311.67,Paid
PM0009120,P00471,2024-03-01,337.78,157.02,Partial
PM0014172,P00729,2025-04-01,122.57,122.57,Paid
PM0010226,P00525,2025-07-01,29.64,29.64,Paid
PM0008630,P00444,2026-07-01,160.87,160.87,Paid
PM0007470,P00386,2026-03-01,156.89,156.89,Paid
PM0013295,P00683,2024-06-01,256.4,256.4,Paid
PM0006193,P00320,2025-02-01,149.0,149.0,Paid
PM0005220,P00274,2026-04-01,208.87,208.87,Paid
PM0010758,P00549,2026-01-01,54.97,54.97,Paid
PM0013060,P00671,2024-06-01,377.8,377.8,Paid
PM0011481,P00594,2025-02-01,182.88,182.88,Paid
PM0008525,P00441,2025-04-01,457.6,457.6,Paid
PM0010643,P00544,2024-12-01,524.96,524.96,Paid
PM0012505,P00642,2025-10-01,421.15,0.0,Missed
PM0005140,P00271,2025-07-01,286.75,286.75,Paid
PM0002654,P00133,2024-10-01,144.56,144.56,Paid
PM0014000,P00720,2023-12-01,339.91,339.91,Paid
PM0004845,P00255,2024-04-01,444.0,444.0,Paid
PM0005953,P00312,2023-04-01,199.07,199.07,Paid
PM0008832,P00452,2026-04-01,196.49,196.49,Paid
PM0004996,P00262,2025-11-01,377.63,377.63,Paid
PM0007678,P00397,2025-03-01,230.57,230.57,Paid
PM0008730,P00449,2024-08-01,33.62,33.62,Paid
PM0007017,P00359,2026-04-01,394.21,159.63,Partial
PM0009929,P00511,2024-08-01,105.47,105.47,Paid
PM0012714,P00652,2026-03-01,687.04,687.04,Paid
PM0007987,P00414,2026-02-01,136.66,136.66,Paid
PM0002018,P00098,2026-01-01,246.27,246.27,Paid
PM0009898,P00509,2025-12-01,191.4,191.4,Paid
PM0013721,P00703,2025-09-01,218.62,218.62,Paid
PM0010079,P00518,2026-06-01,67.39,67.39,Paid
PM0004674,P00245,2026-01-01,696.24,696.24,Paid
PM0001765,P00081,2025-08-01,316.18,316.18,Paid
PM0012514,P00642,2026-07-01,421.15,421.15,Paid
PM0006667,P00341,2023-06-01,207.83,207.83,Paid
PM0013801,P00707,2026-05-01,442.88,442.88,Paid
PM0013302,P00683,2025-01-01,256.4,256.4,Paid
PM0007479,P00387,2025-06-01,344.41,344.41,Paid
PM0009353,P00482,2026-06-01,168.92,168.92,Paid
PM0004058,P00208,2026-03-01,180.53,180.53,Paid
PM0004164,P00214,2025-02-01,377.99,377.99,Paid
PM0006922,P00353,2024-04-01,81.36,81.36,Paid
PM0010605,P00543,2024-05-01,150.12,150.12,Paid
PM0014325,P00737,2026-02-01,66.99,66.99,Paid
PM0004895,P00257,2025-02-01,229.95,229.95,Paid
PM0013485,P00693,2023-11-01,313.0,313.0,Paid
PM0012713,P00652,2026-02-01,687.04,687.04,Paid
PM0007511,P00389,2024-05-01,270.03,270.03,Paid
PM0009744,P00502,2024-06-01,394.36,394.36,Paid
PM0012348,P00635,2025-11-01,102.05,102.05,Paid
PM0013341,P00684,2025-05-01,128.15,128.15,Paid
PM0005786,P00305,2024-11-01,258.23,258.23,Paid
PM0013388,P00686,2025-08-01,187.22,187.22,Paid
PM0012440,P00639,2024-11-01,117.84,117.84,Paid
PM0004574,P00239,2024-02-01,151.43,151.43,Paid
PM0012857,P00660,2025-07-01,245.23,245.23,Paid
PM0005231,P00275,2023-08-01,181.0,91.95,Partial
PM0000045,P00004,2025-07-01,648.32,648.32,Paid
PM0005380,P00284,2024-06-01,554.65,554.65,Paid
PM0008328,P00430,2026-02-01,323.55,323.55,Paid
PM0009776,P00503,2025-02-01,165.85,165.85,Paid
PM0012245,P00632,2024-03-01,213.13,213.13,Paid
PM0014259,P00734,2025-07-01,137.75,137.75,Paid
PM0010711,P00548,2025-06-01,679.35,679.35,Paid
PM0001010,P00046,2024-06-01,408.98,408.98,Paid
PM0006364,P00326,2026-01-01,203.51,203.51,Paid
PM0001283,P00059,2024-03-01,134.5,134.5,Paid
PM0001784,P00082,2025-05-01,174.81,174.81,Paid
PM0005638,P00300,2026-02-01,297.62,297.62,Paid
PM0012466,P00640,2025-05-01,172.35,172.35,Paid
PM0000156,P00009,2026-02-01,281.25,90.4,Partial
PM0001842,P00085,2026-01-01,176.78,176.78,Paid
PM0002567,P00130,2026-05-01,248.96,248.96,Paid
PM0000427,P00021,2023-12-01,195.65,0.0,Missed
PM0011353,P00589,2025-08-01,180.3,180.3,Paid
PM0005838,P00306,2025-08-01,227.92,227.92,Paid
PM0007866,P00408,2024-11-01,137.55,137.55,Paid
PM0007189,P00370,2026-05-01,138.19,138.19,Paid
PM0005480,P00290,2024-08-01,564.15,564.15,Paid
PM0005106,P00270,2025-01-01,117.73,0.0,Missed
PM0012635,P00649,2026-05-01,246.64,246.64,Paid
PM0006315,P00325,2025-04-01,59.23,59.23,Paid
PM0003248,P00162,2025-08-01,283.27,283.27,Paid
PM0010053,P00518,2024-04-01,67.39,67.39,Paid
PM0007291,P00378,2023-04-01,521.31,521.31,Paid
PM0013722,P00703,2025-10-01,218.62,218.62,Paid
PM0011896,P00616,2025-11-01,648.72,648.72,Paid
PM0006495,P00332,2026-02-01,122.94,122.94,Paid
PM0007400,P00381,2026-03-01,137.11,137.11,Paid
PM0008188,P00425,2026-06-01,95.32,95.32,Paid
PM0002725,P00137,2024-09-01,166.98,166.98,Paid
PM0002207,P00108,2025-10-01,422.63,422.63,Paid
PM0010899,P00560,2026-01-01,202.67,202.67,Paid
PM0008737,P00449,2025-03-01,33.62,33.62,Paid
PM0010113,P00519,2026-04-01,429.63,429.63,Paid
PM0004042,P00207,2026-01-01,95.37,95.37,Paid
PM0004903,P00257,2025-10-01,229.95,229.95,Paid
PM0009247,P00477,2024-03-01,708.84,708.84,Paid
PM0003461,P00171,2024-03-01,608.31,608.31,Paid
PM0012321,P00635,2023-08-01,102.05,102.05,Paid
PM0009107,P00470,2026-03-01,347.86,347.86,Paid
PM0003401,P00168,2024-12-01,236.69,236.69,Paid
PM0012834,P00659,2026-01-01,246.65,246.65,Paid
PM0013902,P00713,2023-08-01,694.25,694.25,Paid
PM0009908,P00510,2025-02-01,375.08,375.08,Paid
PM0011743,P00607,2025-06-01,143.64,0.0,Missed
PM0001616,P00076,2025-10-01,588.77,588.77,Paid
PM0012934,P00664,2025-04-01,74.73,52.71,Partial
PM0007974,P00413,2025-07-01,357.69,357.69,Paid
PM0014244,P00733,2025-05-01,118.82,118.82,Paid
PM0012774,P00656,2025-12-01,63.8,63.8,Paid
PM0013319,P00683,2026-06-01,256.4,256.4,Paid
PM0012513,P00642,2026-06-01,421.15,421.15,Paid
PM0007069,P00364,2024-02-01,492.7,492.7,Paid
PM0011824,P00613,2024-06-01,192.22,192.22,Paid
PM0011289,P00586,2026-01-01,835.48,0.0,Missed
PM0007259,P00374,2025-07-01,115.5,115.5,Paid
PM0000746,P00034,2025-06-01,68.03,68.03,Paid
PM0009369,P00483,2024-07-01,149.54,149.54,Paid
PM0003224,P00162,2023-08-01,283.27,283.27,Paid
PM0005359,P00283,2025-10-01,36.5,36.5,Paid
PM0010121,P00520,2024-06-01,52.54,52.54,Paid
PM0005902,P00309,2026-01-01,396.29,396.29,Paid
PM0007455,P00385,2025-05-01,183.7,183.7,Paid
PM0003099,P00155,2026-05-01,536.24,536.24,Paid
PM0008677,P00446,2024-02-01,130.98,0.0,Missed
PM0000401,P00019,2026-06-01,266.55,266.55,Paid
PM0002868,P00143,2025-03-01,472.19,472.19,Paid
PM0002687,P00134,2026-01-01,195.27,195.27,Paid
PM0001732,P00080,2024-04-01,493.08,493.08,Paid
PM0013557,P00695,2026-05-01,547.06,547.06,Paid
PM0000158,P00009,2026-04-01,281.25,281.25,Paid
PM0007531,P00389,2026-01-01,270.03,270.03,Paid
PM0011385,P00590,2026-05-01,368.18,368.18,Paid
PM0003303,P00164,2026-02-01,119.33,119.33,Paid
PM0002953,P00148,2024-05-01,62.38,62.38,Paid
PM0001824,P00085,2024-07-01,176.78,0.0,Missed
PM0002658,P00133,2025-02-01,144.56,144.56,Paid
PM0007695,P00398,2025-11-01,185.56,185.56,Paid
PM0008414,P00436,2024-06-01,410.56,410.56,Paid
PM0006553,P00335,2024-11-01,77.12,77.12,Paid
PM0006755,P00344,2026-03-01,925.69,925.69,Paid
PM0003522,P00173,2024-09-01,247.69,247.69,Paid
PM0007063,P00362,2025-11-01,341.2,341.2,Paid
PM0000259,P00014,2026-05-01,207.74,207.74,Paid
PM0012565,P00646,2024-11-01,72.97,72.97,Paid
PM0007969,P00413,2025-02-01,357.69,357.69,Paid
PM0006143,P00318,2024-06-01,212.45,212.45,Paid
PM0005986,P00312,2026-01-01,199.07,66.09,Partial
PM0007879,P00408,2025-12-01,137.55,137.55,Paid
PM0000590,P00027,2024-03-01,65.33,65.33,Paid
PM0006974,P00356,2026-06-01,69.02,69.02,Paid
PM0009642,P00495,2025-02-01,179.38,179.38,Paid
PM0011849,P00614,2024-08-01,82.1,0.0,Missed
PM0011494,P00594,2026-03-01,182.88,182.88,Paid
PM0011674,P00602,2025-09-01,45.33,45.33,Paid
PM0006062,P00316,2023-05-01,790.35,790.35,Paid
PM0005706,P00303,2024-09-01,242.73,242.73,Paid
PM0007680,P00397,2025-05-01,230.57,0.0,Missed
PM0010738,P00549,2024-05-01,54.97,54.97,Paid
PM0014555,P00749,2024-12-01,243.11,243.11,Paid
PM0014137,P00727,2025-10-01,87.81,87.81,Paid
PM0006745,P00343,2026-07-01,97.41,97.41,Paid
PM0005605,P00299,2024-11-01,121.63,121.63,Paid
PM0000464,P00022,2025-06-01,619.12,619.12,Paid
PM0011255,P00584,2024-09-01,447.73,447.73,Paid
PM0000380,P00018,2026-04-01,131.65,131.65,Paid
PM0004221,P00221,2023-04-01,354.54,354.54,Paid
PM0004501,P00233,2026-06-01,70.1,70.1,Paid
PM0013094,P00672,2024-11-01,77.27,77.27,Paid
PM0006378,P00327,2024-02-01,428.66,428.66,Paid
PM0002748,P00138,2024-08-01,75.47,75.47,Paid
PM0003930,P00199,2024-10-01,381.36,381.36,Paid
PM0009600,P00492,2025-12-01,836.82,836.82,Paid
PM0004888,P00257,2024-07-01,229.95,0.0,Missed
PM0014100,P00724,2026-07-01,392.33,392.33,Paid
PM0001752,P00081,2024-07-01,316.18,316.18,Paid
PM0005241,P00275,2024-06-01,181.0,181.0,Paid
PM0012832,P00658,2026-07-01,179.53,179.53,Paid
PM0009971,P00513,2025-06-01,80.59,80.59,Paid
PM0012552,P00645,2025-07-01,187.95,187.95,Paid
PM0014481,P00744,2024-05-01,326.31,326.31,Paid
PM0005992,P00312,2026-07-01,199.07,199.07,Paid
PM0013206,P00677,2024-12-01,138.01,0.0,Missed
PM0001481,P00068,2025-09-01,397.96,397.96,Paid
PM0005866,P00308,2025-11-01,245.65,245.65,Paid
PM0011621,P00598,2026-07-01,191.48,191.48,Paid
PM0009952,P00511,2026-07-01,105.47,105.47,Paid
PM0004036,P00207,2025-07-01,95.37,95.37,Paid
PM0000694,P00032,2024-06-01,457.22,457.22,Paid
PM0008662,P00445,2026-05-01,778.87,0.0,Missed
PM0006384,P00327,2024-08-01,428.66,428.66,Paid
PM0003798,P00190,2026-07-01,488.35,488.35,Paid
PM0007365,P00380,2025-04-01,367.3,367.3,Paid
PM0006794,P00346,2023-07-01,216.2,216.2,Paid
PM0010361,P00532,2024-10-01,412.5,209.33,Partial
PM0000536,P00025,2026-03-01,170.93,170.93,Paid
PM0014314,P00736,2026-02-01,122.83,0.0,Missed
PM0008637,P00445,2024-04-01,778.87,778.87,Paid
PM0000691,P00032,2024-03-01,457.22,457.22,Paid
PM0005318,P00281,2025-12-01,44.33,44.33,Paid
PM0010236,P00525,2026-05-01,29.64,29.64,Paid
PM0001016,P00046,2024-12-01,408.98,408.98,Paid
PM0009270,P00477,2026-02-01,708.84,708.84,Paid
PM0012317,P00634,2025-06-01,347.04,347.04,Paid
PM0012319,P00634,2025-08-01,347.04,347.04,Paid
PM0007346,P00379,2025-05-01,273.9,273.9,Paid
PM0013715,P00703,2025-03-01,218.62,218.62,Paid
PM0009811,P00505,2023-09-01,201.93,201.93,Paid
PM0006303,P00325,2024-04-01,59.23,59.23,Paid
PM0000451,P00021,2025-12-01,195.65,195.65,Paid
PM0014326,P00737,2026-03-01,66.99,66.99,Paid
PM0005603,P00299,2024-09-01,121.63,121.63,Paid
PM0006631,P00338,2025-04-01,127.34,0.0,Missed
PM0014320,P00737,2025-09-01,66.99,66.99,Paid
PM0013520,P00695,2023-04-01,547.06,547.06,Paid
PM0010808,P00552,2024-05-01,1031.65,1031.65,Paid
PM0009027,P00466,2026-05-01,167.02,167.02,Paid
PM0013616,P00698,2025-03-01,286.36,286.36,Paid
PM0008457,P00438,2023-04-01,374.73,374.73,Paid
PM0003410,P00168,2025-09-01,236.69,236.69,Paid
PM0003496,P00172,2026-01-01,388.96,388.96,Paid
PM0006986,P00357,2026-05-01,429.74,429.74,Paid
PM0014331,P00738,2023-11-01,544.15,544.15,Paid
PM0005365,P00283,2026-04-01,36.5,36.5,Paid
PM0013461,P00691,2026-05-01,315.56,139.22,Partial
PM0006853,P00350,2024-09-01,338.69,338.69,Paid
PM0003723,P00185,2026-04-01,385.7,385.7,Paid
PM0002515,P00128,2025-12-01,223.26,223.26,Paid
PM0005592,P00298,2025-09-01,169.76,169.76,Paid
PM0007174,P00370,2025-02-01,138.19,138.19,Paid
PM0013184,P00676,2024-12-01,349.53,349.53,Paid
PM0005768,P00305,2023-05-01,258.23,258.23,Paid
PM0013211,P00677,2025-05-01,138.01,97.82,Partial
PM0001136,P00052,2025-12-01,219.66,219.66,Paid
PM0009641,P00495,2025-01-01,179.38,179.38,Paid
PM0001998,P00097,2026-03-01,539.09,539.09,Paid
PM0013924,P00713,2025-06-01,694.25,694.25,Paid
PM0014242,P00732,2026-06-01,130.64,130.64,Paid
PM0013811,P00708,2025-03-01,180.72,180.72,Paid
PM0001847,P00085,2026-06-01,176.78,176.78,Paid
PM0013195,P00676,2025-11-01,349.53,349.53,Paid
PM0005772,P00305,2023-09-01,258.23,258.23,Paid
PM0003881,P00197,2024-07-01,810.95,810.95,Paid
PM0001651,P00077,2025-02-01,179.71,179.71,Paid
PM0013626,P00698,2026-01-01,286.36,286.36,Paid
PM0011010,P00567,2026-07-01,85.61,85.61,Paid
PM0005123,P00270,2026-06-01,117.73,117.73,Paid
PM0001713,P00079,2025-06-01,234.25,234.25,Paid
PM0004865,P00255,2025-12-01,444.0,144.86,Partial
PM0013548,P00695,2025-08-01,547.06,547.06,Paid
PM0012661,P00650,2025-06-01,300.09,300.09,Paid
PM0014202,P00730,2025-10-01,362.64,362.64,Paid
PM0008853,P00454,2023-11-01,258.55,258.55,Paid
PM0008309,P00430,2024-07-01,323.55,323.55,Paid
PM0007753,P00401,2025-01-01,309.09,309.09,Paid
PM0010131,P00521,2024-12-01,21.45,21.45,Paid
PM0000677,P00031,2025-07-01,211.73,211.73,Paid
PM0012737,P00654,2024-09-01,170.82,170.82,Paid
PM0001017,P00046,2025-01-01,408.98,408.98,Paid
PM0006698,P00341,2026-01-01,207.83,207.83,Paid
PM0009220,P00475,2026-07-01,494.52,494.52,Paid
PM0000672,P00031,2025-02-01,211.73,211.73,Paid
PM0007056,P00362,2025-04-01,341.2,341.2,Paid
PM0002818,P00140,2025-03-01,584.86,584.86,Paid
PM0012311,P00634,2024-12-01,347.04,347.04,Paid
PM0013075,P00671,2025-09-01,377.8,176.5,Partial
PM0006741,P00343,2026-03-01,97.41,97.41,Paid
PM0012986,P00667,2025-12-01,232.57,232.57,Paid
PM0002802,P00139,2025-12-01,560.94,560.94,Paid
PM0004338,P00226,2023-02-01,719.63,719.63,Paid
PM0010971,P00564,2025-12-01,387.81,165.57,Partial
PM0005147,P00271,2026-02-01,286.75,286.75,Paid
PM0009014,P00466,2025-04-01,167.02,167.02,Paid
PM0003049,P00152,2024-07-01,108.42,108.42,Paid
PM0000087,P00007,2025-04-01,495.09,495.09,Paid
PM0006838,P00348,2026-02-01,467.75,467.75,Paid
PM0013286,P00682,2026-04-01,511.43,511.43,Paid
PM0000706,P00032,2025-06-01,457.22,457.22,Paid
PM0002642,P00132,2026-07-01,323.1,0.0,Missed
PM0012953,P00665,2025-12-01,506.83,506.83,Paid
PM0008851,P00454,2023-09-01,258.55,258.55,Paid
PM0013304,P00683,2025-03-01,256.4,256.4,Paid
PM0012467,P00640,2025-06-01,172.35,172.35,Paid
PM0001232,P00056,2025-06-01,259.01,259.01,Paid
PM0012652,P00650,2024-09-01,300.09,300.09,Paid
PM0005486,P00290,2025-02-01,564.15,564.15,Paid
PM0000206,P00013,2025-05-01,149.19,149.19,Paid
PM0003994,P00204,2025-05-01,465.1,465.1,Paid
PM0000570,P00026,2025-12-01,945.63,945.63,Paid
PM0013896,P00712,2024-04-01,86.35,86.35,Paid
PM0009325,P00480,2026-03-01,671.59,671.59,Paid
PM0001947,P00095,2026-04-01,234.38,234.38,Paid
PM0009569,P00492,2023-05-01,836.82,836.82,Paid
PM0003620,P00182,2025-05-01,226.88,226.88,Paid
PM0002503,P00127,2025-12-01,117.63,117.63,Paid
PM0000282,P00015,2024-12-01,224.35,224.35,Paid
PM0013923,P00713,2025-05-01,694.25,694.25,Paid
PM0009728,P00501,2026-05-01,518.28,518.28,Paid
PM0006190,P00320,2024-11-01,149.0,149.0,Paid
PM0005917,P00311,2023-08-01,179.72,179.72,Paid
PM0000403,P00020,2023-08-01,573.96,573.96,Paid
PM0007858,P00407,2026-02-01,127.02,127.02,Paid
PM0007926,P00411,2025-03-01,189.15,189.15,Paid
PM0012658,P00650,2025-03-01,300.09,300.09,Paid
PM0002686,P00134,2025-12-01,195.27,195.27,Paid
PM0012056,P00624,2025-07-01,918.51,918.51,Paid
PM0000040,P00004,2025-02-01,648.32,648.32,Paid
PM0009472,P00487,2024-01-01,378.75,378.75,Paid
PM0003670,P00183,2026-01-01,179.81,179.81,Paid
PM0003106,P00156,2023-06-01,231.94,151.75,Partial
PM0009482,P00487,2024-11-01,378.75,378.75,Paid
PM0012716,P00652,2026-05-01,687.04,687.04,Paid
PM0013448,P00689,2025-08-01,39.27,39.27,Paid
PM0001053,P00048,2024-11-01,243.93,243.93,Paid
PM0006916,P00352,2023-04-01,441.45,441.45,Paid
PM0005047,P00265,2025-05-01,372.15,372.15,Paid
PM0014201,P00730,2025-09-01,362.64,362.64,Paid
PM0004602,P00239,2026-06-01,151.43,94.08,Partial
PM0000867,P00040,2024-10-01,362.78,362.78,Paid
PM0004186,P00216,2024-12-01,641.85,641.85,Paid
PM0012235,P00632,2023-05-01,213.13,213.13,Paid
PM0006932,P00353,2025-02-01,81.36,81.36,Paid
PM0000436,P00021,2024-09-01,195.65,195.65,Paid
PM0012850,P00660,2024-12-01,245.23,245.23,Paid
PM0009562,P00491,2026-02-01,236.06,236.06,Paid
PM0008641,P00445,2024-08-01,778.87,488.9,Partial
PM0003005,P00149,2026-01-01,166.92,166.92,Paid
PM0008211,P00426,2026-07-01,240.12,240.12,Paid
PM0009126,P00471,2024-09-01,337.78,337.78,Paid
PM0005072,P00267,2024-09-01,86.79,28.72,Partial
PM0009645,P00495,2025-05-01,179.38,179.38,Paid
PM0007689,P00397,2026-02-01,230.57,230.57,Paid
PM0006620,P00338,2024-05-01,127.34,127.34,Paid
PM0013102,P00672,2025-07-01,77.27,77.27,Paid
PM0006018,P00314,2025-10-01,212.52,212.52,Paid
PM0010502,P00537,2025-12-01,570.54,293.63,Partial
PM0002744,P00137,2026-04-01,166.98,166.98,Paid
PM0009716,P00501,2025-05-01,518.28,316.94,Partial
PM0011466,P00593,2025-07-01,142.88,142.88,Paid
PM0007239,P00374,2023-11-01,115.5,115.5,Paid
PM0012809,P00657,2025-04-01,126.71,126.71,Paid
PM0011114,P00575,2025-08-01,332.65,0.0,Missed
PM0004593,P00239,2025-09-01,151.43,151.43,Paid
PM0010934,P00562,2025-07-01,285.53,285.53,Paid
PM0009819,P00505,2024-05-01,201.93,201.93,Paid
PM0013005,P00668,2023-12-01,75.59,75.59,Paid
PM0012724,P00653,2025-08-01,211.59,211.59,Paid
PM0002785,P00139,2024-07-01,560.94,560.94,Paid
PM0000205,P00013,2025-04-01,149.19,149.19,Paid
PM0006878,P00351,2023-06-01,467.05,467.05,Paid
PM0011352,P00589,2025-07-01,180.3,180.3,Paid
PM0013615,P00698,2025-02-01,286.36,286.36,Paid
PM0004978,P00262,2024-05-01,377.63,377.63,Paid
PM0009758,P00502,2025-08-01,394.36,394.36,Paid
PM0006585,P00336,2025-03-01,198.24,198.24,Paid
PM0001342,P00064,2026-05-01,0.0,0.0,Paid
PM0000831,P00037,2026-06-01,530.5,0.0,Missed
PM0001091,P00049,2026-06-01,64.0,64.0,Paid
PM0003626,P00182,2025-11-01,226.88,226.88,Paid
PM0010346,P00532,2023-07-01,412.5,412.5,Paid
PM0008073,P00417,2026-06-01,219.24,219.24,Paid
PM0002114,P00103,2025-02-01,836.1,0.0,Missed
PM0011048,P00570,2025-11-01,159.96,159.96,Paid
PM0010545,P00540,2025-09-01,203.54,203.54,Paid
PM0004753,P00250,2023-11-01,70.42,70.42,Paid
PM0006844,P00349,2025-07-01,354.57,354.57,Paid
PM0007188,P00370,2026-04-01,138.19,138.19,Paid
PM0000310,P00016,2024-02-01,180.43,180.43,Paid
PM0012365,P00636,2024-07-01,152.85,152.85,Paid
PM0000270,P00015,2023-12-01,224.35,224.35,Paid
PM0010774,P00550,2025-04-01,158.06,158.06,Paid
PM0002843,P00142,2025-08-01,318.6,318.6,Paid
PM0000777,P00035,2026-05-01,139.14,75.05,Partial
PM0011957,P00619,2023-11-01,377.2,377.2,Paid
PM0009759,P00503,2023-09-01,165.85,165.85,Paid
PM0003998,P00204,2025-09-01,465.1,285.69,Partial
PM0014580,P00750,2024-07-01,685.98,685.98,Paid
PM0009054,P00468,2025-08-01,439.51,439.51,Paid
PM0001983,P00096,2025-12-01,408.72,0.0,Missed
PM0013439,P00687,2026-06-01,157.79,157.79,Paid
PM0013113,P00673,2025-04-01,730.17,730.17,Paid
PM0003622,P00182,2025-07-01,226.88,226.88,Paid
PM0009191,P00473,2025-09-01,102.27,51.44,Partial
PM0000795,P00036,2026-06-01,543.71,543.71,Paid
PM0002930,P00145,2026-06-01,294.38,294.38,Paid
PM0006763,P00345,2024-01-01,661.78,661.78,Paid
PM0008048,P00416,2025-11-01,127.49,127.49,Paid
PM0001104,P00050,2025-06-01,405.72,405.72,Paid
PM0001683,P00078,2024-06-01,500.1,500.1,Paid
PM0011183,P00579,2023-03-01,146.72,146.72,Paid
PM0003088,P00154,2026-03-01,311.67,201.13,Partial
PM0013375,P00686,2024-07-01,187.22,187.22,Paid
PM0008647,P00445,2025-02-01,778.87,778.87,Paid
PM0000234,P00014,2024-04-01,207.74,207.74,Paid
PM0005966,P00312,2024-05-01,199.07,199.07,Paid
PM0009199,P00473,2026-05-01,102.27,102.27,Paid
PM0011256,P00584,2024-10-01,447.73,447.73,Paid
PM0012137,P00627,2026-03-01,193.55,193.55,Paid
PM0002265,P00113,2024-05-01,16.19,16.19,Paid
PM0014419,P00740,2026-06-01,758.16,758.16,Paid
PM0001967,P00096,2024-08-01,408.72,408.72,Paid
PM0009628,P00495,2023-12-01,179.38,-179.38,Paid
PM0006826,P00347,2026-06-01,629.61,629.61,Paid
PM0014011,P00720,2024-11-01,339.91,339.91,Paid
PM0009598,P00492,2025-10-01,836.82,836.82,Paid
PM0006203,P00320,2025-12-01,149.0,149.0,Paid
PM0005701,P00303,2024-04-01,242.73,242.73,Paid
PM0008835,P00452,2026-07-01,196.49,196.49,Paid
PM0008500,P00439,2026-04-01,134.08,134.08,Paid
PM0004313,P00224,2025-12-01,642.21,642.21,Paid
PM0004892,P00257,2024-11-01,229.95,0.0,Missed
PM0005256,P00275,2025-09-01,181.0,181.0,Paid
PM0004500,P00233,2026-05-01,70.1,70.1,Paid
PM0011583,P00598,2023-05-01,191.48,0.0,Missed
PM0010209,P00525,2024-02-01,29.64,29.64,Paid
PM0010906,P00561,2025-09-01,75.19,75.19,Paid
PM0013917,P00713,2024-11-01,694.25,694.25,Paid
PM0000162,P00010,2024-05-01,181.56,181.56,Paid
PM0014406,P00739,2026-07-01,147.41,147.41,Paid
PM0001980,P00096,2025-09-01,408.72,408.72,Paid
PM0011679,P00603,2025-12-01,274.0,274.0,Paid
PM0001184,P00055,2023-08-01,480.85,480.85,Paid
PM0013108,P00673,2024-11-01,730.17,730.17,Paid
PM0011408,P00591,2026-01-01,157.95,157.95,Paid
PM0009260,P00477,2025-04-01,708.84,708.84,Paid
PM0002301,P00115,2026-04-01,302.62,302.62,Paid
PM0008245,P00427,2026-06-01,290.48,290.48,Paid
PM0002788,P00139,2024-10-01,560.94,560.94,Paid
PM0005307,P00280,2026-01-01,98.47,0.0,Missed
PM0000363,P00018,2024-11-01,131.65,131.65,Paid
PM0008290,P00429,2025-05-01,306.99,306.99,Paid
PM0008799,P00451,2026-04-01,195.14,0.0,Missed
PM0005086,P00267,2025-11-01,86.79,44.22,Partial
PM0008828,P00452,2025-12-01,196.49,196.49,Paid
PM0004266,P00222,2025-01-01,42.17,42.17,Paid
PM0012183,P00629,2026-07-01,489.53,489.53,Paid
PM0009467,P00487,2023-08-01,378.75,378.75,Paid
PM0008052,P00416,2026-03-01,127.49,127.49,Paid
PM0009209,P00474,2025-12-01,544.06,544.06,Paid
PM0000382,P00019,2024-11-01,266.55,266.55,Paid
PM0000265,P00015,2023-07-01,224.35,224.35,Paid
PM0004510,P00234,2024-07-01,101.87,101.87,Paid
PM0007041,P00361,2025-03-01,166.15,166.15,Paid
PM0007868,P00408,2025-01-01,137.55,137.55,Paid
PM0007113,P00365,2026-02-01,75.89,75.89,Paid
PM0014312,P00736,2025-12-01,122.83,122.83,Paid
PM0011025,P00570,2023-12-01,159.96,159.96,Paid
PM0001413,P00066,2026-02-01,343.28,343.28,Paid
PM0005184,P00273,2025-06-01,147.79,147.79,Paid
PM0008491,P00438,2026-02-01,374.73,374.73,Paid
PM0013134,P00674,2024-05-01,176.2,176.2,Paid
PM0002168,P00107,2023-09-01,275.31,275.31,Paid
PM0013009,P00668,2024-04-01,75.59,75.59,Paid
PM0008385,P00434,2026-07-01,639.88,639.88,Paid
PM0005773,P00305,2023-10-01,258.23,258.23,Paid
PM0004953,P00260,2024-04-01,743.27,743.27,Paid
PM0002994,P00149,2025-02-01,166.92,166.92,Paid
PM0010475,P00537,2023-09-01,570.54,570.54,Paid
PM0010254,P00527,2024-06-01,559.89,559.89,Paid
PM0003555,P00175,2026-01-01,349.51,349.51,Paid
PM0001109,P00050,2025-11-01,405.72,405.72,Paid
PM0011601,P00598,2024-11-01,191.48,191.48,Paid
PM0014431,P00741,2026-05-01,710.9,710.9,Paid
PM0007454,P00385,2025-04-01,183.7,183.7,Paid
PM0002345,P00117,2025-09-01,55.81,0.0,Missed
PM0003795,P00190,2026-04-01,488.35,488.35,Paid
PM0014525,P00747,2025-11-01,149.96,149.96,Paid
PM0006001,P00314,2024-05-01,212.52,212.52,Paid
PM0007103,P00365,2025-04-01,75.89,75.89,Paid
PM0011978,P00619,2025-08-01,377.2,377.2,Paid
PM0007989,P00414,2026-04-01,136.66,0.0,Missed
PM0006329,P00325,2026-06-01,59.23,0.0,Missed
PM0004885,P00257,2024-04-01,229.95,229.95,Paid
PM0002142,P00104,2026-04-01,248.78,248.78,Paid
PM0001489,P00068,2026-05-01,397.96,397.96,Paid
PM0008620,P00444,2025-09-01,160.87,160.87,Paid
PM0001102,P00050,2025-04-01,405.72,405.72,Paid
PM0010994,P00567,2025-03-01,85.61,0.0,Missed
PM0006506,P00334,2023-04-01,525.35,525.35,Paid
PM0013476,P00693,2023-02-01,313.0,313.0,Paid
PM0004687,P00246,2024-07-01,204.0,204.0,Paid
PM0006526,P00334,2024-12-01,525.35,525.35,Paid
PM0003090,P00154,2026-05-01,311.67,311.67,Paid
PM0013086,P00672,2024-03-01,77.27,77.27,Paid
PM0006573,P00335,2026-07-01,77.12,77.12,Paid
PM0014421,P00741,2025-07-01,710.9,710.9,Paid
PM0005438,P00286,2026-03-01,66.09,66.09,Paid
PM0007884,P00408,2026-05-01,137.55,137.55,Paid
PM0000631,P00028,2024-05-01,101.58,101.58,Paid
PM0002844,P00142,2025-09-01,318.6,318.6,Paid
PM0008169,P00423,2025-05-01,121.63,121.63,Paid
PM0006885,P00351,2024-01-01,467.05,467.05,Paid
PM0008004,P00415,2025-06-01,435.73,435.73,Paid
PM0009298,P00478,2025-12-01,129.82,129.82,Paid
PM0014120,P00725,2026-03-01,428.12,428.12,Paid
PM0004997,P00262,2025-12-01,377.63,377.63,Paid
PM0011391,P00591,2024-08-01,157.95,157.95,Paid
PM0008705,P00446,2026-06-01,130.98,130.98,Paid
PM0013323,P00684,2023-11-01,128.15,128.15,Paid
PM0005922,P00311,2024-01-01,179.72,179.72,Paid
PM0004968,P00262,2023-07-01,377.63,377.63,Paid
PM0003585,P00180,2026-07-01,348.36,348.36,Paid
PM0013065,P00671,2024-11-01,377.8,377.8,Paid
PM0002243,P00112,2025-09-01,402.19,402.19,Paid
PM0005081,P00267,2025-06-01,86.79,86.79,Paid
PM0012644,P00650,2024-01-01,300.09,300.09,Paid
PM0003055,P00152,2025-01-01,108.42,108.42,Paid
PM0013606,P00698,2024-05-01,286.36,286.36,Paid
PM0013454,P00690,2026-01-01,357.85,357.85,Paid
PM0005748,P00304,2025-02-01,134.64,134.64,Paid
PM0011234,P00583,2025-03-01,68.95,68.95,Paid
PM0009595,P00492,2025-07-01,836.82,836.82,Paid
PM0013141,P00674,2024-12-01,176.2,176.2,Paid
PM0003122,P00156,2024-10-01,231.94,231.94,Paid
PM0008733,P00449,2024-11-01,33.62,33.62,Paid
PM0006240,P00322,2024-02-01,105.73,105.73,Paid
PM0002472,P00125,2026-06-01,143.81,143.81,Paid
PM0001989,P00096,2026-06-01,408.72,408.72,Paid
PM0009981,P00513,2026-04-01,80.59,80.59,Paid
PM0006333,P00326,2023-06-01,203.51,203.51,Paid
PM0005652,P00301,2024-01-01,157.4,157.4,Paid
PM0010088,P00519,2024-03-01,429.63,429.63,Paid
PM0000964,P00044,2026-02-01,205.22,0.0,Missed
PM0011451,P00593,2024-04-01,142.88,142.88,Paid
PM0001946,P00095,2026-03-01,234.38,234.38,Paid
PM0007515,P00389,2024-09-01,270.03,270.03,Paid
PM0010292,P00529,2023-08-01,279.09,279.09,Paid
PM0005174,P00272,2026-02-01,176.81,176.81,Paid
PM0012933,P00664,2025-03-01,74.73,74.73,Paid
PM0005977,P00312,2025-04-01,199.07,199.07,Paid
PM0005812,P00306,2023-06-01,227.92,227.92,Paid
PM0001567,P00073,2024-08-01,35.19,35.19,Paid
PM0003919,P00199,2023-11-01,381.36,381.36,Paid
PM0007319,P00378,2025-08-01,521.31,521.31,Paid
PM0009441,P00485,2026-05-01,288.29,288.29,Paid
PM0003731,P00186,2024-06-01,100.78,100.78,Paid
PM0001015,P00046,2024-11-01,408.98,408.98,Paid
PM0012489,P00641,2025-09-01,309.29,309.29,Paid
PM0006202,P00320,2025-11-01,149.0,149.0,Paid
PM0008220,P00427,2024-05-01,290.48,0.0,Missed
PM0006748,P00344,2025-08-01,925.69,925.69,Paid
PM0005324,P00281,2026-06-01,44.33,44.33,Paid
PM0009648,P00495,2025-08-01,179.38,179.38,Paid
PM0014186,P00729,2026-06-01,122.57,122.57,Paid
PM0013217,P00677,2025-11-01,138.01,138.01,Paid
PM0006345,P00326,2024-06-01,203.51,203.51,Paid
PM0013650,P00700,2023-09-01,330.96,330.96,Paid
PM0006804,P00347,2024-08-01,629.61,629.61,Paid
PM0013689,P00701,2026-01-01,331.54,331.54,Paid
PM0007851,P00406,2025-12-01,432.77,432.77,Paid
PM0013926,P00713,2025-08-01,694.25,694.25,Paid
PM0011910,P00617,2023-12-01,332.67,332.67,Paid
PM0008585,P00443,2025-05-01,112.5,0.0,Missed
PM0010048,P00517,2026-07-01,57.45,57.45,Paid
PM0009615,P00494,2025-08-01,666.1,666.1,Paid
PM0014413,P00740,2025-12-01,758.16,758.16,Paid
PM0003651,P00183,2024-06-01,179.81,179.81,Paid
PM0006010,P00314,2025-02-01,212.52,212.52,Paid
PM0002083,P00102,2025-08-01,406.58,406.58,Paid
PM0008845,P00453,2026-03-01,685.23,685.23,Paid
PM0012670,P00650,2026-03-01,300.09,300.09,Paid
PM0006071,P00316,2024-02-01,790.35,790.35,Paid
PM0001702,P00078,2026-01-01,500.1,500.1,Paid
PM0014129,P00726,2026-05-01,178.8,178.8,Paid
PM0003182,P00159,2025-08-01,121.97,121.97,Paid
PM0007031,P00360,2025-11-01,259.6,259.6,Paid
PM0007524,P00389,2025-06-01,270.03,270.03,Paid
PM0010270,P00527,2025-10-01,559.89,559.89,Paid
PM0013340,P00684,2025-04-01,128.15,128.15,Paid
PM0005206,P00274,2025-02-01,208.87,208.87,Paid
PM0004616,P00241,2025-04-01,232.67,232.67,Paid
PM0005855,P00307,2025-01-01,191.08,191.08,Paid
PM0008454,P00437,2026-06-01,250.12,250.12,Paid
PM0008063,P00417,2025-08-01,219.24,219.24,Paid
PM0012099,P00625,2026-01-01,177.27,177.27,Paid
PM0007999,P00415,2025-01-01,435.73,435.73,Paid
PM0012749,P00655,2024-07-01,156.78,156.78,Paid
PM0003238,P00162,2024-10-01,283.27,0.0,Missed
PM0005469,P00290,2023-09-01,564.15,564.15,Paid
PM0004900,P00257,2025-07-01,229.95,229.95,Paid
PM0005030,P00264,2026-05-01,170.2,170.2,Paid
PM0007434,P00384,2025-08-01,545.23,545.23,Paid
PM0012073,P00625,2023-11-01,177.27,177.27,Paid
PM0004043,P00207,2026-02-01,95.37,95.37,Paid
PM0009129,P00471,2024-12-01,337.78,337.78,Paid
PM0014237,P00732,2026-01-01,130.64,130.64,Paid
PM0005028,P00264,2026-03-01,170.2,170.2,Paid
PM0007962,P00413,2024-07-01,357.69,357.69,Paid
PM0007315,P00378,2025-04-01,521.31,521.31,Paid
PM0014274,P00735,2025-05-01,209.61,209.61,Paid
PM0007750,P00401,2024-10-01,309.09,309.09,Paid
PM0005350,P00282,2026-07-01,396.55,396.55,Paid
PM0008260,P00428,2025-04-01,71.98,71.98,Paid
PM0005149,P00271,2026-04-01,286.75,286.75,Paid
PM0009723,P00501,2025-12-01,518.28,518.28,Paid
PM0013019,P00668,2025-02-01,75.59,28.68,Partial
PM0002559,P00130,2025-09-01,248.96,248.96,Paid
PM0005717,P00303,2025-08-01,242.73,242.73,Paid
PM0008265,P00428,2025-09-01,71.98,71.98,Paid
PM0003646,P00183,2024-01-01,179.81,179.81,Paid
PM0000116,P00008,2025-04-01,317.11,317.11,Paid
PM0000521,P00025,2024-12-01,170.93,170.93,Paid
PM0000391,P00019,2025-08-01,266.55,266.55,Paid
PM0005852,P00307,2024-10-01,191.08,191.08,Paid
PM0013582,P00696,2026-02-01,104.7,104.7,Paid
PM0012113,P00626,2026-06-01,143.61,143.61,Paid
PM0007899,P00410,2024-11-01,156.23,56.71,Partial
PM0009046,P00468,2024-12-01,439.51,439.51,Paid
PM0014112,P00725,2025-07-01,428.12,428.12,Paid
PM0013946,P00715,2024-09-01,259.73,259.73,Paid
PM0009706,P00501,2024-07-01,518.28,518.28,Paid
PM0010690,P00547,2025-03-01,417.6,417.6,Paid
PM0012733,P00653,2026-05-01,211.59,211.59,Paid
PM0014248,P00733,2025-09-01,118.82,118.82,Paid
PM0001864,P00087,2025-11-01,154.82,154.82,Paid
PM0001827,P00085,2024-10-01,176.78,176.78,Paid
PM0002330,P00116,2026-07-01,303.7,303.7,Paid
PM0008072,P00417,2026-05-01,219.24,219.24,Paid
PM0003079,P00154,2025-06-01,311.67,311.67,Paid
PM0002507,P00127,2026-04-01,117.63,117.63,Paid
PM0008056,P00416,2026-07-01,127.49,127.49,Paid
PM0013379,P00686,2024-11-01,187.22,187.22,Paid
PM0012277,P00633,2025-06-01,167.48,118.5,Partial
PM0001534,P00070,2025-08-01,85.97,85.97,Paid
PM0013635,P00699,2025-12-01,653.3,653.3,Paid
PM0007116,P00365,2026-05-01,75.89,75.89,Paid
PM0008614,P00444,2025-03-01,160.87,160.87,Paid
PM0006943,P00353,2026-01-01,81.36,0.0,Missed
PM0008323,P00430,2025-09-01,323.55,323.55,Paid
PM0008299,P00429,2026-02-01,306.99,306.99,Paid
PM0010527,P00539,2024-08-01,220.03,220.03,Paid
PM0011358,P00589,2026-01-01,180.3,128.9,Partial
PM0004158,P00213,2026-04-01,587.57,587.57,Paid
PM0004910,P00257,2026-05-01,229.95,229.95,Paid
PM0011901,P00616,2026-04-01,648.72,648.72,Paid
PM0002530,P00129,2024-11-01,578.23,578.23,Paid
PM0008433,P00436,2026-01-01,410.56,410.56,Paid
PM0014486,P00744,2024-10-01,326.31,326.31,Paid
PM0001392,P00066,2024-05-01,343.28,343.28,Paid
PM0008655,P00445,2025-10-01,778.87,778.87,Paid
PM0006860,P00350,2025-04-01,338.69,338.69,Paid
PM0001708,P00078,2026-07-01,500.1,500.1,Paid
PM0011722,P00605,2025-05-01,125.98,125.98,Paid
PM0009950,P00511,2026-05-01,105.47,105.47,Paid
PM0009425,P00485,2025-01-01,288.29,288.29,Paid
PM0002870,P00143,2025-05-01,472.19,472.19,Paid
PM0011974,P00619,2025-04-01,377.2,377.2,Paid
PM0002730,P00137,2025-02-01,166.98,166.98,Paid
PM0007521,P00389,2025-03-01,270.03,270.03,Paid
PM0014247,P00733,2025-08-01,118.82,118.82,Paid
PM0012110,P00626,2026-03-01,143.61,143.61,Paid
PM0007647,P00396,2024-11-01,555.67,555.67,Paid
PM0010276,P00527,2026-04-01,559.89,559.89,Paid
PM0001256,P00058,2024-07-01,375.89,375.89,Paid
PM0012487,P00641,2025-07-01,309.29,309.29,Paid
PM0003673,P00183,2026-04-01,179.81,179.81,Paid
PM0000856,P00039,2025-12-01,1099.84,1099.84,Paid
PM0003530,P00173,2025-05-01,247.69,247.69,Paid
PM0013997,P00720,2023-09-01,339.91,339.91,Paid
PM0013607,P00698,2024-06-01,286.36,286.36,Paid
PM0002978,P00148,2026-06-01,62.38,62.38,Paid
PM0002652,P00133,2024-08-01,144.56,144.56,Paid
PM0011809,P00612,2026-03-01,744.62,744.62,Paid
PM0002990,P00149,2024-10-01,166.92,166.92,Paid
PM0000251,P00014,2025-09-01,207.74,207.74,Paid
PM0010510,P00538,2024-09-01,199.22,199.22,Paid
PM0002011,P00098,2025-06-01,246.27,246.27,Paid
PM0000838,P00038,2025-12-01,422.3,422.3,Paid
PM0004223,P00221,2023-06-01,354.54,354.54,Paid
PM0014266,P00734,2026-02-01,137.75,137.75,Paid
PM0007830,P00404,2026-06-01,661.28,661.28,Paid
PM0011961,P00619,2024-03-01,377.2,377.2,Paid
PM0004839,P00255,2023-10-01,444.0,444.0,Paid
PM0012261,P00632,2025-07-01,213.13,213.13,Paid
PM0003273,P00163,2024-07-01,505.44,505.44,Paid
PM0005130,P00271,2024-09-01,286.75,286.75,Paid
PM0012656,P00650,2025-01-01,300.09,0.0,Missed
PM0004321,P00225,2025-03-01,210.95,210.95,Paid
PM0002914,P00145,2025-02-01,294.38,294.38,Paid
PM0006894,P00351,2024-10-01,467.05,467.05,Paid
PM0013401,P00687,2023-04-01,157.79,157.79,Paid
PM0002935,P00146,2025-12-01,251.37,251.37,Paid
PM0000843,P00039,2024-11-01,1099.84,0.0,Missed
PM0011933,P00617,2025-11-01,332.67,332.67,Paid
PM0010798,P00551,2025-11-01,211.89,211.89,Paid
PM0010768,P00550,2024-10-01,158.06,158.06,Paid
PM0014371,P00739,2023-08-01,147.41,147.41,Paid
PM0002649,P00133,2024-05-01,144.56,144.56,Paid
PM0003631,P00182,2026-04-01,226.88,226.88,Paid
PM0013999,P00720,2023-11-01,339.91,339.91,Paid
PM0010957,P00563,2024-08-01,142.21,142.21,Paid
PM0013909,P00713,2024-03-01,694.25,694.25,Paid
PM0003221,P00162,2023-05-01,283.27,283.27,Paid
PM0011018,P00570,2023-05-01,159.96,159.96,Paid
PM0005489,P00290,2025-05-01,564.15,564.15,Paid
PM0002144,P00104,2026-06-01,248.78,248.78,Paid
PM0012516,P00643,2025-04-01,269.85,269.85,Paid
PM0010465,P00536,2025-12-01,0.0,0.0,Paid
PM0012297,P00634,2023-10-01,347.04,0.0,Missed
PM0010046,P00517,2026-05-01,57.45,57.45,Paid
PM0007354,P00379,2026-01-01,273.9,273.9,Paid
PM0001549,P00071,2025-09-01,410.51,410.51,Paid
PM0000209,P00013,2025-08-01,149.19,149.19,Paid
PM0012237,P00632,2023-07-01,213.13,213.13,Paid
PM0011447,P00593,2023-12-01,142.88,142.88,Paid
PM0007881,P00408,2026-02-01,137.55,137.55,Paid
PM0008011,P00415,2026-01-01,435.73,435.73,Paid
PM0010504,P00537,2026-02-01,570.54,570.54,Paid
PM0014067,P00723,2025-03-01,242.27,242.27,Paid
PM0004532,P00234,2026-05-01,101.87,101.87,Paid
PM0013455,P00690,2026-02-01,357.85,357.85,Paid
PM0002143,P00104,2026-05-01,248.78,248.78,Paid
PM0004812,P00252,2026-06-01,228.86,228.86,Paid
PM0008380,P00434,2026-02-01,639.88,639.88,Paid
PM0006124,P00317,2026-06-01,140.28,140.28,Paid
PM0013503,P00693,2025-05-01,313.0,313.0,Paid
PM0001877,P00089,2026-03-01,211.65,211.65,Paid
PM0010217,P00525,2024-10-01,29.64,29.64,Paid
PM0013126,P00674,2023-09-01,176.2,124.86,Partial
PM0003297,P00163,2026-07-01,505.44,505.44,Paid
PM0008289,P00429,2025-04-01,306.99,0.0,Missed
PM0010100,P00519,2025-03-01,429.63,429.63,Paid
PM0013542,P00695,2025-02-01,547.06,547.06,Paid
PM0005538,P00294,2026-05-01,166.79,166.79,Paid
PM0008164,P00423,2024-12-01,121.63,121.63,Paid
PM0009990,P00514,2025-05-01,208.68,208.68,Paid
PM0011563,P00596,2026-07-01,174.96,174.96,Paid
PM0005779,P00305,2024-04-01,258.23,258.23,Paid
PM0009049,P00468,2025-03-01,439.51,439.51,Paid
PM0001030,P00046,2026-02-01,408.98,408.98,Paid
PM0000244,P00014,2025-02-01,207.74,207.74,Paid
PM0012998,P00668,2023-05-01,75.59,75.59,Paid
PM0008719,P00448,2026-07-01,387.88,387.88,Paid
PM0009979,P00513,2026-02-01,80.59,80.59,Paid
PM0008029,P00416,2024-04-01,127.49,127.49,Paid
PM0009064,P00468,2026-06-01,439.51,439.51,Paid
PM0014368,P00739,2023-05-01,147.41,147.41,Paid
PM0012193,P00630,2025-06-01,287.44,287.44,Paid
PM0001495,P00069,2023-09-01,143.01,143.01,Paid
PM0007216,P00373,2025-07-01,362.95,362.95,Paid
PM0012052,P00624,2025-03-01,918.51,918.51,Paid
PM0014305,P00736,2025-05-01,122.83,0.0,Missed
PM0011127,P00576,2025-01-01,0.0,0.0,Paid
PM0000749,P00034,2025-09-01,68.03,68.03,Paid
PM0002791,P00139,2025-01-01,560.94,560.94,Paid
PM0001328,P00063,2025-12-01,606.65,0.0,Missed
PM0002664,P00133,2025-08-01,144.56,144.56,Paid
PM0013752,P00705,2025-10-01,165.8,0.0,Missed
PM0000379,P00018,2026-03-01,131.65,131.65,Paid
PM0005265,P00275,2026-06-01,181.0,181.0,Paid
PM0002384,P00119,2025-03-01,67.83,67.83,Paid
PM0003880,P00197,2024-06-01,810.95,810.95,Paid
PM0000119,P00008,2025-07-01,317.11,317.11,Paid
PM0003650,P00183,2024-05-01,179.81,179.81,Paid
PM0007241,P00374,2024-01-01,115.5,115.5,Paid
PM0000485,P00023,2024-04-01,574.6,574.6,Paid
PM0003760,P00188,2026-05-01,151.72,151.72,Paid
PM0000348,P00018,2023-08-01,131.65,131.65,Paid
PM0001562,P00073,2024-03-01,35.19,35.19,Paid
PM0008321,P00430,2025-07-01,323.55,323.55,Paid
PM0012385,P00636,2026-03-01,152.85,152.85,Paid
PM0002803,P00139,2026-01-01,560.94,560.94,Paid
PM0013097,P00672,2025-02-01,77.27,77.27,Paid
PM0012071,P00625,2023-09-01,177.27,177.27,Paid
PM0009417,P00485,2024-05-01,288.29,288.29,Paid
PM0002185,P00107,2025-02-01,275.31,275.31,Paid
PM0003566,P00176,2025-11-01,338.9,338.9,Paid
PM0008342,P00432,2026-06-01,833.55,833.55,Paid
PM0005670,P00301,2025-07-01,157.4,157.4,Paid
PM0004217,P00220,2026-01-01,204.49,204.49,Paid
PM0007972,P00413,2025-05-01,357.69,357.69,Paid
PM0007534,P00389,2026-04-01,270.03,270.03,Paid
PM0011249,P00583,2026-06-01,68.95,68.95,Paid
PM0003015,P00150,2025-06-01,66.26,66.26,Paid
PM0013210,P00677,2025-04-01,138.01,138.01,Paid
PM0010592,P00542,2025-07-01,177.89,177.89,Paid
PM0010769,P00550,2024-11-01,158.06,158.06,Paid
PM0003515,P00173,2024-02-01,247.69,247.69,Paid
PM0001124,P00051,2026-01-01,272.05,156.13,Partial
PM0008882,P00454,2026-04-01,258.55,258.55,Paid
PM0011781,P00609,2025-05-01,446.21,446.21,Paid
PM0004927,P00258,2026-03-01,243.18,243.18,Paid
PM0010672,P00545,2025-05-01,191.08,191.08,Paid
PM0012767,P00655,2026-01-01,156.78,156.78,Paid
PM0010117,P00520,2024-02-01,52.54,52.54,Paid
PM0008643,P00445,2024-10-01,778.87,778.87,Paid
PM0008740,P00449,2025-06-01,33.62,33.62,Paid
PM0008523,P00440,2026-07-01,373.63,373.63,Paid
PM0006993,P00359,2024-04-01,394.21,394.21,Paid
PM0008262,P00428,2025-06-01,71.98,71.98,Paid
PM0011808,P00612,2026-02-01,744.62,744.62,Paid
PM0002326,P00116,2026-03-01,303.7,303.7,Paid
PM0013078,P00671,2025-12-01,377.8,377.8,Paid
PM0005395,P00284,2025-09-01,554.65,554.65,Paid
PM0010440,P00535,2025-08-01,145.59,145.59,Paid
PM0007963,P00413,2024-08-01,357.69,357.69,Paid
PM0007054,P00362,2025-02-01,341.2,341.2,Paid
PM0013021,P00668,2025-04-01,75.59,75.59,Paid
PM0010372,P00532,2025-09-01,412.5,412.5,Paid
PM0011124,P00575,2026-06-01,332.65,332.65,Paid
PM0010130,P00520,2025-03-01,52.54,52.54,Paid
PM0008644,P00445,2024-11-01,778.87,0.0,Missed
PM0002629,P00132,2025-06-01,323.1,323.1,Paid
PM0002563,P00130,2026-01-01,248.96,248.96,Paid
PM0011012,P00568,2026-03-01,163.17,0.0,Missed
PM0004565,P00238,2025-12-01,229.87,229.87,Paid
PM0004709,P00246,2026-05-01,204.0,204.0,Paid
PM0003389,P00167,2026-02-01,379.76,379.76,Paid
PM0003561,P00175,2026-07-01,349.51,349.51,Paid
PM0002334,P00117,2024-10-01,55.81,55.81,Paid
PM0008624,P00444,2026-01-01,160.87,160.87,Paid
PM0009818,P00505,2024-04-01,201.93,201.93,Paid
PM0000819,P00037,2025-06-01,530.5,530.5,Paid
PM0006942,P00353,2025-12-01,81.36,81.36,Paid
PM0012837,P00659,2026-04-01,246.65,246.65,Paid
PM0006879,P00351,2023-07-01,467.05,467.05,Paid
PM0001274,P00058,2026-01-01,375.89,375.89,Paid
PM0004580,P00239,2024-08-01,151.43,151.43,Paid
PM0010066,P00518,2025-05-01,67.39,0.0,Missed
PM0000460,P00022,2025-02-01,619.12,619.12,Paid
PM0004692,P00246,2024-12-01,204.0,204.0,Paid
PM0009313,P00479,2026-03-01,106.47,106.47,Paid
PM0001166,P00054,2025-04-01,148.34,148.34,Paid
PM0009066,P00469,2023-05-01,458.43,458.43,Paid
PM0013565,P00696,2024-09-01,104.7,104.7,Paid
PM0000177,P00010,2025-08-01,181.56,181.56,Paid
PM0013698,P00702,2025-07-01,279.0,279.0,Paid
PM0008699,P00446,2025-12-01,130.98,130.98,Paid
PM0004168,P00214,2025-06-01,377.99,377.99,Paid
PM0005195,P00273,2026-05-01,147.79,147.79,Paid
PM0011625,P00599,2025-02-01,249.05,249.05,Paid
PM0010882,P00557,2025-02-01,321.82,321.82,Paid
PM0008888,P00455,2026-04-01,485.69,485.69,Paid
PM0013143,P00674,2025-02-01,176.2,176.2,Paid
PM0007313,P00378,2025-02-01,521.31,521.31,Paid
PM0005037,P00265,2024-07-01,372.15,372.15,Paid
PM0008303,P00429,2026-06-01,306.99,306.99,Paid
PM0006534,P00334,2025-08-01,525.35,525.35,Paid
PM0010090,P00519,2024-05-01,429.63,429.63,Paid
PM0004990,P00262,2025-05-01,377.63,377.63,Paid
PM0001870,P00089,2025-08-01,211.65,211.65,Paid
PM0008902,P00456,2026-07-01,459.62,459.62,Paid
PM0005832,P00306,2025-02-01,227.92,227.92,Paid
PM0000606,P00027,2025-07-01,65.33,65.33,Paid
PM0010460,P00536,2025-07-01,0.0,0.0,Paid
PM0004283,P00222,2026-06-01,42.17,42.17,Paid
PM0001353,P00065,2024-04-01,174.21,174.21,Paid
PM0010891,P00557,2025-11-01,321.82,321.82,Paid
PM0001806,P00084,2026-07-01,455.57,354.59,Partial
PM0006952,P00354,2026-07-01,224.29,224.29,Paid
PM0007513,P00389,2024-07-01,270.03,270.03,Paid
PM0014027,P00721,2024-06-01,248.01,248.01,Paid
PM0004114,P00211,2023-05-01,481.39,481.39,Paid
PM0003654,P00183,2024-09-01,179.81,0.0,Missed
PM0007439,P00384,2026-01-01,545.23,0.0,Missed
PM0002044,P00100,2025-04-01,386.41,386.41,Paid
PM0001400,P00066,2025-01-01,343.28,343.28,Paid
PM0011688,P00604,2024-07-01,1040.1,1040.1,Paid
PM0009617,P00494,2025-10-01,666.1,666.1,Paid
PM0012357,P00636,2023-11-01,152.85,152.85,Paid
PM0005978,P00312,2025-05-01,199.07,199.07,Paid
PM0013639,P00699,2026-04-01,653.3,653.3,Paid
PM0008181,P00425,2025-11-01,95.32,95.32,Paid
PM0001995,P00097,2025-12-01,539.09,539.09,Paid
PM0007311,P00378,2024-12-01,521.31,521.31,Paid
PM0002863,P00143,2024-10-01,472.19,0.0,Missed
PM0008938,P00459,2024-11-01,413.49,413.49,Paid
PM0007658,P00396,2025-10-01,555.67,555.67,Paid
PM0012064,P00624,2026-03-01,918.51,918.51,Paid
PM0006227,P00321,2026-04-01,76.37,76.37,Paid
PM0013886,P00711,2025-11-01,203.34,203.34,Paid
PM0007915,P00410,2026-03-01,156.23,156.23,Paid
PM0001123,P00051,2025-12-01,272.05,272.05,Paid
PM0003996,P00204,2025-07-01,465.1,465.1,Paid
PM0005966,P00312,2024-05-01,199.07,199.07,Paid
PM0011126,P00576,2024-12-01,0.0,0.0,Paid
PM0012772,P00655,2026-06-01,156.78,156.78,Paid
PM0012007,P00621,2025-06-01,181.36,181.36,Paid
PM0007983,P00413,2026-04-01,357.69,357.69,Paid
PM0012684,P00652,2023-09-01,687.04,687.04,Paid
PM0014495,P00745,2026-06-01,508.87,508.87,Paid
PM0003692,P00184,2024-09-01,406.16,406.16,Paid
PM0004883,P00257,2024-02-01,229.95,175.99,Partial
PM0003625,P00182,2025-10-01,226.88,226.88,Paid
PM0008386,P00435,2023-12-01,160.67,160.67,Paid
PM0008706,P00446,2026-07-01,130.98,130.98,Paid
PM0007238,P00374,2023-10-01,115.5,115.5,Paid
PM0013612,P00698,2024-11-01,286.36,286.36,Paid
PM0005033,P00265,2024-03-01,372.15,372.15,Paid
PM0000496,P00024,2026-04-01,108.85,108.85,Paid
PM0001105,P00050,2025-07-01,405.72,405.72,Paid
PM0008992,P00466,2023-06-01,167.02,167.02,Paid
PM0002002,P00097,2026-07-01,539.09,0.0,Missed
PM0012019,P00621,2026-06-01,181.36,181.36,Paid
PM0003470,P00171,2024-12-01,608.31,608.31,Paid
PM0006003,P00314,2024-07-01,212.52,212.52,Paid
PM0009280,P00478,2024-06-01,129.82,129.82,Paid
PM0003235,P00162,2024-07-01,283.27,283.27,Paid
PM0013727,P00703,2026-03-01,218.62,218.62,Paid
PM0010473,P00537,2023-07-01,570.54,570.54,Paid
PM0005808,P00306,2023-02-01,227.92,227.92,Paid
PM0014354,P00738,2025-10-01,544.15,544.15,Paid
PM0010606,P00543,2024-06-01,150.12,150.12,Paid
PM0000827,P00037,2026-02-01,530.5,530.5,Paid
PM0002929,P00145,2026-05-01,294.38,294.38,Paid
PM0006694,P00341,2025-09-01,207.83,207.83,Paid
PM0014057,P00723,2024-05-01,242.27,242.27,Paid
PM0011201,P00581,2024-09-01,101.16,0.0,Missed
PM0008978,P00463,2026-06-01,120.66,120.66,Paid
PM0013392,P00686,2025-12-01,187.22,187.22,Paid
PM0012844,P00660,2024-06-01,245.23,245.23,Paid
PM0008353,P00434,2023-11-01,639.88,241.01,Partial
PM0009672,P00498,2025-01-01,514.18,514.18,Paid
PM0009109,P00470,2026-05-01,347.86,347.86,Paid
PM0012098,P00625,2025-12-01,177.27,177.27,Paid
PM0009185,P00473,2025-03-01,102.27,102.27,Paid
PM0002985,P00149,2024-05-01,166.92,166.92,Paid
PM0004550,P00236,2025-10-01,768.82,271.97,Partial
PM0000547,P00026,2024-01-01,945.63,945.63,Paid
PM0004780,P00250,2026-02-01,70.42,70.42,Paid
PM0007812,P00404,2024-12-01,661.28,661.28,Paid
PM0006115,P00317,2025-09-01,140.28,0.0,Missed
PM0001169,P00054,2025-07-01,148.34,148.34,Paid
PM0002568,P00130,2026-06-01,248.96,248.96,Paid
PM0012363,P00636,2024-05-01,152.85,152.85,Paid
PM0012647,P00650,2024-04-01,300.09,300.09,Paid
PM0000603,P00027,2025-04-01,65.33,65.33,Paid
PM0009388,P00483,2026-02-01,149.54,149.54,Paid
PM0011708,P00604,2026-03-01,1040.1,1040.1,Paid
PM0013568,P00696,2024-12-01,104.7,104.7,Paid
PM0008972,P00463,2025-12-01,120.66,120.66,Paid
PM0012395,P00637,2025-08-01,80.81,80.81,Paid
PM0000140,P00009,2024-10-01,281.25,281.25,Paid
PM0004586,P00239,2025-02-01,151.43,151.43,Paid
PM0009857,P00508,2024-10-01,633.22,633.22,Paid
PM0010429,P00535,2024-09-01,145.59,145.59,Paid
PM0000383,P00019,2024-12-01,266.55,266.55,Paid
PM0009307,P00479,2025-09-01,106.47,106.47,Paid
PM0012399,P00637,2025-12-01,80.81,80.81,Paid
PM0010948,P00563,2023-11-01,142.21,142.21,Paid
PM0008141,P00421,2025-08-01,560.92,560.92,Paid
PM0009314,P00479,2026-04-01,106.47,106.47,Paid
PM0009029,P00466,2026-07-01,167.02,167.02,Paid
PM0003882,P00197,2024-08-01,810.95,810.95,Paid
PM0012928,P00664,2024-10-01,74.73,74.73,Paid
PM0007711,P00399,2025-04-01,87.55,87.55,Paid
PM0005900,P00309,2025-11-01,396.29,0.0,Missed
PM0005305,P00280,2025-11-01,98.47,98.47,Paid
PM0008681,P00446,2024-06-01,130.98,130.98,Paid
PM0004489,P00233,2025-06-01,70.1,70.1,Paid
PM0006211,P00321,2024-12-01,76.37,76.37,Paid
PM0003195,P00160,2024-03-01,411.19,411.19,Paid
PM0008254,P00428,2024-10-01,71.98,71.98,Paid
PM0014390,P00739,2025-03-01,147.41,147.41,Paid
PM0004491,P00233,2025-08-01,70.1,70.1,Paid
PM0008745,P00449,2025-11-01,33.62,33.62,Paid
PM0012960,P00665,2026-07-01,506.83,506.83,Paid
PM0014520,P00747,2025-06-01,149.96,149.96,Paid
PM0010125,P00520,2024-10-01,52.54,52.54,Paid
PM0011819,P00613,2024-01-01,192.22,192.22,Paid
PM0006396,P00327,2025-08-01,428.66,0.0,Missed
PM0001955,P00096,2023-08-01,408.72,408.72,Paid
PM0011857,P00614,2025-04-01,82.1,82.1,Paid
PM0000170,P00010,2025-01-01,181.56,181.56,Paid
PM0010101,P00519,2025-04-01,429.63,429.63,Paid
PM0012613,P00649,2024-07-01,246.64,246.64,Paid
PM0003893,P00197,2025-07-01,810.95,810.95,Paid
PM0002300,P00114,2026-07-01,558.75,558.75,Paid
PM0008177,P00423,2026-01-01,121.63,121.63,Paid
PM0002644,P00133,2023-12-01,144.56,144.56,Paid
PM0009901,P00509,2026-03-01,191.4,191.4,Paid
PM0003191,P00159,2026-05-01,121.97,121.97,Paid
PM0013988,P00719,2023-06-01,137.75,137.75,Paid
PM0001697,P00078,2025-08-01,500.1,500.1,Paid
PM0009272,P00477,2026-04-01,708.84,708.84,Paid
PM0008878,P00454,2025-12-01,258.55,258.55,Paid
PM0011006,P00567,2026-03-01,85.61,85.61,Paid
PM0009834,P00506,2025-11-01,62.5,28.32,Partial
PM0006966,P00355,2026-07-01,70.51,70.51,Paid
PM0000298,P00015,2026-04-01,224.35,224.35,Paid
PM0013254,P00681,2025-05-01,187.31,187.31,Paid
PM0011223,P00581,2026-07-01,101.16,101.16,Paid
PM0013182,P00676,2024-10-01,349.53,349.53,Paid
PM0003969,P00202,2025-08-01,179.65,132.16,Partial
PM0012287,P00633,2026-04-01,167.48,167.48,Paid
PM0010596,P00542,2025-11-01,177.89,177.89,Paid
PM0007144,P00369,2025-03-01,183.55,183.55,Paid
PM0013365,P00686,2023-09-01,187.22,187.22,Paid
PM0003190,P00159,2026-04-01,121.97,121.97,Paid
PM0006094,P00316,2026-01-01,790.35,790.35,Paid
PM0009904,P00509,2026-06-01,191.4,191.4,Paid
PM0003559,P00175,2026-05-01,349.51,349.51,Paid
PM0006710,P00343,2023-08-01,97.41,97.41,Paid
PM0008599,P00443,2026-07-01,112.5,112.5,Paid
PM0012468,P00640,2025-07-01,172.35,172.35,Paid
PM0007207,P00372,2026-04-01,610.1,610.1,Paid
PM0006563,P00335,2025-09-01,77.12,77.12,Paid
PM0010743,P00549,2024-10-01,54.97,54.97,Paid
PM0011058,P00571,2024-07-01,296.29,296.29,Paid
PM0007044,P00362,2024-04-01,341.2,206.09,Partial
PM0011407,P00591,2025-12-01,157.95,157.95,Paid
PM0013438,P00687,2026-05-01,157.79,157.79,Paid
PM0009708,P00501,2024-09-01,518.28,518.28,Paid
PM0002043,P00100,2025-03-01,386.41,386.41,Paid
PM0004634,P00242,2026-03-01,91.92,91.92,Paid
PM0004605,P00241,2024-05-01,232.67,232.67,Paid
PM0010562,P00541,2025-07-01,116.95,116.95,Paid
PM0005972,P00312,2024-11-01,199.07,199.07,Paid
PM0008484,P00438,2025-07-01,374.73,0.0,Missed
PM0000860,P00039,2026-04-01,1099.84,1099.84,Paid
PM0000653,P00028,2026-03-01,101.58,101.58,Paid
PM0008746,P00449,2025-12-01,33.62,33.62,Paid
PM0000361,P00018,2024-09-01,131.65,131.65,Paid
PM0005820,P00306,2024-02-01,227.92,0.0,Missed
PM0013309,P00683,2025-08-01,256.4,256.4,Paid
PM0003680,P00184,2023-09-01,406.16,406.16,Paid
PM0009493,P00487,2025-10-01,378.75,378.75,Paid
PM0002419,P00123,2026-07-01,697.83,697.83,Paid
PM0005765,P00304,2026-07-01,134.64,134.64,Paid
PM0000503,P00025,2023-06-01,170.93,170.93,Paid
PM0001071,P00049,2024-10-01,64.0,64.0,Paid
PM0010831,P00553,2026-07-01,350.83,350.83,Paid
PM0002607,P00132,2023-08-01,323.1,323.1,Paid
PM0004523,P00234,2025-08-01,101.87,101.87,Paid
PM0007829,P00404,2026-05-01,661.28,0.0,Missed
PM0001059,P00049,2023-10-01,64.0,64.0,Paid
PM0000439,P00021,2024-12-01,195.65,195.65,Paid
PM0010649,P00544,2025-06-01,524.96,524.96,Paid
PM0002362,P00118,2023-11-01,372.74,372.74,Paid
PM0001753,P00081,2024-08-01,316.18,316.18,Paid
PM0001518,P00069,2025-08-01,143.01,143.01,Paid
PM0014408,P00740,2025-07-01,758.16,758.16,Paid
PM0013130,P00674,2024-01-01,176.2,176.2,Paid
PM0006998,P00359,2024-09-01,394.21,394.21,Paid
PM0007766,P00402,2024-09-01,234.54,234.54,Paid
PM0000196,P00012,2026-07-01,142.4,142.4,Paid
PM0008864,P00454,2024-10-01,258.55,258.55,Paid
PM0013015,P00668,2024-10-01,75.59,75.59,Paid
PM0010052,P00518,2024-03-01,67.39,67.39,Paid
PM0003840,P00192,2026-02-01,187.23,187.23,Paid
PM0001083,P00049,2025-10-01,64.0,64.0,Paid
PM0013595,P00697,2025-11-01,206.98,206.98,Paid
PM0014449,P00742,2026-06-01,387.1,387.1,Paid
PM0008575,P00442,2025-12-01,89.15,89.15,Paid
PM0001287,P00059,2024-07-01,134.5,134.5,Paid
PM0010894,P00558,2026-04-01,385.89,385.89,Paid
PM0002704,P00136,2024-12-01,349.29,349.29,Paid
PM0003967,P00201,2026-06-01,125.01,125.01,Paid
PM0002527,P00129,2024-08-01,578.23,578.23,Paid
PM0003672,P00183,2026-03-01,179.81,179.81,Paid
PM0009350,P00482,2026-03-01,168.92,168.92,Paid
PM0004343,P00226,2023-07-01,719.63,719.63,Paid
PM0010932,P00562,2025-05-01,285.53,122.54,Partial
PM0007517,P00389,2024-11-01,270.03,270.03,Paid
PM0007625,P00394,2026-05-01,65.61,65.61,Paid
PM0004443,P00230,2026-03-01,353.59,353.59,Paid
PM0001647,P00077,2024-10-01,179.71,179.71,Paid
PM0003372,P00167,2024-09-01,379.76,379.76,Paid
PM0004619,P00241,2025-07-01,232.67,232.67,Paid
PM0007027,P00360,2025-07-01,259.6,0.0,Missed
PM0001271,P00058,2025-10-01,375.89,375.89,Paid
PM0006757,P00344,2026-05-01,925.69,925.69,Paid
PM0007605,P00393,2025-02-01,834.88,834.88,Paid
PM0002493,P00127,2025-02-01,117.63,117.63,Paid
PM0011235,P00583,2025-04-01,68.95,68.95,Paid
PM0006867,P00350,2025-11-01,338.69,338.69,Paid
PM0012902,P00662,2025-08-01,135.48,135.48,Paid
PM0001810,P00085,2023-05-01,176.78,176.78,Paid
PM0007049,P00362,2024-09-01,341.2,341.2,Paid
PM0003128,P00156,2025-04-01,231.94,231.94,Paid
PM0001113,P00050,2026-03-01,405.72,405.72,Paid
PM0011260,P00584,2025-02-01,447.73,447.73,Paid
PM0013895,P00712,2024-03-01,86.35,86.35,Paid
PM0003061,P00152,2025-07-01,108.42,108.42,Paid
PM0004342,P00226,2023-06-01,719.63,719.63,Paid
PM0000492,P00024,2025-12-01,108.85,108.85,Paid
PM0004832,P00254,2025-08-01,311.13,311.13,Paid
PM0009211,P00474,2026-02-01,544.06,544.06,Paid
PM0002488,P00127,2024-09-01,117.63,117.63,Paid
PM0012781,P00656,2026-07-01,63.8,63.8,Paid
PM0007504,P00389,2023-10-01,270.03,270.03,Paid
PM0008520,P00440,2026-04-01,373.63,373.63,Paid
PM0003688,P00184,2024-05-01,406.16,406.16,Paid
PM0013747,P00705,2025-05-01,165.8,165.8,Paid
PM0009431,P00485,2025-07-01,288.29,288.29,Paid
PM0003576,P00178,2024-02-01,584.32,584.32,Paid
PM0005526,P00294,2025-05-01,166.79,166.79,Paid
PM0010944,P00562,2026-05-01,285.53,285.53,Paid
PM0006871,P00350,2026-03-01,338.69,338.69,Paid
PM0014518,P00747,2025-04-01,149.96,149.96,Paid
PM0014355,P00738,2025-11-01,544.15,544.15,Paid
PM0002565,P00130,2026-03-01,248.96,248.96,Paid
PM0010809,P00552,2024-06-01,1031.65,1031.65,Paid
PM0012917,P00664,2023-11-01,74.73,74.73,Paid
PM0005076,P00267,2025-01-01,86.79,86.79,Paid
PM0000450,P00021,2025-11-01,195.65,75.1,Partial
PM0006194,P00320,2025-03-01,149.0,149.0,Paid
PM0008142,P00421,2025-09-01,560.92,560.92,Paid
PM0013256,P00681,2025-07-01,187.31,187.31,Paid
PM0005309,P00280,2026-03-01,98.47,98.47,Paid
PM0001382,P00066,2023-07-01,343.28,343.28,Paid
PM0010886,P00557,2025-06-01,321.82,321.82,Paid
PM0008055,P00416,2026-06-01,127.49,127.49,Paid
PM0004052,P00208,2025-09-01,180.53,180.53,Paid
PM0004827,P00254,2025-03-01,311.13,179.29,Partial
PM0013293,P00683,2024-04-01,256.4,256.4,Paid
PM0003489,P00171,2026-07-01,608.31,608.31,Paid
PM0010901,P00560,2026-03-01,202.67,202.67,Paid
PM0013911,P00713,2024-05-01,694.25,694.25,Paid
PM0006406,P00327,2026-06-01,428.66,428.66,Paid
PM0007204,P00371,2026-06-01,233.81,233.81,Paid
PM0009652,P00495,2025-12-01,179.38,179.38,Paid
PM0011094,P00572,2025-07-01,619.24,619.24,Paid
PM0013424,P00687,2025-03-01,157.79,157.79,Paid
PM0004592,P00239,2025-08-01,151.43,0.0,Missed
PM0000915,P00042,2026-06-01,284.88,284.88,Paid
PM0013002,P00668,2023-09-01,75.59,75.59,Paid
PM0000295,P00015,2026-01-01,224.35,224.35,Paid
PM0012782,P00657,2023-01-01,126.71,126.71,Paid
PM0013828,P00709,2024-07-01,262.63,262.63,Paid
PM0007911,P00410,2025-11-01,156.23,156.23,Paid
PM0011045,P00570,2025-08-01,159.96,159.96,Paid
PM0007846,P00405,2025-10-01,260.54,260.54,Paid
PM0007801,P00403,2026-05-01,137.28,137.28,Paid
PM0012666,P00650,2025-11-01,300.09,300.09,Paid
PM0008017,P00415,2026-07-01,435.73,0.0,Missed
PM0010638,P00544,2024-07-01,524.96,524.96,Paid
PM0013673,P00700,2025-08-01,330.96,0.0,Missed
PM0004898,P00257,2025-05-01,229.95,229.95,Paid
PM0002749,P00138,2024-09-01,75.47,75.47,Paid
PM0013159,P00674,2026-06-01,176.2,176.2,Paid
PM0001872,P00089,2025-10-01,211.65,211.65,Paid
PM0003552,P00175,2025-10-01,349.51,349.51,Paid
PM0000321,P00016,2025-01-01,180.43,180.43,Paid
PM0010193,P00524,2025-04-01,189.03,189.03,Paid
PM0013592,P00697,2025-08-01,206.98,206.98,Paid
PM0012597,P00647,2026-02-01,199.76,199.76,Paid
PM0012567,P00646,2025-01-01,72.97,72.97,Paid
PM0003004,P00149,2025-12-01,166.92,166.92,Paid
PM0002404,P00122,2026-04-01,263.2,263.2,Paid
PM0000480,P00023,2023-11-01,574.6,574.6,Paid
PM0001894,P00091,2026-07-01,92.93,92.93,Paid
PM0007793,P00403,2025-09-01,137.28,137.28,Paid
PM0000478,P00023,2023-09-01,574.6,574.6,Paid
PM0000462,P00022,2025-04-01,619.12,0.0,Missed
PM0004002,P00204,2026-01-01,465.1,465.1,Paid
PM0002251,P00112,2026-05-01,402.19,402.19,Paid
PM0006114,P00317,2025-08-01,140.28,140.28,Paid
PM0003868,P00195,2026-04-01,305.69,305.69,Paid
PM0007081,P00364,2025-02-01,492.7,492.7,Paid
PM0004292,P00224,2024-03-01,642.21,642.21,Paid
PM0006632,P00338,2025-05-01,127.34,127.34,Paid
PM0014269,P00734,2026-05-01,137.75,137.75,Paid
PM0002157,P00105,2026-07-01,442.04,442.04,Paid
PM0012364,P00636,2024-06-01,152.85,152.85,Paid
PM0005109,P00270,2025-04-01,117.73,117.73,Paid
PM0010959,P00563,2024-10-01,142.21,142.21,Paid
PM0013712,P00703,2024-12-01,218.62,218.62,Paid
PM0010031,P00515,2025-07-01,87.15,87.15,Paid
PM0004738,P00249,2025-08-01,320.96,320.96,Paid
PM0010951,P00563,2024-02-01,142.21,142.21,Paid
PM0004010,P00205,2026-04-01,590.84,590.84,Paid
PM0003939,P00200,2024-05-01,352.42,352.42,Paid
PM0010950,P00563,2024-01-01,142.21,142.21,Paid
PM0007570,P00390,2026-06-01,351.42,351.42,Paid
PM0011845,P00614,2024-04-01,82.1,0.0,Missed
PM0010829,P00552,2026-02-01,1031.65,1031.65,Paid
PM0012289,P00633,2026-06-01,167.48,167.48,Paid
PM0002128,P00103,2026-04-01,836.1,836.1,Paid
PM0002717,P00136,2026-01-01,349.29,349.29,Paid
PM0009172,P00473,2024-02-01,102.27,102.27,Paid
PM0013246,P00679,2024-10-01,445.32,445.32,Paid
PM0012814,P00657,2025-09-01,126.71,126.71,Paid
PM0001201,P00055,2025-01-01,480.85,480.85,Paid
PM0000996,P00045,2026-07-01,217.69,217.69,Paid
PM0012170,P00629,2025-06-01,489.53,0.0,Missed
PM0014377,P00739,2024-02-01,147.41,147.41,Paid
PM0000999,P00046,2023-07-01,408.98,408.98,Paid
PM0012702,P00652,2025-03-01,687.04,687.04,Paid
PM0007839,P00405,2025-03-01,260.54,260.54,Paid
PM0009943,P00511,2025-10-01,105.47,105.47,Paid
PM0013692,P00701,2026-04-01,331.54,331.54,Paid
PM0008721,P00449,2023-11-01,33.62,33.62,Paid
PM0008968,P00463,2025-08-01,120.66,120.66,Paid
PM0011340,P00589,2024-07-01,180.3,180.3,Paid
PM0007788,P00402,2026-07-01,234.54,234.54,Paid
PM0006455,P00329,2026-01-01,424.18,0.0,Missed
PM0008873,P00454,2025-07-01,258.55,258.55,Paid
PM0003529,P00173,2025-04-01,247.69,247.69,Paid
PM0003072,P00152,2026-06-01,108.42,108.42,Paid
PM0004563,P00237,2026-06-01,155.16,155.16,Paid
PM0002413,P00123,2026-01-01,697.83,0.0,Missed
PM0001047,P00048,2024-05-01,243.93,243.93,Paid
PM0004649,P00244,2024-11-01,138.03,138.03,Paid
PM0007867,P00408,2024-12-01,137.55,137.55,Paid
PM0009608,P00493,2023-03-01,290.68,290.68,Paid
PM0011951,P00618,2026-01-01,713.22,713.22,Paid
PM0002129,P00103,2026-05-01,836.1,836.1,Paid
PM0013144,P00674,2025-03-01,176.2,0.0,Missed
PM0004934,P00259,2025-04-01,584.68,584.68,Paid
PM0001685,P00078,2024-08-01,500.1,259.5,Partial
PM0007440,P00384,2026-02-01,545.23,545.23,Paid
PM0000279,P00015,2024-09-01,224.35,224.35,Paid
PM0012907,P00662,2026-01-01,135.48,135.48,Paid
PM0007465,P00385,2026-03-01,183.7,183.7,Paid
PM0010290,P00528,2026-06-01,91.62,91.62,Paid
PM0013511,P00693,2026-01-01,313.0,313.0,Paid
PM0006133,P00318,2023-08-01,212.45,212.45,Paid
PM0005362,P00283,2026-01-01,36.5,36.5,Paid
PM0000976,P00045,2024-11-01,217.69,217.69,Paid
PM0005322,P00281,2026-04-01,44.33,44.33,Paid
PM0005669,P00301,2025-06-01,157.4,157.4,Paid
PM0001838,P00085,2025-09-01,176.78,176.78,Paid
PM0002151,P00105,2026-01-01,442.04,442.04,Paid
PM0001263,P00058,2025-02-01,375.89,375.89,Paid
PM0011200,P00581,2024-08-01,101.16,101.16,Paid
PM0001152,P00053,2025-12-01,742.45,742.45,Paid
PM0006558,P00335,2025-04-01,77.12,77.12,Paid
PM0009148,P00471,2026-07-01,337.78,337.78,Paid
PM0010486,P00537,2024-08-01,570.54,570.54,Paid
PM0013835,P00709,2025-02-01,262.63,262.63,Paid
PM0008670,P00446,2023-07-01,130.98,130.98,Paid
PM0011668,P00602,2025-03-01,45.33,45.33,Paid
PM0007747,P00401,2024-07-01,309.09,219.92,Partial
PM0009206,P00474,2025-09-01,544.06,544.06,Paid
PM0001204,P00055,2025-04-01,480.85,480.85,Paid
PM0009334,P00482,2024-11-01,168.92,168.92,Paid
PM0001659,P00077,2025-10-01,179.71,179.71,Paid
PM0010480,P00537,2024-02-01,570.54,570.54,Paid
PM0008515,P00440,2025-11-01,373.63,373.63,Paid
PM0009283,P00478,2024-09-01,129.82,129.82,Paid
PM0000003,P00001,2025-11-01,86.9,86.9,Paid
PM0008334,P00431,2025-12-01,51.11,51.11,Paid
PM0000215,P00013,2026-02-01,149.19,149.19,Paid
PM0011205,P00581,2025-01-01,101.16,101.16,Paid
PM0012807,P00657,2025-02-01,126.71,126.71,Paid
PM0005778,P00305,2024-03-01,258.23,258.23,Paid
PM0012101,P00625,2026-03-01,177.27,177.27,Paid
PM0002675,P00133,2026-07-01,144.56,144.56,Paid
PM0007105,P00365,2025-06-01,75.89,75.89,Paid
PM0012066,P00624,2026-05-01,918.51,918.51,Paid
PM0004021,P00207,2024-04-01,95.37,95.37,Paid
PM0009180,P00473,2024-10-01,102.27,102.27,Paid
PM0003259,P00162,2026-07-01,283.27,283.27,Paid
PM0007258,P00374,2025-06-01,115.5,115.5,Paid
PM0012222,P00631,2025-09-01,315.0,315.0,Paid
PM0006872,P00350,2026-04-01,338.69,338.69,Paid
PM0000610,P00027,2025-11-01,65.33,65.33,Paid
PM0010302,P00529,2024-06-01,279.09,279.09,Paid
PM0013117,P00673,2025-08-01,730.17,730.17,Paid
PM0011615,P00598,2026-01-01,191.48,191.48,Paid
PM0013760,P00705,2026-06-01,165.8,165.8,Paid
PM0002443,P00124,2026-01-01,714.19,714.19,Paid
PM0004725,P00249,2024-07-01,320.96,320.96,Paid
PM0001719,P00079,2025-12-01,234.25,234.25,Paid
PM0002817,P00140,2025-02-01,584.86,584.86,Paid
PM0004573,P00239,2024-01-01,151.43,0.0,Missed
PM0010980,P00566,2025-03-01,572.96,572.96,Paid
PM0011495,P00594,2026-04-01,182.88,182.88,Paid
PM0008451,P00437,2026-03-01,250.12,250.12,Paid
PM0007245,P00374,2024-05-01,115.5,0.0,Missed
PM0002032,P00099,2026-03-01,706.95,706.95,Paid
PM0009376,P00483,2025-02-01,149.54,149.54,Paid
PM0013444,P00688,2026-05-01,532.63,532.63,Paid
PM0001919,P00093,2025-12-01,288.37,288.37,Paid
PM0003130,P00156,2025-06-01,231.94,231.94,Paid
PM0000422,P00020,2025-03-01,573.96,573.96,Paid
PM0012318,P00634,2025-07-01,347.04,347.04,Paid
PM0007809,P00404,2024-09-01,661.28,661.28,Paid
PM0007288,P00378,2023-01-01,521.31,521.31,Paid
PM0005957,P00312,2023-08-01,199.07,199.07,Paid
PM0002138,P00104,2025-12-01,248.78,248.78,Paid
PM0005698,P00303,2024-01-01,242.73,242.73,Paid
PM0000435,P00021,2024-08-01,195.65,195.65,Paid
PM0000073,P00006,2026-04-01,428.52,428.52,Paid
PM0011651,P00601,2025-05-01,54.01,54.01,Paid
PM0006320,P00325,2025-09-01,59.23,59.23,Paid
PM0000776,P00035,2026-04-01,139.14,139.14,Paid
PM0010801,P00551,2026-02-01,211.89,211.89,Paid
PM0003299,P00164,2025-10-01,119.33,119.33,Paid
PM0013025,P00668,2025-08-01,75.59,75.59,Paid
PM0011712,P00604,2026-07-01,1040.1,1040.1,Paid
PM0012742,P00654,2025-02-01,170.82,134.1,Partial
PM0002489,P00127,2024-10-01,117.63,117.63,Paid
PM0002006,P00098,2025-01-01,246.27,246.27,Paid
PM0008471,P00438,2024-06-01,374.73,374.73,Paid
PM0004981,P00262,2024-08-01,377.63,377.63,Paid
PM0010472,P00536,2026-07-01,0.0,0.0,Paid
PM0002734,P00137,2025-06-01,166.98,166.98,Paid
PM0002087,P00102,2025-12-01,406.58,406.58,Paid
PM0002932,P00146,2025-09-01,251.37,251.37,Paid
PM0010757,P00549,2025-12-01,54.97,54.97,Paid
PM0002544,P00130,2024-06-01,248.96,248.96,Paid
PM0004933,P00259,2025-03-01,584.68,584.68,Paid
PM0010787,P00550,2026-05-01,158.06,158.06,Paid
PM0007329,P00378,2026-06-01,521.31,0.0,Missed
PM0013849,P00709,2026-04-01,262.63,262.63,Paid
PM0012059,P00624,2025-10-01,918.51,918.51,Paid
PM0002310,P00116,2024-11-01,303.7,303.7,Paid
PM0004347,P00226,2023-11-01,719.63,0.0,Missed
PM0000048,P00004,2025-10-01,648.32,648.32,Paid
PM0002528,P00129,2024-09-01,578.23,578.23,Paid
PM0005926,P00311,2024-05-01,179.72,179.72,Paid
PM0012583,P00647,2024-12-01,199.76,199.76,Paid
PM0007336,P00379,2024-07-01,273.9,273.9,Paid
PM0002865,P00143,2024-12-01,472.19,0.0,Missed
PM0011165,P00578,2025-02-01,315.5,315.5,Paid
PM0008999,P00466,2024-01-01,167.02,167.02,Paid
PM0010793,P00551,2025-06-01,211.89,211.89,Paid
PM0012697,P00652,2024-10-01,687.04,687.04,Paid
PM0014192,P00730,2024-12-01,362.64,362.64,Paid
PM0005818,P00306,2023-12-01,227.92,227.92,Paid
PM0010755,P00549,2025-10-01,54.97,54.97,Paid
PM0012549,P00645,2025-04-01,187.95,187.95,Paid
PM0002226,P00110,2024-04-01,107.57,107.57,Paid
PM0013151,P00674,2025-10-01,176.2,176.2,Paid
PM0007571,P00390,2026-07-01,351.42,351.42,Paid
PM0002816,P00140,2025-01-01,584.86,584.86,Paid
PM0009998,P00514,2026-01-01,208.68,0.0,Missed
PM0013369,P00686,2024-01-01,187.22,187.22,Paid
PM0012284,P00633,2026-01-01,167.48,167.48,Paid
PM0008497,P00439,2026-01-01,134.08,134.08,Paid
PM0008212,P00427,2023-09-01,290.48,158.59,Partial
PM0012646,P00650,2024-03-01,300.09,300.09,Paid
PM0000609,P00027,2025-10-01,65.33,65.33,Paid
PM0006011,P00314,2025-03-01,212.52,212.52,Paid
PM0011100,P00572,2026-01-01,619.24,619.24,Paid
PM0009197,P00473,2026-03-01,102.27,35.34,Partial
PM0011514,P00595,2025-03-01,625.3,215.95,Partial
PM0003502,P00172,2026-07-01,388.96,388.96,Paid
PM0003492,P00172,2025-09-01,388.96,388.96,Paid
PM0000711,P00032,2025-11-01,457.22,457.22,Paid
PM0001999,P00097,2026-04-01,539.09,539.09,Paid
PM0012522,P00643,2025-10-01,269.85,269.85,Paid
PM0007539,P00390,2023-11-01,351.42,351.42,Paid
PM0012136,P00627,2026-02-01,193.55,193.55,Paid
PM0001627,P00077,2023-02-01,179.71,0.0,Missed
PM0014128,P00726,2026-04-01,178.8,178.8,Paid
PM0000155,P00009,2026-01-01,281.25,281.25,Paid
PM0003433,P00170,2024-06-01,388.44,388.44,Paid
PM0009777,P00503,2025-03-01,165.85,165.85,Paid
PM0006224,P00321,2026-01-01,76.37,76.37,Paid
PM0011571,P00597,2025-11-01,196.66,196.66,Paid
PM0005400,P00285,2023-11-01,357.44,357.44,Paid
PM0013063,P00671,2024-09-01,377.8,377.8,Paid
PM0002671,P00133,2026-03-01,144.56,144.56,Paid
PM0010023,P00515,2024-11-01,87.15,87.15,Paid
PM0013451,P00689,2025-11-01,39.27,39.27,Paid
PM0013055,P00671,2024-01-01,377.8,377.8,Paid
PM0014159,P00728,2024-08-01,147.25,147.25,Paid
PM0011357,P00589,2025-12-01,180.3,180.3,Paid
PM0000699,P00032,2024-11-01,457.22,457.22,Paid
PM0004120,P00211,2023-11-01,481.39,481.39,Paid
PM0012845,P00660,2024-07-01,245.23,245.23,Paid
PM0012272,P00632,2026-06-01,213.13,213.13,Paid
PM0003899,P00197,2026-01-01,810.95,810.95,Paid
PM0005931,P00311,2024-10-01,179.72,179.72,Paid
PM0007048,P00362,2024-08-01,341.2,0.0,Missed
PM0014382,P00739,2024-07-01,147.41,147.41,Paid
PM0003700,P00184,2025-05-01,406.16,406.16,Paid
PM0005268,P00276,2026-01-01,137.11,0.0,Missed
PM0012617,P00649,2024-11-01,246.64,246.64,Paid
PM0007761,P00402,2024-04-01,234.54,234.54,Paid
PM0001335,P00064,2025-10-01,0.0,0.0,Paid
PM0005144,P00271,2025-11-01,286.75,286.75,Paid
PM0005032,P00264,2026-07-01,170.2,170.2,Paid
PM0007906,P00410,2025-06-01,156.23,156.23,Paid
PM0009543,P00490,2025-05-01,45.05,45.05,Paid
PM0007466,P00385,2026-04-01,183.7,183.7,Paid
PM0013713,P00703,2025-01-01,218.62,218.62,Paid
PM0002519,P00128,2026-04-01,223.26,105.86,Partial
PM0000305,P00016,2023-09-01,180.43,180.43,Paid
PM0003105,P00156,2023-05-01,231.94,231.94,Paid
PM0014043,P00721,2025-10-01,248.01,248.01,Paid
PM0006436,P00328,2025-08-01,68.94,68.94,Paid
PM0004756,P00250,2024-02-01,70.42,70.42,Paid
PM0011493,P00594,2026-02-01,182.88,182.88,Paid
PM0005611,P00299,2025-05-01,121.63,121.63,Paid
PM0007781,P00402,2025-12-01,234.54,234.54,Paid
PM0004426,P00229,2025-10-01,486.41,486.41,Paid
PM0006530,P00334,2025-04-01,525.35,525.35,Paid
PM0001604,P00075,2025-08-01,496.67,496.67,Paid
PM0014300,P00736,2024-12-01,122.83,122.83,Paid
PM0006459,P00329,2026-05-01,424.18,0.0,Missed
PM0001611,P00075,2026-03-01,496.67,496.67,Paid
PM0013682,P00700,2026-05-01,330.96,330.96,Paid
PM0010438,P00535,2025-06-01,145.59,145.59,Paid
PM0002377,P00119,2024-08-01,67.83,67.83,Paid
PM0003779,P00190,2024-12-01,488.35,488.35,Paid
PM0004173,P00214,2025-11-01,377.99,377.99,Paid
PM0007102,P00365,2025-03-01,75.89,75.89,Paid
PM0003538,P00173,2026-01-01,247.69,247.69,Paid
PM0003062,P00152,2025-08-01,108.42,108.42,Paid
PM0014458,P00743,2025-11-01,540.59,540.59,Paid
PM0000168,P00010,2024-11-01,181.56,181.56,Paid
PM0000846,P00039,2025-02-01,1099.84,1099.84,Paid
PM0000190,P00011,2026-05-01,150.23,150.23,Paid
PM0001655,P00077,2025-06-01,179.71,179.71,Paid
PM0011510,P00595,2024-11-01,625.3,451.29,Partial
PM0009305,P00478,2026-07-01,129.82,129.82,Paid
PM0007778,P00402,2025-09-01,234.54,234.54,Paid
PM0001539,P00070,2026-01-01,85.97,85.97,Paid
PM0009359,P00483,2023-09-01,149.54,149.54,Paid
PM0010669,P00545,2025-02-01,191.08,191.08,Paid
PM0010495,P00537,2025-05-01,570.54,570.54,Paid
PM0002126,P00103,2026-02-01,836.1,836.1,Paid
PM0009141,P00471,2025-12-01,337.78,337.78,Paid
PM0004596,P00239,2025-12-01,151.43,151.43,Paid
PM0008364,P00434,2024-10-01,639.88,639.88,Paid
PM0012823,P00657,2026-06-01,126.71,126.71,Paid
PM0013566,P00696,2024-10-01,104.7,0.0,Missed
PM0001196,P00055,2024-08-01,480.85,208.28,Partial
PM0006846,P00349,2025-09-01,354.57,354.57,Paid
PM0010749,P00549,2025-04-01,54.97,54.97,Paid
PM0001892,P00091,2026-05-01,92.93,92.93,Paid
PM0000721,P00033,2025-02-01,70.59,70.59,Paid
PM0009131,P00471,2025-02-01,337.78,337.78,Paid
PM0012571,P00646,2025-05-01,72.97,72.97,Paid
PM0005215,P00274,2025-11-01,208.87,208.87,Paid
PM0003830,P00191,2025-10-01,295.15,194.89,Partial
PM0011798,P00611,2025-11-01,552.64,552.64,Paid
PM0011229,P00583,2024-10-01,68.95,68.95,Paid
PM0014576,P00750,2024-03-01,685.98,685.98,Paid
PM0001725,P00079,2026-06-01,234.25,234.25,Paid
PM0013360,P00685,2026-03-01,432.99,432.99,Paid
PM0008403,P00436,2023-07-01,410.56,410.56,Paid
PM0011638,P00599,2026-03-01,249.05,249.05,Paid
PM0004597,P00239,2026-01-01,151.43,151.43,Paid
PM0007530,P00389,2025-12-01,270.03,270.03,Paid
PM0008137,P00421,2025-04-01,560.92,560.92,Paid
PM0010194,P00524,2025-05-01,189.03,189.03,Paid
PM0000013,P00002,2023-06-01,321.5,321.5,Paid
PM0007752,P00401,2024-12-01,309.09,309.09,Paid
PM0008715,P00448,2026-03-01,387.88,0.0,Missed
PM0010992,P00567,2025-01-01,85.61,85.61,Paid
PM0006398,P00327,2025-10-01,428.66,428.66,Paid
PM0010927,P00562,2024-12-01,285.53,285.53,Paid
PM0003441,P00170,2025-02-01,388.44,388.44,Paid
PM0007764,P00402,2024-07-01,234.54,234.54,Paid
PM0005608,P00299,2025-02-01,121.63,121.63,Paid
PM0006066,P00316,2023-09-01,790.35,790.35,Paid
PM0001193,P00055,2024-05-01,480.85,480.85,Paid
PM0002881,P00143,2026-04-01,472.19,472.19,Paid
PM0007883,P00408,2026-04-01,137.55,137.55,Paid
PM0007870,P00408,2025-03-01,137.55,137.55,Paid
PM0011209,P00581,2025-05-01,101.16,101.16,Paid
PM0001004,P00046,2023-12-01,408.98,408.98,Paid
PM0008657,P00445,2025-12-01,778.87,778.87,Paid
PM0001454,P00067,2026-03-01,198.85,198.85,Paid
PM0003547,P00174,2026-06-01,295.87,295.87,Paid
PM0007318,P00378,2025-07-01,521.31,521.31,Paid
PM0004307,P00224,2025-06-01,642.21,0.0,Missed
PM0004525,P00234,2025-10-01,101.87,101.87,Paid
PM0003985,P00203,2025-11-01,231.55,231.55,Paid
PM0003758,P00188,2026-03-01,151.72,151.72,Paid
PM0009278,P00478,2024-04-01,129.82,129.82,Paid
PM0008075,P00418,2023-03-01,476.51,476.51,Paid
PM0008190,P00426,2024-10-01,240.12,240.12,Paid
PM0010671,P00545,2025-04-01,191.08,191.08,Paid
PM0007888,P00409,2025-10-01,115.73,115.73,Paid
PM0007946,P00413,2023-03-01,357.69,357.69,Paid
PM0014158,P00728,2024-07-01,147.25,0.0,Missed
PM0004141,P00211,2025-08-01,481.39,481.39,Paid
PM0002307,P00116,2024-08-01,303.7,303.7,Paid
PM0012694,P00652,2024-07-01,687.04,687.04,Paid
PM0014589,P00750,2025-04-01,685.98,685.98,Paid
PM0001993,P00097,2025-10-01,539.09,539.09,Paid
PM0007477,P00387,2025-04-01,344.41,344.41,Paid
PM0002651,P00133,2024-07-01,144.56,144.56,Paid
PM0001355,P00065,2024-06-01,174.21,174.21,Paid
PM0013672,P00700,2025-07-01,330.96,330.96,Paid
PM0000742,P00034,2025-02-01,68.03,68.03,Paid
PM0005273,P00276,2026-06-01,137.11,137.11,Paid
PM0002574,P00131,2024-05-01,359.57,359.57,Paid
PM0006890,P00351,2024-06-01,467.05,467.05,Paid
PM0005352,P00283,2025-03-01,36.5,36.5,Paid
PM0013066,P00671,2024-12-01,377.8,377.8,Paid
PM0006390,P00327,2025-02-01,428.66,428.66,Paid
PM0012606,P00648,2026-06-01,161.57,51.69,Partial
PM0004132,P00211,2024-11-01,481.39,481.39,Paid
PM0006473,P00331,2025-11-01,100.4,100.4,Paid
PM0010513,P00538,2024-12-01,199.22,199.22,Paid
PM0006565,P00335,2025-11-01,77.12,25.26,Partial
PM0009691,P00499,2025-10-01,37.36,37.36,Paid
PM0000634,P00028,2024-08-01,101.58,101.58,Paid
PM0004020,P00207,2024-03-01,95.37,0.0,Missed
PM0013706,P00702,2026-03-01,279.0,279.0,Paid
PM0014560,P00749,2025-05-01,243.11,243.11,Paid
PM0010163,P00522,2026-03-01,478.26,478.26,Paid
PM0003857,P00194,2024-10-01,765.13,765.13,Paid
PM0013235,P00679,2023-11-01,445.32,445.32,Paid
PM0012278,P00633,2025-07-01,167.48,167.48,Paid
PM0008636,P00445,2024-03-01,778.87,778.87,Paid
PM0003648,P00183,2024-03-01,179.81,179.81,Paid
PM0003471,P00171,2025-01-01,608.31,284.13,Partial
PM0003987,P00203,2026-01-01,231.55,231.55,Paid
PM0004232,P00221,2024-03-01,354.54,354.54,Paid
PM0006289,P00325,2023-02-01,59.23,59.23,Paid
PM0012544,P00645,2024-11-01,187.95,187.95,Paid
PM0011502,P00595,2024-03-01,625.3,625.3,Paid
PM0011286,P00586,2025-10-01,835.48,835.48,Paid
PM0000805,P00037,2024-04-01,530.5,530.5,Paid
PM0006150,P00318,2025-01-01,212.45,212.45,Paid
PM0009851,P00507,2026-03-01,110.0,110.0,Paid
PM0010771,P00550,2025-01-01,158.06,0.0,Missed
PM0008324,P00430,2025-10-01,323.55,323.55,Paid
PM0003759,P00188,2026-04-01,151.72,151.72,Paid
PM0006387,P00327,2024-11-01,428.66,0.0,Missed
PM0000542,P00026,2023-08-01,945.63,945.63,Paid
PM0012018,P00621,2026-05-01,181.36,181.36,Paid
PM0009812,P00505,2023-10-01,201.93,201.93,Paid
PM0003977,P00202,2026-04-01,179.65,179.65,Paid
PM0006664,P00340,2026-06-01,163.98,163.98,Paid
PM0003193,P00159,2026-07-01,121.97,0.0,Missed
PM0001823,P00085,2024-06-01,176.78,176.78,Paid
PM0012607,P00648,2026-07-01,161.57,161.57,Paid
PM0012587,P00647,2025-04-01,199.76,199.76,Paid
PM0002522,P00128,2026-07-01,223.26,223.26,Paid
PM0003388,P00167,2026-01-01,379.76,379.76,Paid
PM0005052,P00266,2025-06-01,547.51,218.05,Partial
PM0011250,P00583,2026-07-01,68.95,68.95,Paid
PM0011930,P00617,2025-08-01,332.67,332.67,Paid
PM0004247,P00221,2025-06-01,354.54,109.59,Partial
PM0006498,P00332,2026-05-01,122.94,122.94,Paid
PM0006019,P00314,2025-11-01,212.52,212.52,Paid
PM0007574,P00391,2025-07-01,341.5,341.5,Paid
PM0009445,P00486,2025-03-01,482.7,482.7,Paid
PM0014414,P00740,2026-01-01,758.16,758.16,Paid
PM0013238,P00679,2024-02-01,445.32,0.0,Missed
PM0010359,P00532,2024-08-01,412.5,0.0,Missed
PM0012057,P00624,2025-08-01,918.51,918.51,Paid
PM0011282,P00585,2025-07-01,64.64,64.64,Paid
PM0000588,P00027,2024-01-01,65.33,65.33,Paid
PM0013425,P00687,2025-04-01,157.79,157.79,Paid
PM0000344,P00018,2023-04-01,131.65,131.65,Paid
PM0013653,P00700,2023-12-01,330.96,330.96,Paid
PM0011059,P00571,2024-08-01,296.29,296.29,Paid
PM0011299,P00587,2026-04-01,63.77,63.77,Paid
PM0001208,P00055,2025-08-01,480.85,480.85,Paid
PM0006663,P00340,2026-05-01,163.98,163.98,Paid
PM0005225,P00275,2023-02-01,181.0,181.0,Paid
PM0007954,P00413,2023-11-01,357.69,357.69,Paid
PM0011802,P00611,2026-03-01,552.64,552.64,Paid
PM0004713,P00247,2026-06-01,285.57,285.57,Paid
PM0004271,P00222,2025-06-01,42.17,42.17,Paid
PM0011861,P00614,2025-08-01,82.1,82.1,Paid
PM0007875,P00408,2025-08-01,137.55,137.55,Paid
PM0000352,P00018,2023-12-01,131.65,131.65,Paid
PM0008555,P00442,2024-04-01,89.15,89.15,Paid
PM0007202,P00371,2026-04-01,233.81,233.81,Paid
PM0001634,P00077,2023-09-01,179.71,179.71,Paid
PM0002451,P00125,2024-09-01,143.81,143.81,Paid
PM0014064,P00723,2024-12-01,242.27,242.27,Paid
PM0011092,P00572,2025-05-01,619.24,619.24,Paid
PM0004658,P00244,2025-08-01,138.03,138.03,Paid
PM0000150,P00009,2025-08-01,281.25,281.25,Paid
PM0003286,P00163,2025-08-01,505.44,505.44,Paid
PM0004240,P00221,2024-11-01,354.54,354.54,Paid
PM0012089,P00625,2025-03-01,177.27,177.27,Paid
PM0012766,P00655,2025-12-01,156.78,156.78,Paid
PM0011784,P00611,2024-09-01,552.64,0.0,Missed
PM0003974,P00202,2026-01-01,179.65,179.65,Paid
PM0001648,P00077,2024-11-01,179.71,179.71,Paid
PM0013441,P00688,2026-02-01,532.63,532.63,Paid
PM0002620,P00132,2024-09-01,323.1,323.1,Paid
PM0011056,P00570,2026-07-01,159.96,159.96,Paid
PM0013784,P00706,2025-10-01,257.22,257.22,Paid
PM0002055,P00100,2026-03-01,386.41,386.41,Paid
PM0006352,P00326,2025-01-01,203.51,203.51,Paid
PM0000421,P00020,2025-02-01,573.96,573.96,Paid
PM0014153,P00728,2024-02-01,147.25,147.25,Paid
PM0003031,P00151,2026-01-01,399.27,399.27,Paid
PM0009022,P00466,2025-12-01,167.02,167.02,Paid
PM0013598,P00697,2026-02-01,206.98,206.98,Paid
PM0002137,P00104,2025-11-01,248.78,248.78,Paid
PM0009557,P00490,2026-07-01,45.05,45.05,Paid
PM0007386,P00381,2025-01-01,137.11,137.11,Paid
PM0009779,P00503,2025-05-01,165.85,165.85,Paid
PM0014170,P00729,2025-02-01,122.57,122.57,Paid
PM0004577,P00239,2024-05-01,151.43,0.0,Missed
PM0003000,P00149,2025-08-01,166.92,80.53,Partial
PM0008897,P00456,2026-02-01,459.62,0.0,Missed
PM0001135,P00052,2025-11-01,219.66,219.66,Paid
PM0012672,P00650,2026-05-01,300.09,300.09,Paid
PM0003894,P00197,2025-08-01,810.95,0.0,Missed
PM0002663,P00133,2025-07-01,144.56,144.56,Paid
PM0013799,P00707,2026-03-01,442.88,442.88,Paid
PM0004156,P00212,2026-06-01,333.07,333.07,Paid
PM0002268,P00113,2024-08-01,16.19,16.19,Paid
PM0006244,P00322,2024-06-01,105.73,0.0,Missed
PM0009484,P00487,2025-01-01,378.75,378.75,Paid
PM0013054,P00671,2023-12-01,377.8,377.8,Paid
PM0009972,P00513,2025-07-01,80.59,80.59,Paid
PM0003895,P00197,2025-09-01,810.95,810.95,Paid
PM0000556,P00026,2024-10-01,945.63,945.63,Paid
PM0004970,P00262,2023-09-01,377.63,377.63,Paid
PM0009055,P00468,2025-09-01,439.51,439.51,Paid
PM0009050,P00468,2025-04-01,439.51,0.0,Missed
PM0010878,P00557,2024-10-01,321.82,321.82,Paid
PM0001696,P00078,2025-07-01,500.1,500.1,Paid
PM0010140,P00521,2025-09-01,21.45,21.45,Paid
PM0000433,P00021,2024-06-01,195.65,195.65,Paid
PM0012512,P00642,2026-05-01,421.15,421.15,Paid
PM0002977,P00148,2026-05-01,62.38,0.0,Missed
PM0006917,P00352,2023-05-01,441.45,441.45,Paid
PM0000146,P00009,2025-04-01,281.25,281.25,Paid
PM0002862,P00143,2024-09-01,472.19,472.19,Paid
PM0009342,P00482,2025-07-01,168.92,168.92,Paid
PM0001504,P00069,2024-06-01,143.01,143.01,Paid
PM0000572,P00026,2026-02-01,945.63,945.63,Paid
PM0007836,P00405,2024-12-01,260.54,260.54,Paid
PM0001082,P00049,2025-09-01,64.0,64.0,Paid
PM0002829,P00140,2026-02-01,584.86,584.86,Paid
PM0002828,P00140,2026-01-01,584.86,584.86,Paid
PM0008554,P00442,2024-03-01,89.15,89.15,Paid
PM0007213,P00373,2025-04-01,362.95,362.95,Paid
PM0000936,P00043,2026-02-01,536.29,536.29,Paid
PM0012947,P00664,2026-05-01,74.73,74.73,Paid
PM0005208,P00274,2025-04-01,208.87,208.87,Paid
PM0006012,P00314,2025-04-01,212.52,212.52,Paid
PM0002635,P00132,2025-12-01,323.1,323.1,Paid
PM0001035,P00046,2026-07-01,408.98,408.98,Paid
PM0011538,P00596,2024-06-01,174.96,174.96,Paid
PM0004122,P00211,2024-01-01,481.39,481.39,Paid
PM0004265,P00222,2024-12-01,42.17,42.17,Paid
PM0005571,P00297,2025-05-01,254.69,254.69,Paid
PM0002134,P00104,2025-08-01,248.78,0.0,Missed
PM0012654,P00650,2024-11-01,300.09,300.09,Paid
PM0006730,P00343,2025-04-01,97.41,97.41,Paid
PM0007032,P00360,2025-12-01,259.6,259.6,Paid
PM0003989,P00203,2026-03-01,231.55,0.0,Missed
PM0002643,P00133,2023-11-01,144.56,144.56,Paid
PM0009023,P00466,2026-01-01,167.02,167.02,Paid
PM0005941,P00311,2025-08-01,179.72,179.72,Paid
PM0014494,P00745,2026-05-01,508.87,0.0,Missed
PM0004857,P00255,2025-04-01,444.0,444.0,Paid
PM0010381,P00532,2026-06-01,412.5,412.5,Paid
PM0011803,P00611,2026-04-01,552.64,552.64,Paid
PM0010327,P00529,2026-07-01,279.09,279.09,Paid
PM0014602,P00750,2026-05-01,685.98,685.98,Paid
PM0007844,P00405,2025-08-01,260.54,260.54,Paid
PM0006009,P00314,2025-01-01,212.52,212.52,Paid
PM0009103,P00469,2026-06-01,458.43,458.43,Paid
PM0011790,P00611,2025-03-01,552.64,552.64,Paid
PM0013223,P00677,2026-05-01,138.01,138.01,Paid
PM0005378,P00284,2024-04-01,554.65,0.0,Missed
PM0004205,P00219,2026-05-01,185.42,185.42,Paid
PM0003862,P00195,2025-10-01,305.69,305.69,Paid
PM0004937,P00259,2025-07-01,584.68,584.68,Paid
PM0010262,P00527,2025-02-01,559.89,559.89,Paid
PM0004446,P00230,2026-06-01,353.59,353.59,Paid
PM0006084,P00316,2025-03-01,790.35,790.35,Paid
PM0005460,P00287,2026-04-01,183.69,183.69,Paid
PM0013395,P00686,2026-03-01,187.22,187.22,Paid
PM0007771,P00402,2025-02-01,234.54,234.54,Paid
PM0011617,P00598,2026-03-01,191.48,191.48,Paid
PM0011041,P00570,2025-04-01,159.96,159.96,Paid
PM0005290,P00279,2023-10-01,341.33,341.33,Paid
PM0001006,P00046,2024-02-01,408.98,408.98,Paid
PM0005408,P00285,2024-07-01,357.44,357.44,Paid
PM0011962,P00619,2024-04-01,377.2,377.2,Paid
PM0012620,P00649,2025-02-01,246.64,246.64,Paid
PM0014176,P00729,2025-08-01,122.57,122.57,Paid
PM0008545,P00442,2023-06-01,89.15,89.15,Paid
PM0011636,P00599,2026-01-01,249.05,249.05,Paid
PM0007586,P00391,2026-07-01,341.5,341.5,Paid
PM0003374,P00167,2024-11-01,379.76,379.76,Paid
PM0001351,P00065,2024-02-01,174.21,174.21,Paid
PM0011620,P00598,2026-06-01,191.48,191.48,Paid
PM0007891,P00409,2026-01-01,115.73,115.73,Paid
PM0008917,P00458,2025-12-01,109.32,109.32,Paid
PM0003633,P00182,2026-06-01,226.88,226.88,Paid
PM0003781,P00190,2025-02-01,488.35,488.35,Paid
PM0011909,P00617,2023-11-01,332.67,332.67,Paid
PM0009826,P00506,2025-03-01,62.5,62.5,Paid
PM0013499,P00693,2025-01-01,313.0,313.0,Paid
PM0008891,P00455,2026-07-01,485.69,485.69,Paid
PM0006626,P00338,2024-11-01,127.34,127.34,Paid
PM0013554,P00695,2026-02-01,547.06,547.06,Paid
PM0011319,P00588,2025-07-01,743.35,743.35,Paid
PM0013192,P00676,2025-08-01,349.53,349.53,Paid
PM0014522,P00747,2025-08-01,149.96,149.96,Paid
PM0001186,P00055,2023-10-01,480.85,480.85,Paid
PM0000137,P00009,2024-07-01,281.25,281.25,Paid
PM0011690,P00604,2024-09-01,1040.1,1040.1,Paid
PM0005193,P00273,2026-03-01,147.79,147.79,Paid
PM0008589,P00443,2025-09-01,112.5,64.75,Partial
PM0005501,P00290,2026-05-01,564.15,564.15,Paid
PM0012793,P00657,2023-12-01,126.71,126.71,Paid
PM0001093,P00050,2024-07-01,405.72,405.72,Paid
PM0006394,P00327,2025-06-01,428.66,428.66,Paid
PM0014590,P00750,2025-05-01,685.98,685.98,Paid
PM0011846,P00614,2024-05-01,82.1,82.1,Paid
PM0005331,P00282,2024-12-01,396.55,396.55,Paid
PM0013006,P00668,2024-01-01,75.59,75.59,Paid
PM0000636,P00028,2024-10-01,101.58,101.58,Paid
PM0003318,P00165,2025-11-01,882.81,882.81,Paid
PM0000514,P00025,2024-05-01,170.93,170.93,Paid
PM0001341,P00064,2026-04-01,0.0,0.0,Paid
PM0002780,P00139,2024-02-01,560.94,188.38,Partial
PM0000959,P00044,2025-09-01,205.22,0.0,Missed
PM0014050,P00721,2026-05-01,248.01,248.01,Paid
PM0003891,P00197,2025-05-01,810.95,810.95,Paid
PM0010845,P00554,2025-09-01,46.23,46.23,Paid
PM0001040,P00047,2025-12-01,167.5,167.5,Paid
PM0009808,P00504,2026-05-01,604.93,604.93,Paid
PM0006249,P00322,2024-11-01,105.73,50.72,Partial
PM0005459,P00287,2026-03-01,183.69,183.69,Paid
PM0010448,P00535,2026-04-01,145.59,145.59,Paid
PM0005314,P00281,2025-08-01,44.33,44.33,Paid
PM0013679,P00700,2026-02-01,330.96,330.96,Paid
PM0001022,P00046,2025-06-01,408.98,408.98,Paid
PM0007522,P00389,2025-04-01,270.03,270.03,Paid
PM0002906,P00144,2024-11-01,499.74,499.74,Paid
PM0009787,P00503,2026-01-01,165.85,165.85,Paid
PM0005907,P00309,2026-06-01,396.29,396.29,Paid
PM0008010,P00415,2025-12-01,435.73,435.73,Paid
PM0006779,P00345,2025-05-01,661.78,661.78,Paid
PM0012132,P00627,2025-10-01,193.55,193.55,Paid
PM0014492,P00744,2025-04-01,326.31,326.31,Paid
PM0005310,P00280,2026-04-01,98.47,98.47,Paid
PM0000306,P00016,2023-10-01,180.43,180.43,Paid
PM0005974,P00312,2025-01-01,199.07,199.07,Paid
PM0010245,P00527,2023-09-01,559.89,559.89,Paid
PM0011323,P00588,2025-11-01,743.35,743.35,Paid
PM0013294,P00683,2024-05-01,256.4,256.4,Paid
PM0002211,P00108,2026-02-01,422.63,422.63,Paid
PM0013381,P00686,2025-01-01,187.22,187.22,Paid
PM0011817,P00613,2023-11-01,192.22,192.22,Paid
PM0003859,P00194,2024-12-01,765.13,765.13,Paid
PM0005630,P00300,2025-06-01,297.62,297.62,Paid
PM0005447,P00287,2025-03-01,183.69,183.69,Paid
PM0008790,P00451,2025-07-01,195.14,195.14,Paid
PM0009177,P00473,2024-07-01,102.27,102.27,Paid
PM0002976,P00148,2026-04-01,62.38,62.38,Paid
PM0002888,P00144,2023-05-01,499.74,499.74,Paid
PM0006621,P00338,2024-06-01,127.34,127.34,Paid
PM0000376,P00018,2025-12-01,131.65,131.65,Paid
PM0009868,P00508,2025-09-01,633.22,633.22,Paid
PM0000679,P00031,2025-09-01,211.73,0.0,Missed
PM0012935,P00664,2025-05-01,74.73,74.73,Paid
PM0009184,P00473,2025-02-01,102.27,102.27,Paid
PM0008197,P00426,2025-05-01,240.12,240.12,Paid
PM0010875,P00557,2024-07-01,321.82,321.82,Paid
PM0004167,P00214,2025-05-01,377.99,377.99,Paid
PM0005016,P00263,2025-12-01,678.47,678.47,Paid
PM0014361,P00738,2026-05-01,544.15,544.15,Paid
PM0011706,P00604,2026-01-01,1040.1,1040.1,Paid
PM0002004,P00098,2024-11-01,246.27,246.27,Paid
PM0008932,P00459,2024-05-01,413.49,413.49,Paid
PM0003696,P00184,2025-01-01,406.16,406.16,Paid
PM0008214,P00427,2023-11-01,290.48,290.48,Paid
PM0010252,P00527,2024-04-01,559.89,559.89,Paid
PM0006902,P00351,2025-06-01,467.05,467.05,Paid
PM0009883,P00509,2024-09-01,191.4,191.4,Paid
PM0014557,P00749,2025-02-01,243.11,243.11,Paid
PM0010833,P00554,2024-09-01,46.23,46.23,Paid
PM0009905,P00509,2026-07-01,191.4,191.4,Paid
PM0007568,P00390,2026-04-01,351.42,351.42,Paid
PM0002078,P00102,2025-03-01,406.58,406.58,Paid
PM0005357,P00283,2025-08-01,36.5,36.5,Paid
PM0011242,P00583,2025-11-01,68.95,68.95,Paid
PM0010800,P00551,2026-01-01,211.89,211.89,Paid
PM0008842,P00453,2025-12-01,685.23,685.23,Paid
PM0008398,P00436,2023-02-01,410.56,410.56,Paid
PM0012860,P00660,2025-10-01,245.23,0.0,Missed
PM0009891,P00509,2025-05-01,191.4,191.4,Paid
PM0008032,P00416,2024-07-01,127.49,127.49,Paid
PM0003497,P00172,2026-02-01,388.96,388.96,Paid
PM0013339,P00684,2025-03-01,128.15,128.15,Paid
PM0010526,P00539,2024-07-01,220.03,0.0,Missed
PM0007126,P00367,2025-11-01,613.85,613.85,Paid
PM0005811,P00306,2023-05-01,227.92,227.92,Paid
PM0011169,P00578,2025-06-01,315.5,315.5,Paid
PM0012891,P00661,2026-03-01,413.69,413.69,Paid
PM0010142,P00521,2025-11-01,21.45,21.45,Paid
PM0001292,P00059,2024-12-01,134.5,134.5,Paid
PM0001369,P00065,2025-08-01,174.21,174.21,Paid
PM0000665,P00031,2024-07-01,211.73,211.73,Paid
PM0004855,P00255,2025-02-01,444.0,444.0,Paid
PM0010990,P00566,2026-01-01,572.96,572.96,Paid
PM0000654,P00028,2026-04-01,101.58,101.58,Paid
PM0003445,P00170,2025-06-01,388.44,388.44,Paid
PM0002890,P00144,2023-07-01,499.74,499.74,Paid
PM0012210,P00631,2024-09-01,315.0,315.0,Paid
PM0003349,P00166,2025-12-01,263.35,263.35,Paid
PM0010427,P00535,2024-07-01,145.59,145.59,Paid
PM0012651,P00650,2024-08-01,300.09,300.09,Paid
PM0002212,P00108,2026-03-01,422.63,271.01,Partial
PM0007301,P00378,2024-02-01,521.31,521.31,Paid
PM0002457,P00125,2025-03-01,143.81,143.81,Paid
PM0009941,P00511,2025-08-01,105.47,105.47,Paid
PM0010773,P00550,2025-03-01,158.06,0.0,Missed
PM0004896,P00257,2025-03-01,229.95,229.95,Paid
PM0006810,P00347,2025-02-01,629.61,629.61,Paid
PM0001755,P00081,2024-10-01,316.18,316.18,Paid
PM0006325,P00325,2026-02-01,59.23,59.23,Paid
PM0000173,P00010,2025-04-01,181.56,181.56,Paid
PM0006700,P00341,2026-03-01,207.83,207.83,Paid
PM0012591,P00647,2025-08-01,199.76,199.76,Paid
PM0012543,P00645,2024-10-01,187.95,187.95,Paid
PM0002266,P00113,2024-06-01,16.19,16.19,Paid
PM0013350,P00684,2026-02-01,128.15,128.15,Paid
PM0001078,P00049,2025-05-01,64.0,0.0,Missed
PM0000238,P00014,2024-08-01,207.74,207.74,Paid
PM0007835,P00405,2024-11-01,260.54,260.54,Paid
PM0006034,P00315,2024-06-01,113.63,113.63,Paid
PM0011787,P00611,2024-12-01,552.64,552.64,Paid
PM0013105,P00672,2025-10-01,77.27,77.27,Paid
PM0008140,P00421,2025-07-01,560.92,560.92,Paid
PM0004140,P00211,2025-07-01,481.39,481.39,Paid
PM0009461,P00486,2026-07-01,482.7,482.7,Paid
PM0009311,P00479,2026-01-01,106.47,0.0,Missed
PM0004144,P00211,2025-11-01,481.39,481.39,Paid
PM0009303,P00478,2026-05-01,129.82,129.82,Paid
PM0003027,P00150,2026-06-01,66.26,66.26,Paid
PM0012703,P00652,2025-04-01,687.04,687.04,Paid
PM0011907,P00617,2023-09-01,332.67,332.67,Paid
PM0009621,P00494,2026-02-01,666.1,666.1,Paid
PM0008437,P00436,2026-05-01,410.56,410.56,Paid
PM0003544,P00173,2026-07-01,247.69,247.69,Paid
PM0008708,P00447,2024-01-01,817.77,817.77,Paid
PM0005580,P00297,2026-02-01,254.69,254.69,Paid
PM0004921,P00258,2025-09-01,243.18,243.18,Paid
PM0008249,P00428,2024-05-01,71.98,71.98,Paid
PM0013118,P00673,2025-09-01,730.17,730.17,Paid
PM0013985,P00718,2026-05-01,134.33,134.33,Paid
PM0002015,P00098,2025-10-01,246.27,246.27,Paid
PM0007863,P00408,2024-08-01,137.55,137.55,Paid
PM0007371,P00380,2025-10-01,367.3,367.3,Paid
PM0014127,P00726,2026-03-01,178.8,178.8,Paid
PM0002917,P00145,2025-05-01,294.38,294.38,Paid
PM0010176,P00523,2025-11-01,185.15,185.15,Paid
PM0003835,P00191,2026-03-01,295.15,295.15,Paid
PM0001807,P00085,2023-02-01,176.78,176.78,Paid
PM0008553,P00442,2024-02-01,89.15,89.15,Paid
PM0000561,P00026,2025-03-01,945.63,945.63,Paid
PM0011631,P00599,2025-08-01,249.05,249.05,Paid
PM0005188,P00273,2025-10-01,147.79,0.0,Missed
PM0003010,P00149,2026-06-01,166.92,166.92,Paid
PM0003546,P00174,2026-05-01,295.87,295.87,Paid
PM0010866,P00556,2026-02-01,471.16,471.16,Paid
PM0008915,P00457,2026-07-01,138.98,138.98,Paid
PM0001197,P00055,2024-09-01,480.85,480.85,Paid
PM0003481,P00171,2025-11-01,608.31,608.31,Paid
PM0007484,P00387,2025-11-01,344.41,344.41,Paid
PM0013528,P00695,2023-12-01,547.06,547.06,Paid
PM0011971,P00619,2025-01-01,377.2,377.2,Paid
PM0000839,P00038,2026-01-01,422.3,422.3,Paid
PM0010631,P00543,2026-07-01,150.12,150.12,Paid
PM0005170,P00272,2025-10-01,176.81,176.81,Paid
PM0009775,P00503,2025-01-01,165.85,165.85,Paid
PM0008200,P00426,2025-08-01,240.12,240.12,Paid
PM0004282,P00222,2026-05-01,42.17,42.17,Paid
PM0008131,P00421,2024-10-01,560.92,560.92,Paid
PM0004919,P00258,2025-07-01,243.18,243.18,Paid
PM0008327,P00430,2026-01-01,323.55,323.55,Paid
PM0003323,P00165,2026-04-01,882.81,882.81,Paid
PM0004626,P00241,2026-02-01,232.67,232.67,Paid
PM0011855,P00614,2025-02-01,82.1,82.1,Paid
PM0005148,P00271,2026-03-01,286.75,286.75,Paid
PM0010247,P00527,2023-11-01,559.89,559.89,Paid
PM0011958,P00619,2023-12-01,377.2,377.2,Paid
PM0003308,P00164,2026-07-01,119.33,119.33,Paid
PM0010036,P00515,2025-12-01,87.15,87.15,Paid
PM0001496,P00069,2023-10-01,143.01,143.01,Paid
PM0000263,P00015,2023-05-01,224.35,224.35,Paid
PM0009564,P00491,2026-04-01,236.06,236.06,Paid
PM0004454,P00232,2023-10-01,449.75,449.75,Paid
PM0014384,P00739,2024-09-01,147.41,147.41,Paid
PM0010337,P00531,2025-11-01,390.73,390.73,Paid
PM0013426,P00687,2025-05-01,157.79,157.79,Paid
PM0007388,P00381,2025-03-01,137.11,137.11,Paid
PM0000301,P00015,2026-07-01,224.35,224.35,Paid
PM0001211,P00055,2025-11-01,480.85,480.85,Paid
PM0009761,P00503,2023-11-01,165.85,165.85,Paid
PM0005473,P00290,2024-01-01,564.15,564.15,Paid
PM0012853,P00660,2025-03-01,245.23,245.23,Paid
PM0004211,P00220,2025-07-01,204.49,204.49,Paid
PM0001576,P00073,2025-05-01,35.19,0.0,Missed
PM0013533,P00695,2024-05-01,547.06,547.06,Paid
PM0008338,P00431,2026-04-01,51.11,51.11,Paid
PM0011993,P00620,2025-10-01,494.94,494.94,Paid
PM0013216,P00677,2025-10-01,138.01,138.01,Paid
PM0013183,P00676,2024-11-01,349.53,349.53,Paid
PM0012174,P00629,2025-10-01,489.53,489.53,Paid
PM0003923,P00199,2024-03-01,381.36,381.36,Paid
PM0007447,P00385,2024-09-01,183.7,183.7,Paid
PM0001244,P00056,2026-06-01,259.01,259.01,Paid
PM0003695,P00184,2024-12-01,406.16,406.16,Paid
PM0008170,P00423,2025-06-01,121.63,121.63,Paid
PM0007006,P00359,2025-05-01,394.21,394.21,Paid
PM0003655,P00183,2024-10-01,179.81,0.0,Missed
PM0010441,P00535,2025-09-01,145.59,145.59,Paid
PM0001709,P00079,2025-02-01,234.25,234.25,Paid
PM0009871,P00509,2023-09-01,191.4,191.4,Paid
PM0002867,P00143,2025-02-01,472.19,472.19,Paid
PM0013089,P00672,2024-06-01,77.27,77.27,Paid
PM0011587,P00598,2023-09-01,191.48,191.48,Paid
PM0010388,P00533,2025-07-01,513.85,513.85,Paid
PM0009846,P00507,2025-10-01,110.0,110.0,Paid
PM0004026,P00207,2024-09-01,95.37,95.37,Paid
PM0005766,P00305,2023-03-01,258.23,258.23,Paid
PM0002409,P00123,2025-09-01,697.83,697.83,Paid
PM0014032,P00721,2024-11-01,248.01,248.01,Paid
PM0001506,P00069,2024-08-01,143.01,0.0,Missed
PM0002349,P00117,2026-01-01,55.81,55.81,Paid
PM0006625,P00338,2024-10-01,127.34,127.34,Paid
PM0011121,P00575,2026-03-01,332.65,332.65,Paid
PM0006117,P00317,2025-11-01,140.28,0.0,Missed
PM0003320,P00165,2026-01-01,882.81,882.81,Paid
PM0000414,P00020,2024-07-01,573.96,573.96,Paid
PM0000566,P00026,2025-08-01,945.63,945.63,Paid
PM0009333,P00482,2024-10-01,168.92,168.92,Paid
PM0001597,P00074,2026-02-01,128.94,128.94,Paid
PM0005027,P00264,2026-02-01,170.2,170.2,Paid
PM0001673,P00078,2023-08-01,500.1,500.1,Paid
PM0003536,P00173,2025-11-01,247.69,247.69,Paid
PM0000898,P00041,2025-11-01,444.37,444.37,Paid
PM0002991,P00149,2024-11-01,166.92,166.92,Paid
PM0006138,P00318,2024-01-01,212.45,212.45,Paid
PM0011301,P00587,2026-06-01,63.77,63.77,Paid
PM0006079,P00316,2024-10-01,790.35,790.35,Paid
PM0009798,P00504,2025-07-01,604.93,604.93,Paid
PM0012315,P00634,2025-04-01,347.04,347.04,Paid
PM0014523,P00747,2025-09-01,149.96,149.96,Paid
PM0006295,P00325,2023-08-01,59.23,24.19,Partial
PM0000097,P00007,2026-02-01,495.09,495.09,Paid
PM0013436,P00687,2026-03-01,157.79,0.0,Missed
PM0007941,P00411,2026-06-01,189.15,189.15,Paid
PM0012424,P00638,2026-01-01,297.67,297.67,Paid
PM0004659,P00244,2025-09-01,138.03,138.03,Paid
PM0012585,P00647,2025-02-01,199.76,199.76,Paid
PM0010122,P00520,2024-07-01,52.54,52.54,Paid
PM0004720,P00248,2026-05-01,168.99,168.99,Paid
PM0009815,P00505,2024-01-01,201.93,201.93,Paid
PM0004901,P00257,2025-08-01,229.95,229.95,Paid
PM0008566,P00442,2025-03-01,89.15,89.15,Paid
PM0010639,P00544,2024-08-01,524.96,524.96,Paid
PM0014070,P00723,2025-06-01,242.27,242.27,Paid
PM0010340,P00531,2026-02-01,390.73,390.73,Paid
PM0008173,P00423,2025-09-01,121.63,121.63,Paid
PM0002347,P00117,2025-11-01,55.81,55.81,Paid
PM0011527,P00595,2026-04-01,625.3,625.3,Paid
PM0006376,P00327,2023-12-01,428.66,428.66,Paid
PM0011626,P00599,2025-03-01,249.05,249.05,Paid
PM0014104,P00725,2024-11-01,428.12,428.12,Paid
PM0013500,P00693,2025-02-01,313.0,313.0,Paid
PM0005729,P00304,2023-07-01,134.64,134.64,Paid
PM0007161,P00370,2024-01-01,138.19,138.19,Paid
PM0007845,P00405,2025-09-01,260.54,260.54,Paid
PM0004351,P00226,2024-03-01,719.63,719.63,Paid
PM0010243,P00527,2023-07-01,559.89,559.89,Paid
PM0011379,P00590,2025-11-01,368.18,368.18,Paid
PM0001222,P00056,2024-08-01,259.01,259.01,Paid
PM0013371,P00686,2024-03-01,187.22,187.22,Paid
PM0010064,P00518,2025-03-01,67.39,67.39,Paid
PM0011526,P00595,2026-03-01,625.3,0.0,Missed
PM0001610,P00075,2026-02-01,496.67,496.67,Paid
PM0002432,P00124,2025-02-01,714.19,714.19,Paid
PM0010095,P00519,2024-10-01,429.63,429.63,Paid
PM0000540,P00025,2026-07-01,170.93,170.93,Paid
PM0012858,P00660,2025-08-01,245.23,245.23,Paid
PM0006204,P00320,2026-01-01,149.0,149.0,Paid
PM0002224,P00110,2024-02-01,107.57,107.57,Paid
PM0007236,P00374,2023-08-01,115.5,115.5,Paid
PM0003157,P00158,2025-02-01,516.23,516.23,Paid
PM0014205,P00730,2026-01-01,362.64,362.64,Paid
PM0013091,P00672,2024-08-01,77.27,77.27,Paid
PM0008259,P00428,2025-03-01,71.98,71.98,Paid
PM0010920,P00562,2024-05-01,285.53,285.53,Paid
PM0003253,P00162,2026-01-01,283.27,283.27,Paid
PM0005925,P00311,2024-04-01,179.72,179.72,Paid
PM0010752,P00549,2025-07-01,54.97,43.39,Partial
PM0000599,P00027,2024-12-01,65.33,65.33,Paid
PM0004112,P00211,2023-03-01,481.39,481.39,Paid
PM0006655,P00340,2025-09-01,163.98,163.98,Paid
PM0001304,P00059,2025-12-01,134.5,134.5,Paid
PM0014535,P00748,2025-05-01,233.16,233.16,Paid
PM0012665,P00650,2025-10-01,300.09,300.09,Paid
PM0013024,P00668,2025-07-01,75.59,75.59,Paid
PM0011486,P00594,2025-07-01,182.88,182.88,Paid
PM0013473,P00692,2026-05-01,440.66,440.66,Paid
PM0010040,P00515,2026-04-01,87.15,87.15,Paid
PM0012805,P00657,2024-12-01,126.71,126.71,Paid
PM0000035,P00003,2025-08-01,40.13,40.13,Paid
PM0008960,P00460,2026-07-01,391.0,391.0,Paid
PM0010282,P00528,2025-10-01,91.62,91.62,Paid
PM0013914,P00713,2024-08-01,694.25,694.25,Paid
PM0012196,P00630,2025-09-01,287.44,287.44,Paid
PM0013868,P00711,2024-05-01,203.34,203.34,Paid
PM0014246,P00733,2025-07-01,118.82,118.82,Paid
PM0002484,P00127,2024-05-01,117.63,117.63,Paid
PM0002388,P00120,2026-06-01,849.25,849.25,Paid
PM0013076,P00671,2025-10-01,377.8,377.8,Paid
PM0013311,P00683,2025-10-01,256.4,256.4,Paid
PM0003007,P00149,2026-03-01,166.92,166.92,Paid
PM0007000,P00359,2024-11-01,394.21,394.21,Paid
PM0004614,P00241,2025-02-01,232.67,232.67,Paid
PM0004152,P00211,2026-07-01,481.39,481.39,Paid
PM0006608,P00337,2025-09-01,119.24,53.93,Partial
PM0001306,P00059,2026-02-01,134.5,134.5,Paid
PM0006373,P00327,2023-09-01,428.66,428.66,Paid
PM0011261,P00584,2025-03-01,447.73,0.0,Missed
PM0013758,P00705,2026-04-01,165.8,165.8,Paid
PM0002001,P00097,2026-06-01,539.09,0.0,Missed
PM0000885,P00040,2026-04-01,362.78,362.78,Paid
PM0009357,P00483,2023-07-01,149.54,149.54,Paid
PM0003133,P00156,2025-09-01,231.94,231.94,Paid
PM0010675,P00545,2025-08-01,191.08,191.08,Paid
PM0002587,P00131,2025-06-01,359.57,359.57,Paid
PM0013482,P00693,2023-08-01,313.0,313.0,Paid
PM0003214,P00161,2025-08-01,357.99,357.99,Paid
PM0008013,P00415,2026-03-01,435.73,0.0,Missed
PM0007075,P00364,2024-08-01,492.7,492.7,Paid
PM0010329,P00530,2026-06-01,1082.9,1082.9,Paid
PM0008496,P00438,2026-07-01,374.73,374.73,Paid
PM0002689,P00134,2026-03-01,195.27,195.27,Paid
PM0009256,P00477,2024-12-01,708.84,708.84,Paid
PM0007246,P00374,2024-06-01,115.5,115.5,Paid
PM0012977,P00667,2025-03-01,232.57,232.57,Paid
PM0008215,P00427,2023-12-01,290.48,290.48,Paid
PM0012707,P00652,2025-08-01,687.04,687.04,Paid
PM0003687,P00184,2024-04-01,406.16,406.16,Paid
PM0006688,P00341,2025-03-01,207.83,207.83,Paid
PM0001212,P00055,2025-12-01,480.85,480.85,Paid
PM0009439,P00485,2026-03-01,288.29,288.29,Paid
PM0013251,P00681,2025-02-01,187.31,187.31,Paid
PM0004823,P00253,2026-07-01,160.77,160.77,Paid
PM0007733,P00400,2023-10-01,50.63,50.63,Paid
PM0002967,P00148,2025-07-01,62.38,62.38,Paid
PM0013789,P00706,2026-03-01,257.22,257.22,Paid
PM0000724,P00033,2025-05-01,70.59,70.59,Paid
PM0014220,P00732,2024-08-01,130.64,130.64,Paid
PM0009051,P00468,2025-05-01,439.51,0.0,Missed
PM0014534,P00748,2025-04-01,233.16,233.16,Paid
PM0005138,P00271,2025-05-01,286.75,286.75,Paid
PM0000139,P00009,2024-09-01,281.25,281.25,Paid
PM0001760,P00081,2025-03-01,316.18,316.18,Paid
PM0006091,P00316,2025-10-01,790.35,790.35,Paid
PM0009089,P00469,2025-04-01,458.43,458.43,Paid
PM0014389,P00739,2025-02-01,147.41,59.06,Partial
PM0002790,P00139,2024-12-01,560.94,560.94,Paid
PM0009582,P00492,2024-06-01,836.82,836.82,Paid
PM0006847,P00349,2025-10-01,354.57,354.57,Paid
PM0007623,P00394,2026-03-01,65.61,65.61,Paid
PM0006913,P00351,2026-05-01,467.05,467.05,Paid
PM0009095,P00469,2025-10-01,458.43,458.43,Paid
PM0005053,P00266,2025-07-01,547.51,0.0,Missed
PM0006769,P00345,2024-07-01,661.78,661.78,Paid
PM0004729,P00249,2024-11-01,320.96,320.96,Paid
PM0003844,P00192,2026-06-01,187.23,187.23,Paid
PM0000289,P00015,2025-07-01,224.35,224.35,Paid
PM0005591,P00298,2025-08-01,169.76,169.76,Paid
PM0013417,P00687,2024-08-01,157.79,157.79,Paid
PM0007210,P00373,2025-01-01,362.95,362.95,Paid
PM0012746,P00655,2024-04-01,156.78,156.78,Paid
PM0001734,P00080,2024-06-01,493.08,493.08,Paid
PM0008351,P00434,2023-09-01,639.88,639.88,Paid
PM0001638,P00077,2024-01-01,179.71,179.71,Paid
PM0012455,P00639,2026-02-01,117.84,117.84,Paid
PM0010319,P00529,2025-11-01,279.09,0.0,Missed
PM0014001,P00720,2024-01-01,339.91,339.91,Paid
PM0009175,P00473,2024-05-01,102.27,102.27,Paid
PM0010566,P00541,2025-11-01,116.95,116.95,Paid
PM0014059,P00723,2024-07-01,242.27,242.27,Paid
PM0011920,P00617,2024-10-01,332.67,332.67,Paid
PM0002542,P00130,2024-04-01,248.96,248.96,Paid
PM0013555,P00695,2026-03-01,547.06,547.06,Paid
PM0011813,P00612,2026-07-01,744.62,744.62,Paid
PM0010931,P00562,2025-04-01,285.53,285.53,Paid
PM0012545,P00645,2024-12-01,187.95,187.95,Paid
PM0001132,P00052,2025-08-01,219.66,219.66,Paid
PM0009612,P00493,2023-07-01,290.68,290.68,Paid
PM0000223,P00014,2023-05-01,207.74,207.74,Paid
PM0001149,P00053,2025-09-01,742.45,742.45,Paid
PM0006234,P00322,2023-08-01,105.73,105.73,Paid
PM0000191,P00011,2026-06-01,150.23,150.23,Paid
PM0007688,P00397,2026-01-01,230.57,230.57,Paid
PM0012165,P00629,2025-01-01,489.53,489.53,Paid
PM0013384,P00686,2025-04-01,187.22,0.0,Missed
PM0010977,P00565,2026-07-01,50.71,50.71,Paid
PM0012523,P00643,2025-11-01,269.85,269.85,Paid
PM0009275,P00477,2026-07-01,708.84,708.84,Paid
PM0005468,P00290,2023-08-01,564.15,564.15,Paid
PM0010212,P00525,2024-05-01,29.64,29.64,Paid
PM0006467,P00331,2025-05-01,100.4,100.4,Paid
PM0005014,P00263,2025-10-01,678.47,678.47,Paid
PM0013174,P00675,2026-07-01,119.39,119.39,Paid
PM0010322,P00529,2026-02-01,279.09,279.09,Paid
PM0012554,P00645,2025-09-01,187.95,187.95,Paid
PM0007200,P00371,2026-02-01,233.81,233.81,Paid
PM0005003,P00262,2026-06-01,377.63,377.63,Paid
PM0002024,P00098,2026-07-01,246.27,246.27,Paid
PM0008198,P00426,2025-06-01,240.12,240.12,Paid
PM0008336,P00431,2026-02-01,51.11,51.11,Paid
PM0002291,P00113,2026-07-01,16.19,16.19,Paid
PM0008345,P00433,2026-05-01,39.67,39.67,Paid
PM0011265,P00585,2024-02-01,64.64,64.64,Paid
PM0007638,P00396,2024-02-01,555.67,555.67,Paid
PM0002214,P00108,2026-05-01,422.63,422.63,Paid
PM0003621,P00182,2025-06-01,226.88,226.88,Paid
PM0004098,P00210,2025-07-01,422.89,422.89,Paid
PM0012531,P00643,2026-07-01,269.85,269.85,Paid
PM0014277,P00735,2025-08-01,209.61,209.61,Paid
PM0004107,P00210,2026-04-01,422.89,422.89,Paid
PM0001707,P00078,2026-06-01,500.1,500.1,Paid
PM0003046,P00152,2024-04-01,108.42,108.42,Paid
PM0002955,P00148,2024-07-01,62.38,62.38,Paid
PM0011492,P00594,2026-01-01,182.88,182.88,Paid
PM0000127,P00008,2026-03-01,317.11,317.11,Paid
PM0009273,P00477,2026-05-01,708.84,708.84,Paid
PM0011293,P00587,2025-10-01,63.77,63.77,Paid
PM0012653,P00650,2024-10-01,300.09,300.09,Paid
PM0005427,P00286,2025-04-01,66.09,66.09,Paid
PM0001359,P00065,2024-10-01,174.21,174.21,Paid
PM0009551,P00490,2026-01-01,45.05,0.0,Missed
PM0009632,P00495,2024-04-01,179.38,179.38,Paid
PM0006159,P00318,2025-10-01,212.45,73.18,Partial
PM0011338,P00589,2024-05-01,180.3,180.3,Paid
PM0000688,P00031,2026-06-01,211.73,211.73,Paid
PM0014309,P00736,2025-09-01,122.83,122.83,Paid
PM0005203,P00274,2024-11-01,208.87,208.87,Paid
PM0011672,P00602,2025-07-01,45.33,45.33,Paid
PM0002849,P00142,2026-02-01,318.6,0.0,Missed
PM0004678,P00245,2026-05-01,696.24,0.0,Missed
PM0002292,P00114,2025-11-01,558.75,558.75,Paid
PM0008795,P00451,2025-12-01,195.14,195.14,Paid
PM0010128,P00520,2025-01-01,52.54,52.54,Paid
PM0003643,P00183,2023-10-01,179.81,67.27,Partial
PM0000334,P00016,2026-02-01,180.43,180.43,Paid
PM0005681,P00301,2026-06-01,157.4,157.4,Paid
PM0011837,P00614,2023-08-01,82.1,82.1,Paid
PM0004758,P00250,2024-04-01,70.42,70.42,Paid
PM0008307,P00430,2024-05-01,323.55,323.55,Paid
PM0003797,P00190,2026-06-01,488.35,488.35,Paid
PM0007053,P00362,2025-01-01,341.2,341.2,Paid
PM0007505,P00389,2023-11-01,270.03,270.03,Paid
PM0006572,P00335,2026-06-01,77.12,77.12,Paid
PM0012153,P00628,2026-07-01,327.26,327.26,Paid
PM0003694,P00184,2024-11-01,406.16,406.16,Paid
PM0009802,P00504,2025-11-01,604.93,604.93,Paid
PM0004012,P00205,2026-06-01,590.84,590.84,Paid
PM0007549,P00390,2024-09-01,351.42,351.42,Paid
PM0012601,P00647,2026-06-01,199.76,199.76,Paid
PM0002582,P00131,2025-01-01,359.57,359.57,Paid
PM0004807,P00252,2026-01-01,228.86,228.86,Paid
PM0000064,P00005,2025-11-01,182.33,0.0,Missed
PM0002797,P00139,2025-07-01,560.94,560.94,Paid
PM0001457,P00067,2026-06-01,198.85,198.85,Paid
PM0007585,P00391,2026-06-01,341.5,341.5,Paid
PM0006619,P00338,2024-04-01,127.34,127.34,Paid
PM0000481,P00023,2023-12-01,574.6,574.6,Paid
PM0009048,P00468,2025-02-01,439.51,439.51,Paid
PM0011696,P00604,2025-03-01,1040.1,1040.1,Paid
PM0012378,P00636,2025-08-01,152.85,152.85,Paid
PM0000264,P00015,2023-06-01,224.35,224.35,Paid
PM0001621,P00076,2026-03-01,588.77,588.77,Paid
PM0002189,P00107,2025-06-01,275.31,275.31,Paid
PM0010750,P00549,2025-05-01,54.97,54.97,Paid
PM0005303,P00280,2025-09-01,98.47,50.36,Partial
PM0003463,P00171,2024-05-01,608.31,608.31,Paid
PM0002165,P00107,2023-06-01,275.31,275.31,Paid
PM0004961,P00261,2025-11-01,183.02,183.02,Paid
PM0001501,P00069,2024-03-01,143.01,143.01,Paid
PM0003422,P00169,2026-01-01,99.54,99.54,Paid
PM0011364,P00589,2026-07-01,180.3,180.3,Paid
PM0012338,P00635,2025-01-01,102.05,102.05,Paid
PM0004405,P00229,2024-01-01,486.41,486.41,Paid
PM0012865,P00660,2026-03-01,245.23,245.23,Paid
PM0002199,P00107,2026-04-01,275.31,275.31,Paid
PM0007235,P00374,2023-07-01,115.5,115.5,Paid
PM0013042,P00670,2025-11-01,109.65,109.65,Paid
PM0007873,P00408,2025-06-01,137.55,137.55,Paid
PM0000324,P00016,2025-04-01,180.43,180.43,Paid
PM0013092,P00672,2024-09-01,77.27,77.27,Paid
PM0005450,P00287,2025-06-01,183.69,183.69,Paid
PM0010020,P00515,2024-08-01,87.15,0.0,Missed
PM0001291,P00059,2024-11-01,134.5,134.5,Paid
PM0003548,P00174,2026-07-01,295.87,295.87,Paid
PM0010913,P00562,2023-10-01,285.53,285.53,Paid
PM0003001,P00149,2025-09-01,166.92,166.92,Paid
PM0013255,P00681,2025-06-01,187.31,187.31,Paid
PM0009911,P00510,2025-05-01,375.08,375.08,Paid
PM0006923,P00353,2024-05-01,81.36,81.36,Paid
PM0009968,P00513,2025-03-01,80.59,80.59,Paid
PM0005921,P00311,2023-12-01,179.72,0.0,Missed
PM0002191,P00107,2025-08-01,275.31,275.31,Paid
PM0001564,P00073,2024-05-01,35.19,35.19,Paid
PM0011673,P00602,2025-08-01,45.33,45.33,Paid
PM0003200,P00160,2024-08-01,411.19,411.19,Paid
PM0008549,P00442,2023-10-01,89.15,89.15,Paid
PM0002117,P00103,2025-05-01,836.1,836.1,Paid
PM0006304,P00325,2024-05-01,59.23,59.23,Paid
PM0006065,P00316,2023-08-01,790.35,790.35,Paid
PM0011095,P00572,2025-08-01,619.24,619.24,Paid
PM0006212,P00321,2025-01-01,76.37,76.37,Paid
PM0006945,P00353,2026-03-01,81.36,81.36,Paid
PM0010662,P00544,2026-07-01,524.96,524.96,Paid
PM0014251,P00733,2025-12-01,118.82,118.82,Paid
PM0010701,P00548,2024-08-01,679.35,679.35,Paid
PM0004579,P00239,2024-07-01,151.43,151.43,Paid
PM0004004,P00205,2025-10-01,590.84,590.84,Paid
PM0000471,P00022,2026-01-01,619.12,619.12,Paid
PM0006985,P00357,2026-04-01,429.74,0.0,Missed
PM0010466,P00536,2026-01-01,0.0,0.0,Paid
PM0010543,P00540,2025-07-01,203.54,203.54,Paid
PM0012887,P00661,2025-11-01,413.69,413.69,Paid
PM0012370,P00636,2024-12-01,152.85,152.85,Paid
PM0008884,P00454,2026-06-01,258.55,258.55,Paid
PM0002524,P00129,2024-05-01,578.23,578.23,Paid
PM0012555,P00645,2025-10-01,187.95,187.95,Paid
PM0003147,P00157,2024-03-01,347.53,258.43,Partial
PM0011211,P00581,2025-07-01,101.16,101.16,Paid
PM0002993,P00149,2025-01-01,166.92,166.92,Paid
PM0004777,P00250,2025-11-01,70.42,70.42,Paid
PM0001924,P00093,2026-05-01,288.37,288.37,Paid
PM0012106,P00626,2025-11-01,143.61,143.61,Paid
PM0005088,P00268,2025-10-01,392.66,176.74,Partial
PM0012869,P00660,2026-07-01,245.23,0.0,Missed
PM0001314,P00060,2026-02-01,387.34,137.35,Partial
PM0011350,P00589,2025-05-01,180.3,180.3,Paid
PM0011825,P00613,2024-07-01,192.22,192.22,Paid
PM0000212,P00013,2025-11-01,149.19,149.19,Paid
PM0008874,P00454,2025-08-01,258.55,258.55,Paid
PM0002005,P00098,2024-12-01,246.27,246.27,Paid
PM0006556,P00335,2025-02-01,77.12,77.12,Paid
PM0008903,P00457,2025-07-01,138.98,138.98,Paid
PM0013815,P00708,2025-07-01,180.72,180.72,Paid
PM0012687,P00652,2023-12-01,687.04,687.04,Paid
PM0003011,P00149,2026-07-01,166.92,166.92,Paid
PM0009300,P00478,2026-02-01,129.82,129.82,Paid
PM0013521,P00695,2023-05-01,547.06,547.06,Paid
PM0004744,P00249,2026-02-01,320.96,320.96,Paid
PM0001431,P00067,2024-04-01,198.85,0.0,Missed
PM0010610,P00543,2024-10-01,150.12,150.12,Paid
PM0002608,P00132,2023-09-01,323.1,145.08,Partial
PM0013921,P00713,2025-03-01,694.25,694.25,Paid
PM0000604,P00027,2025-05-01,65.33,65.33,Paid
PM0003737,P00186,2024-12-01,100.78,100.78,Paid
PM0012673,P00650,2026-06-01,300.09,300.09,Paid
PM0011506,P00595,2024-07-01,625.3,625.3,Paid
PM0013187,P00676,2025-03-01,349.53,349.53,Paid
PM0003125,P00156,2025-01-01,231.94,231.94,Paid
PM0010782,P00550,2025-12-01,158.06,0.0,Missed
PM0005412,P00285,2024-11-01,357.44,357.44,Paid
PM0014045,P00721,2025-12-01,248.01,248.01,Paid
PM0006911,P00351,2026-03-01,467.05,467.05,Paid
PM0009437,P00485,2026-01-01,288.29,288.29,Paid
PM0001395,P00066,2024-08-01,343.28,0.0,Missed
PM0003511,P00173,2023-10-01,247.69,247.69,Paid
PM0005753,P00304,2025-07-01,134.64,134.64,Paid
PM0007728,P00400,2023-05-01,50.63,50.63,Paid
PM0003196,P00160,2024-04-01,411.19,411.19,Paid
PM0010071,P00518,2025-10-01,67.39,67.39,Paid
PM0009162,P00472,2026-02-01,256.58,256.58,Paid
PM0011548,P00596,2025-04-01,174.96,174.96,Paid
PM0009832,P00506,2025-09-01,62.5,62.5,Paid
PM0002624,P00132,2025-01-01,323.1,323.1,Paid
PM0000743,P00034,2025-03-01,68.03,68.03,Paid
PM0006714,P00343,2023-12-01,97.41,97.41,Paid
PM0004797,P00252,2025-03-01,228.86,228.86,Paid
PM0012152,P00628,2026-06-01,327.26,327.26,Paid
PM0011884,P00616,2024-11-01,648.72,648.72,Paid
PM0005402,P00285,2024-01-01,357.44,357.44,Paid
PM0007233,P00374,2023-05-01,115.5,0.0,Missed
PM0013014,P00668,2024-09-01,75.59,75.59,Paid
PM0012657,P00650,2025-02-01,300.09,300.09,Paid
PM0002438,P00124,2025-08-01,714.19,714.19,Paid
PM0012755,P00655,2025-01-01,156.78,156.78,Paid
PM0006307,P00325,2024-08-01,59.23,59.23,Paid
PM0009521,P00489,2024-12-01,516.02,516.02,Paid
PM0000360,P00018,2024-08-01,131.65,131.65,Paid
PM0008460,P00438,2023-07-01,374.73,374.73,Paid
PM0001700,P00078,2025-11-01,500.1,500.1,Paid
PM0002239,P00112,2025-05-01,402.19,0.0,Missed
PM0005736,P00304,2024-02-01,134.64,134.64,Paid
PM0009896,P00509,2025-10-01,191.4,191.4,Paid
PM0010034,P00515,2025-10-01,87.15,87.15,Paid
PM0007951,P00413,2023-08-01,357.69,357.69,Paid
PM0000624,P00028,2023-10-01,101.58,101.58,Paid
PM0011589,P00598,2023-11-01,191.48,191.48,Paid
PM0012533,P00644,2025-11-01,490.38,0.0,Missed
PM0011558,P00596,2026-02-01,174.96,174.96,Paid
PM0007119,P00366,2026-06-01,141.93,141.93,Paid
PM0002156,P00105,2026-06-01,442.04,442.04,Paid
PM0003498,P00172,2026-03-01,388.96,388.96,Paid
PM0004714,P00247,2026-07-01,285.57,285.57,Paid
PM0009117,P00471,2023-12-01,337.78,337.78,Paid
PM0011915,P00617,2024-05-01,332.67,332.67,Paid
PM0007947,P00413,2023-04-01,357.69,357.69,Paid
PM0007154,P00369,2026-01-01,183.55,183.55,Paid
PM0010141,P00521,2025-10-01,21.45,21.45,Paid
PM0001521,P00069,2025-11-01,143.01,143.01,Paid
PM0010315,P00529,2025-07-01,279.09,279.09,Paid
PM0006235,P00322,2023-09-01,105.73,105.73,Paid
PM0007369,P00380,2025-08-01,367.3,367.3,Paid
PM0003789,P00190,2025-10-01,488.35,488.35,Paid
PM0003288,P00163,2025-10-01,505.44,505.44,Paid
PM0000894,P00041,2025-07-01,444.37,444.37,Paid
PM0000978,P00045,2025-01-01,217.69,217.69,Paid
PM0000767,P00035,2025-07-01,139.14,139.14,Paid
PM0000477,P00022,2026-07-01,619.12,619.12,Paid
PM0011965,P00619,2024-07-01,377.2,377.2,Paid
PM0001285,P00059,2024-05-01,134.5,134.5,Paid
PM0002311,P00116,2024-12-01,303.7,303.7,Paid
PM0010201,P00524,2025-12-01,189.03,189.03,Paid
PM0010474,P00537,2023-08-01,570.54,570.54,Paid
PM0001259,P00058,2024-10-01,375.89,375.89,Paid
PM0007415,P00382,2026-04-01,694.23,694.23,Paid
PM0000659,P00029,2026-06-01,62.65,62.65,Paid
PM0009749,P00502,2024-11-01,394.36,394.36,Paid
PM0001726,P00079,2026-07-01,234.25,234.25,Paid
PM0003556,P00175,2026-02-01,349.51,349.51,Paid
PM0006980,P00357,2025-11-01,429.74,429.74,Paid
PM0008462,P00438,2023-09-01,374.73,374.73,Paid
PM0010288,P00528,2026-04-01,91.62,91.62,Paid
PM0006118,P00317,2025-12-01,140.28,140.28,Paid
PM0005056,P00266,2025-10-01,547.51,547.51,Paid
PM0011450,P00593,2024-03-01,142.88,142.88,Paid
PM0008082,P00418,2023-10-01,476.51,476.51,Paid
PM0008757,P00450,2026-04-01,465.35,465.35,Paid
PM0003658,P00183,2025-01-01,179.81,179.81,Paid
PM0001483,P00068,2025-11-01,397.96,397.96,Paid
PM0010604,P00542,2026-07-01,177.89,177.89,Paid
PM0005354,P00283,2025-05-01,36.5,36.5,Paid
PM0009178,P00473,2024-08-01,102.27,102.27,Paid
PM0011149,P00577,2026-06-01,140.41,57.02,Partial
PM0005120,P00270,2026-03-01,117.73,117.73,Paid
PM0012719,P00653,2025-03-01,211.59,211.59,Paid
PM0012291,P00634,2023-04-01,347.04,347.04,Paid
PM0003247,P00162,2025-07-01,283.27,0.0,Missed
PM0009335,P00482,2024-12-01,168.92,168.92,Paid
PM0014164,P00728,2025-01-01,147.25,147.25,Paid
PM0000093,P00007,2025-10-01,495.09,495.09,Paid
PM0005337,P00282,2025-06-01,396.55,396.55,Paid
PM0011559,P00596,2026-03-01,174.96,174.96,Paid
PM0013153,P00674,2025-12-01,176.2,176.2,Paid
PM0011865,P00614,2025-12-01,82.1,82.1,Paid
PM0000332,P00016,2025-12-01,180.43,180.43,Paid
PM0005707,P00303,2024-10-01,242.73,242.73,Paid
PM0009740,P00502,2024-02-01,394.36,394.36,Paid
PM0014228,P00732,2025-04-01,130.64,130.64,Paid
PM0010019,P00515,2024-07-01,87.15,87.15,Paid
PM0013638,P00699,2026-03-01,653.3,653.3,Paid
PM0001833,P00085,2025-04-01,176.78,176.78,Paid
PM0011665,P00601,2026-07-01,54.01,54.01,Paid
PM0003453,P00170,2026-02-01,388.44,388.44,Paid
PM0002846,P00142,2025-11-01,318.6,318.6,Paid
PM0002988,P00149,2024-08-01,166.92,166.92,Paid
PM0007232,P00374,2023-04-01,115.5,115.5,Paid
PM0004637,P00242,2026-06-01,91.92,91.92,Paid
PM0011692,P00604,2024-11-01,1040.1,1040.1,Paid
PM0012711,P00652,2025-12-01,687.04,687.04,Paid
PM0009102,P00469,2026-05-01,458.43,458.43,Paid
PM0001444,P00067,2025-05-01,198.85,198.85,Paid
PM0005262,P00275,2026-03-01,181.0,181.0,Paid
PM0012649,P00650,2024-06-01,300.09,300.09,Paid
PM0012031,P00623,2024-11-01,255.21,0.0,Missed
PM0012159,P00629,2024-07-01,489.53,489.53,Paid
PM0000323,P00016,2025-03-01,180.43,180.43,Paid
PM0010094,P00519,2024-09-01,429.63,429.63,Paid
PM0011863,P00614,2025-10-01,82.1,82.1,Paid
PM0000809,P00037,2024-08-01,530.5,530.5,Paid
PM0011254,P00584,2024-08-01,447.73,447.73,Paid
PM0013899,P00712,2024-07-01,86.35,0.0,Missed
PM0009263,P00477,2025-07-01,708.84,708.84,Paid
PM0001715,P00079,2025-08-01,234.25,234.25,Paid
PM0007267,P00374,2026-03-01,115.5,115.5,Paid
PM0011206,P00581,2025-02-01,101.16,101.16,Paid
PM0007990,P00414,2026-05-01,136.66,136.66,Paid
PM0000355,P00018,2024-03-01,131.65,131.65,Paid
PM0009729,P00501,2026-06-01,518.28,518.28,Paid
PM0007185,P00370,2026-01-01,138.19,138.19,Paid
PM0000347,P00018,2023-07-01,131.65,0.0,Missed
PM0001183,P00055,2023-07-01,480.85,480.85,Paid
PM0011844,P00614,2024-03-01,82.1,82.1,Paid
PM0002461,P00125,2025-07-01,143.81,143.81,Paid
PM0009188,P00473,2025-06-01,102.27,102.27,Paid
PM0011132,P00576,2025-06-01,0.0,0.0,Paid
PM0002000,P00097,2026-05-01,539.09,539.09,Paid
PM0003112,P00156,2023-12-01,231.94,231.94,Paid
PM0001207,P00055,2025-07-01,480.85,480.85,Paid
PM0003593,P00181,2025-10-01,134.24,134.24,Paid
PM0001202,P00055,2025-02-01,480.85,197.78,Partial
PM0013363,P00685,2026-06-01,432.99,432.99,Paid
PM0009060,P00468,2026-02-01,439.51,439.51,Paid
PM0003770,P00190,2024-03-01,488.35,488.35,Paid
PM0002760,P00138,2025-08-01,75.47,75.47,Paid
PM0012387,P00636,2026-05-01,152.85,152.85,Paid
PM0007927,P00411,2025-04-01,189.15,189.15,Paid
PM0011982,P00619,2025-12-01,377.2,377.2,Paid
PM0008101,P00418,2025-05-01,476.51,476.51,Paid
PM0011028,P00570,2024-03-01,159.96,114.25,Partial
PM0005353,P00283,2025-04-01,36.5,36.5,Paid
PM0010695,P00547,2025-08-01,417.6,417.6,Paid
PM0004111,P00211,2023-02-01,481.39,481.39,Paid
PM0005498,P00290,2026-02-01,564.15,564.15,Paid
PM0006191,P00320,2024-12-01,149.0,149.0,Paid
PM0010525,P00539,2024-06-01,220.03,0.0,Missed
PM0013797,P00707,2026-01-01,442.88,442.88,Paid
PM0014386,P00739,2024-11-01,147.41,147.41,Paid
PM0008640,P00445,2024-07-01,778.87,778.87,Paid
PM0006087,P00316,2025-06-01,790.35,790.35,Paid
PM0001766,P00081,2025-09-01,316.18,316.18,Paid
PM0008994,P00466,2023-08-01,167.02,167.02,Paid
PM0005665,P00301,2025-02-01,157.4,157.4,Paid
PM0011792,P00611,2025-05-01,552.64,552.64,Paid
PM0010415,P00534,2026-01-01,79.64,79.64,Paid
PM0010082,P00519,2023-09-01,429.63,429.63,Paid
PM0006727,P00343,2025-01-01,97.41,0.0,Missed
PM0012134,P00627,2025-12-01,193.55,193.55,Paid
PM0000550,P00026,2024-04-01,945.63,945.63,Paid
PM0010874,P00557,2024-06-01,321.82,321.82,Paid
PM0006762,P00345,2023-12-01,661.78,661.78,Paid
PM0001423,P00067,2023-08-01,198.85,198.85,Paid
PM0006242,P00322,2024-04-01,105.73,105.73,Paid
PM0001070,P00049,2024-09-01,64.0,64.0,Paid
PM0007428,P00383,2026-07-01,269.0,269.0,Paid
PM0001238,P00056,2025-12-01,259.01,259.01,Paid
PM0001533,P00070,2025-07-01,85.97,85.97,Paid
PM0014375,P00739,2023-12-01,147.41,147.41,Paid
PM0003698,P00184,2025-03-01,406.16,406.16,Paid
PM0010450,P00535,2026-06-01,145.59,145.59,Paid
PM0005112,P00270,2025-07-01,117.73,117.73,Paid
PM0004630,P00241,2026-06-01,232.67,232.67,Paid
PM0011487,P00594,2025-08-01,182.88,182.88,Paid
PM0004518,P00234,2025-03-01,101.87,101.87,Paid
PM0008175,P00423,2025-11-01,121.63,121.63,Paid
PM0013229,P00678,2026-07-01,72.33,72.33,Paid
PM0003596,P00181,2026-01-01,134.24,134.24,Paid
PM0004072,P00209,2025-11-01,147.59,147.59,Paid
PM0006576,P00336,2024-06-01,198.24,133.78,Partial
PM0000005,P00001,2026-01-01,86.9,86.9,Paid
PM0003775,P00190,2024-08-01,488.35,488.35,Paid
PM0013543,P00695,2025-03-01,547.06,547.06,Paid
PM0006188,P00320,2024-09-01,149.0,76.23,Partial
PM0003869,P00195,2026-05-01,305.69,228.3,Partial
PM0004250,P00221,2025-09-01,354.54,354.54,Paid
PM0007849,P00406,2025-10-01,432.77,432.77,Paid
PM0009603,P00492,2026-03-01,836.82,836.82,Paid
PM0006160,P00319,2025-05-01,375.44,375.44,Paid
PM0012232,P00631,2026-07-01,315.0,315.0,Paid
PM0005194,P00273,2026-04-01,147.79,147.79,Paid
PM0009394,P00484,2025-05-01,109.09,109.09,Paid
PM0008560,P00442,2024-09-01,89.15,89.15,Paid
PM0010898,P00559,2026-07-01,500.53,500.53,Paid
PM0012631,P00649,2026-01-01,246.64,246.64,Paid
PM0007195,P00371,2025-09-01,233.81,233.81,Paid
PM0010646,P00544,2025-03-01,524.96,524.96,Paid
PM0011281,P00585,2025-06-01,64.64,0.0,Missed
PM0012492,P00641,2025-12-01,309.29,309.29,Paid
PM0006447,P00328,2026-07-01,68.94,68.94,Paid
PM0008782,P00451,2024-11-01,195.14,195.14,Paid
PM0003712,P00184,2026-05-01,406.16,406.16,Paid
PM0010129,P00520,2025-02-01,52.54,52.54,Paid
PM0003208,P00161,2025-02-01,357.99,357.99,Paid
PM0008843,P00453,2026-01-01,685.23,685.23,Paid
PM0000957,P00044,2025-07-01,205.22,205.22,Paid
PM0013203,P00677,2024-09-01,138.01,138.01,Paid
PM0007581,P00391,2026-02-01,341.5,341.5,Paid
PM0007310,P00378,2024-11-01,521.31,521.31,Paid
PM0011272,P00585,2024-09-01,64.64,64.64,Paid
PM0001667,P00077,2026-06-01,179.71,179.71,Paid
PM0001461,P00068,2024-01-01,397.96,397.96,Paid
PM0000534,P00025,2026-01-01,170.93,170.93,Paid
PM0009768,P00503,2024-06-01,165.85,165.85,Paid
PM0003991,P00203,2026-05-01,231.55,231.55,Paid
PM0009232,P00476,2026-04-01,595.25,595.25,Paid
PM0001090,P00049,2026-05-01,64.0,64.0,Paid
PM0008464,P00438,2023-11-01,374.73,374.73,Paid
PM0014467,P00744,2023-03-01,326.31,326.31,Paid
PM0013305,P00683,2025-04-01,256.4,256.4,Paid
PM0005804,P00305,2026-05-01,258.23,258.23,Paid
PM0013214,P00677,2025-08-01,138.01,138.01,Paid
PM0006470,P00331,2025-08-01,100.4,100.4,Paid
PM0000798,P00037,2023-09-01,530.5,530.5,Paid
PM0011000,P00567,2025-09-01,85.61,53.77,Partial
PM0005588,P00298,2025-05-01,169.76,169.76,Paid
PM0001408,P00066,2025-09-01,343.28,343.28,Paid
PM0004689,P00246,2024-09-01,204.0,204.0,Paid
PM0011746,P00608,2024-08-01,73.34,73.34,Paid
PM0004747,P00249,2026-05-01,320.96,320.96,Paid
PM0013306,P00683,2025-05-01,256.4,256.4,Paid
PM0012786,P00657,2023-05-01,126.71,126.71,Paid
PM0005656,P00301,2024-05-01,157.4,157.4,Paid
PM0008420,P00436,2024-12-01,410.56,410.56,Paid
PM0010156,P00522,2025-08-01,478.26,478.26,Paid
PM0014583,P00750,2024-10-01,685.98,685.98,Paid
PM0008798,P00451,2026-03-01,195.14,195.14,Paid
PM0010499,P00537,2025-09-01,570.54,177.28,Partial
PM0007186,P00370,2026-02-01,138.19,138.19,Paid
PM0012167,P00629,2025-03-01,489.53,489.53,Paid
PM0009223,P00476,2025-07-01,595.25,595.25,Paid
PM0012023,P00622,2026-02-01,198.16,198.16,Paid
PM0013440,P00687,2026-07-01,157.79,157.79,Paid
PM0013884,P00711,2025-09-01,203.34,203.34,Paid
PM0001478,P00068,2025-06-01,397.96,397.96,Paid
PM0001261,P00058,2024-12-01,375.89,375.89,Paid
PM0005667,P00301,2025-04-01,157.4,157.4,Paid
PM0002286,P00113,2026-02-01,16.19,12.82,Partial
PM0001737,P00080,2024-09-01,493.08,493.08,Paid
PM0008632,P00445,2023-11-01,778.87,778.87,Paid
PM0008094,P00418,2024-10-01,476.51,476.51,Paid
PM0010659,P00544,2026-04-01,524.96,524.96,Paid
PM0005952,P00311,2026-07-01,179.72,86.7,Partial
PM0007576,P00391,2025-09-01,341.5,341.5,Paid
PM0006214,P00321,2025-03-01,76.37,76.37,Paid
PM0003311,P00165,2025-04-01,882.81,882.81,Paid
PM0009606,P00492,2026-06-01,836.82,836.82,Paid
PM0011343,P00589,2024-10-01,180.3,180.3,Paid
PM0003504,P00173,2023-03-01,247.69,247.69,Paid
PM0009631,P00495,2024-03-01,179.38,179.38,Paid
PM0005181,P00273,2025-03-01,147.79,147.79,Paid
PM0007473,P00387,2024-12-01,344.41,344.41,Paid
PM0013487,P00693,2024-01-01,313.0,313.0,Paid
PM0004799,P00252,2025-05-01,228.86,228.86,Paid
PM0009157,P00472,2025-09-01,256.58,256.58,Paid
PM0009090,P00469,2025-05-01,458.43,315.91,Partial
PM0004463,P00232,2024-07-01,449.75,449.75,Paid
PM0013660,P00700,2024-07-01,330.96,330.96,Paid
PM0001206,P00055,2025-06-01,480.85,480.85,Paid
PM0004960,P00261,2025-10-01,183.02,183.02,Paid
PM0011222,P00581,2026-06-01,101.16,101.16,Paid
PM0009966,P00513,2025-01-01,80.59,80.59,Paid
PM0009650,P00495,2025-10-01,179.38,123.9,Partial
PM0004814,P00253,2025-10-01,160.77,160.77,Paid
PM0007334,P00379,2024-05-01,273.9,273.9,Paid
PM0010210,P00525,2024-03-01,29.64,29.64,Paid
PM0002279,P00113,2025-07-01,16.19,16.19,Paid
PM0009629,P00495,2024-01-01,179.38,179.38,Paid
PM0006615,P00337,2026-04-01,119.24,0.0,Missed
PM0012765,P00655,2025-11-01,156.78,156.78,Paid
PM0000731,P00034,2024-03-01,68.03,68.03,Paid
PM0010471,P00536,2026-06-01,0.0,0.0,Paid
PM0004893,P00257,2024-12-01,229.95,229.95,Paid
PM0008509,P00440,2025-05-01,373.63,373.63,Paid
PM0011763,P00608,2026-01-01,73.34,73.34,Paid
PM0006386,P00327,2024-10-01,428.66,428.66,Paid
PM0007904,P00410,2025-04-01,156.23,156.23,Paid
PM0008498,P00439,2026-02-01,134.08,134.08,Paid
PM0004210,P00220,2025-06-01,204.49,204.49,Paid
PM0007676,P00397,2025-01-01,230.57,230.57,Paid
PM0002561,P00130,2025-11-01,248.96,248.96,Paid
PM0013829,P00709,2024-08-01,262.63,262.63,Paid
PM0003166,P00158,2025-11-01,516.23,516.23,Paid
PM0001323,P00061,2026-07-01,210.31,210.31,Paid
PM0002873,P00143,2025-08-01,472.19,472.19,Paid
PM0002960,P00148,2024-12-01,62.38,62.38,Paid
PM0005709,P00303,2024-12-01,242.73,242.73,Paid
PM0002662,P00133,2025-06-01,144.56,144.56,Paid
PM0010972,P00564,2026-01-01,387.81,387.81,Paid
PM0008926,P00459,2023-11-01,413.49,413.49,Paid
PM0004700,P00246,2025-08-01,204.0,204.0,Paid
PM0000983,P00045,2025-06-01,217.69,217.69,Paid
PM0013726,P00703,2026-02-01,218.62,218.62,Paid
PM0014405,P00739,2026-06-01,147.41,147.41,Paid
PM0003065,P00152,2025-11-01,108.42,108.42,Paid
PM0000407,P00020,2023-12-01,573.96,573.96,Paid
PM0005668,P00301,2025-05-01,157.4,157.4,Paid
PM0011212,P00581,2025-08-01,101.16,101.16,Paid
PM0010579,P00542,2024-06-01,177.89,177.89,Paid
PM0001739,P00080,2024-11-01,493.08,493.08,Paid
PM0011390,P00591,2024-07-01,157.95,157.95,Paid
PM0002294,P00114,2026-01-01,558.75,558.75,Paid
PM0002003,P00098,2024-10-01,246.27,246.27,Paid
PM0009813,P00505,2023-11-01,201.93,201.93,Paid
PM0006684,P00341,2024-11-01,207.83,207.83,Paid
PM0004606,P00241,2024-06-01,232.67,232.67,Paid
PM0004328,P00225,2025-10-01,210.95,210.95,Paid
PM0007140,P00369,2024-11-01,183.55,183.55,Paid
PM0007424,P00383,2026-03-01,269.0,269.0,Paid
PM0005968,P00312,2024-07-01,199.07,199.07,Paid
PM0000592,P00027,2024-05-01,65.33,65.33,Paid
PM0009362,P00483,2023-12-01,149.54,149.54,Paid
PM0007896,P00409,2026-06-01,115.73,115.73,Paid
PM0000614,P00027,2026-03-01,65.33,65.33,Paid
PM0013176,P00676,2024-04-01,349.53,349.53,Paid
PM0005948,P00311,2026-03-01,179.72,179.72,Paid
PM0002647,P00133,2024-03-01,144.56,144.56,Paid
PM0006660,P00340,2026-02-01,163.98,163.98,Paid
PM0007811,P00404,2024-11-01,661.28,661.28,Paid
PM0011145,P00576,2026-07-01,0.0,0.0,Paid
PM0013252,P00681,2025-03-01,187.31,187.31,Paid
PM0004946,P00259,2026-04-01,584.68,584.68,Paid
PM0002606,P00132,2023-07-01,323.1,323.1,Paid
PM0010565,P00541,2025-10-01,116.95,116.95,Paid
PM0011204,P00581,2024-12-01,101.16,101.16,Paid
PM0008957,P00460,2026-04-01,391.0,391.0,Paid
PM0011788,P00611,2025-01-01,552.64,552.64,Paid
PM0011472,P00593,2026-01-01,142.88,142.88,Paid
PM0013575,P00696,2025-07-01,104.7,104.7,Paid
PM0005878,P00309,2024-01-01,396.29,396.29,Paid
PM0002543,P00130,2024-05-01,248.96,248.96,Paid
PM0005082,P00267,2025-07-01,86.79,86.79,Paid
PM0012479,P00640,2026-06-01,172.35,172.35,Paid
PM0007917,P00410,2026-05-01,156.23,156.23,Paid
PM0008408,P00436,2023-12-01,410.56,410.56,Paid
PM0001324,P00062,2026-06-01,220.64,220.64,Paid
PM0013119,P00673,2025-10-01,730.17,730.17,Paid
PM0012046,P00623,2026-02-01,255.21,255.21,Paid
PM0011670,P00602,2025-05-01,45.33,45.33,Paid
PM0009939,P00511,2025-06-01,105.47,105.47,Paid
PM0000529,P00025,2025-08-01,170.93,170.93,Paid
PM0004683,P00246,2024-03-01,204.0,204.0,Paid
PM0014530,P00747,2026-04-01,149.96,149.96,Paid
PM0003681,P00184,2023-10-01,406.16,406.16,Paid
PM0005371,P00284,2023-09-01,554.65,554.65,Paid
PM0005848,P00306,2026-06-01,227.92,227.92,Paid
PM0004543,P00236,2025-03-01,768.82,768.82,Paid
PM0007545,P00390,2024-05-01,351.42,351.42,Paid
PM0014370,P00739,2023-07-01,147.41,147.41,Paid
PM0002485,P00127,2024-06-01,117.63,117.63,Paid
PM0012028,P00622,2026-07-01,198.16,198.16,Paid
PM0000023,P00003,2024-08-01,40.13,28.18,Partial
PM0004779,P00250,2026-01-01,70.42,70.42,Paid
PM0013663,P00700,2024-10-01,330.96,330.96,Paid
PM0001731,P00080,2024-03-01,493.08,493.08,Paid
PM0005406,P00285,2024-05-01,357.44,357.44,Paid
PM0001019,P00046,2025-03-01,408.98,408.98,Paid
PM0010838,P00554,2025-02-01,46.23,46.23,Paid
PM0000395,P00019,2025-12-01,266.55,266.55,Paid
PM0002745,P00137,2026-05-01,166.98,166.98,Paid
PM0006417,P00328,2024-01-01,68.94,68.94,Paid
PM0014240,P00732,2026-04-01,130.64,130.64,Paid
PM0001086,P00049,2026-01-01,64.0,64.0,Paid
PM0014496,P00745,2026-07-01,508.87,508.87,Paid
PM0000080,P00007,2024-09-01,495.09,495.09,Paid
PM0011968,P00619,2024-10-01,377.2,377.2,Paid
PM0008736,P00449,2025-02-01,33.62,33.62,Paid
PM0009476,P00487,2024-05-01,378.75,378.75,Paid
PM0006703,P00341,2026-06-01,207.83,0.0,Missed
PM0004137,P00211,2025-04-01,481.39,481.39,Paid
PM0001740,P00080,2024-12-01,493.08,493.08,Paid
PM0012231,P00631,2026-06-01,315.0,315.0,Paid
PM0005020,P00263,2026-04-01,678.47,678.47,Paid
PM0013807,P00708,2024-11-01,180.72,180.72,Paid
PM0011479,P00594,2024-12-01,182.88,182.88,Paid
PM0012420,P00638,2025-09-01,297.67,297.67,Paid
PM0000370,P00018,2025-06-01,131.65,131.65,Paid
PM0003080,P00154,2025-07-01,311.67,311.67,Paid
PM0008593,P00443,2026-01-01,112.5,41.42,Partial
PM0011362,P00589,2026-05-01,180.3,180.3,Paid
PM0001509,P00069,2024-11-01,143.01,143.01,Paid
PM0011259,P00584,2025-01-01,447.73,447.73,Paid
PM0013608,P00698,2024-07-01,286.36,286.36,Paid
PM0004251,P00221,2025-10-01,354.54,354.54,Paid
PM0012991,P00667,2026-05-01,232.57,232.57,Paid
PM0001969,P00096,2024-10-01,408.72,408.72,Paid
PM0003298,P00164,2025-09-01,119.33,119.33,Paid
PM0006432,P00328,2025-04-01,68.94,36.24,Partial
PM0006255,P00322,2025-05-01,105.73,105.73,Paid
PM0011398,P00591,2025-03-01,157.95,157.95,Paid
PM0011929,P00617,2025-07-01,332.67,332.67,Paid
PM0006236,P00322,2023-10-01,105.73,105.73,Paid
PM0006316,P00325,2025-05-01,59.23,39.27,Partial
PM0000311,P00016,2024-03-01,180.43,180.43,Paid
PM0005534,P00294,2026-01-01,166.79,166.79,Paid
PM0006269,P00322,2026-07-01,105.73,105.73,Paid
PM0007436,P00384,2025-10-01,545.23,545.23,Paid
PM0013471,P00692,2026-03-01,440.66,440.66,Paid
PM0003852,P00194,2024-05-01,765.13,765.13,Paid
PM0014234,P00732,2025-10-01,130.64,130.64,Paid
PM0012876,P00661,2024-12-01,413.69,413.69,Paid
PM0001130,P00051,2026-07-01,272.05,272.05,Paid
PM0003796,P00190,2026-05-01,488.35,488.35,Paid
PM0005686,P00302,2025-10-01,293.34,293.34,Paid
PM0002541,P00130,2024-03-01,248.96,248.96,Paid
PM0007343,P00379,2025-02-01,273.9,273.9,Paid
PM0004601,P00239,2026-05-01,151.43,151.43,Paid
PM0000836,P00038,2025-10-01,422.3,422.3,Paid
PM0006254,P00322,2025-04-01,105.73,105.73,Paid
PM0000292,P00015,2025-10-01,224.35,224.35,Paid
PM0009577,P00492,2024-01-01,836.82,836.82,Paid
PM0002974,P00148,2026-02-01,62.38,62.38,Paid
PM0010269,P00527,2025-09-01,559.89,559.89,Paid
PM0007353,P00379,2025-12-01,273.9,273.9,Paid
PM0002578,P00131,2024-09-01,359.57,269.29,Partial
PM0012434,P00639,2024-05-01,117.84,70.11,Partial
PM0013535,P00695,2024-07-01,547.06,547.06,Paid
PM0000918,P00043,2024-08-01,536.29,536.29,Paid
PM0012433,P00639,2024-04-01,117.84,117.84,Paid
PM0013889,P00711,2026-02-01,203.34,203.34,Paid
PM0001375,P00065,2026-02-01,174.21,174.21,Paid
PM0013708,P00702,2026-05-01,279.0,279.0,Paid
PM0004728,P00249,2024-10-01,320.96,320.96,Paid
PM0008912,P00457,2026-04-01,138.98,138.98,Paid
PM0012574,P00646,2025-08-01,72.97,72.97,Paid
PM0006758,P00345,2023-08-01,661.78,661.78,Paid
PM0003312,P00165,2025-05-01,882.81,882.81,Paid
PM0007619,P00393,2026-04-01,834.88,0.0,Missed
PM0004048,P00207,2026-07-01,95.37,95.37,Paid
PM0002546,P00130,2024-08-01,248.96,248.96,Paid
PM0011049,P00570,2025-12-01,159.96,159.96,Paid
PM0000820,P00037,2025-07-01,530.5,530.5,Paid
PM0011801,P00611,2026-02-01,552.64,552.64,Paid
PM0004951,P00260,2024-02-01,743.27,743.27,Paid
PM0004537,P00235,2026-04-01,410.39,410.39,Paid
PM0007397,P00381,2025-12-01,137.11,86.71,Partial
PM0009456,P00486,2026-02-01,482.7,482.7,Paid
PM0001352,P00065,2024-03-01,174.21,174.21,Paid
PM0008113,P00420,2026-04-01,412.33,412.33,Paid
PM0007071,P00364,2024-04-01,492.7,492.7,Paid
PM0013103,P00672,2025-08-01,77.27,77.27,Paid
PM0013111,P00673,2025-02-01,730.17,730.17,Paid
PM0013178,P00676,2024-06-01,349.53,349.53,Paid
PM0005877,P00309,2023-12-01,396.29,396.29,Paid
PM0011440,P00592,2026-04-01,136.15,136.15,Paid
PM0000766,P00035,2025-06-01,139.14,139.14,Paid
PM0000320,P00016,2024-12-01,180.43,180.43,Paid
PM0009444,P00486,2025-02-01,482.7,482.7,Paid
PM0003033,P00151,2026-03-01,399.27,399.27,Paid
PM0012791,P00657,2023-10-01,126.71,40.9,Partial
PM0000057,P00004,2026-07-01,648.32,648.32,Paid
PM0005815,P00306,2023-09-01,227.92,227.92,Paid
PM0005505,P00291,2025-12-01,353.26,353.26,Paid
PM0003856,P00194,2024-09-01,765.13,765.13,Paid
PM0011515,P00595,2025-04-01,625.3,625.3,Paid
PM0002328,P00116,2026-05-01,303.7,303.7,Paid
PM0013792,P00706,2026-06-01,257.22,257.22,Paid
PM0002471,P00125,2026-05-01,143.81,143.81,Paid
PM0000587,P00027,2023-12-01,65.33,65.33,Paid
PM0013114,P00673,2025-05-01,730.17,730.17,Paid
PM0011597,P00598,2024-07-01,191.48,191.48,Paid
PM0012777,P00656,2026-03-01,63.8,63.8,Paid
PM0006059,P00315,2026-07-01,113.63,113.63,Paid
PM0010073,P00518,2025-12-01,67.39,67.39,Paid
PM0004801,P00252,2025-07-01,228.86,228.86,Paid
PM0005119,P00270,2026-02-01,117.73,117.73,Paid
PM0014302,P00736,2025-02-01,122.83,122.83,Paid
PM0012242,P00632,2023-12-01,213.13,213.13,Paid
PM0005761,P00304,2026-03-01,134.64,134.64,Paid
PM0010249,P00527,2024-01-01,559.89,559.89,Paid
PM0001624,P00076,2026-06-01,588.77,588.77,Paid
PM0003777,P00190,2024-10-01,488.35,488.35,Paid
PM0000833,P00038,2025-07-01,422.3,422.3,Paid
PM0013226,P00678,2026-04-01,72.33,72.33,Paid
PM0003907,P00198,2025-10-01,269.68,269.68,Paid
PM0013491,P00693,2024-05-01,313.0,313.0,Paid
PM0005955,P00312,2023-06-01,199.07,199.07,Paid
PM0009748,P00502,2024-10-01,394.36,394.36,Paid
PM0006571,P00335,2026-05-01,77.12,77.12,Paid
PM0012281,P00633,2025-10-01,167.48,167.48,Paid
PM0004236,P00221,2024-07-01,354.54,354.54,Paid
PM0001780,P00082,2025-01-01,174.81,174.81,Paid
PM0013633,P00699,2025-10-01,653.3,0.0,Missed
PM0002284,P00113,2025-12-01,16.19,16.19,Paid
PM0003525,P00173,2024-12-01,247.69,247.69,Paid
PM0007198,P00371,2025-12-01,233.81,233.81,Paid
PM0006306,P00325,2024-07-01,59.23,59.23,Paid
PM0002369,P00118,2024-06-01,372.74,372.74,Paid
PM0000333,P00016,2026-01-01,180.43,180.43,Paid
PM0013814,P00708,2025-06-01,180.72,180.72,Paid
PM0010178,P00523,2026-01-01,185.15,0.0,Missed
PM0000405,P00020,2023-10-01,573.96,573.96,Paid
PM0002316,P00116,2025-05-01,303.7,303.7,Paid
PM0004456,P00232,2023-12-01,449.75,449.75,Paid
PM0009512,P00488,2025-12-01,253.1,253.1,Paid
PM0004906,P00257,2026-01-01,229.95,0.0,Missed
PM0004357,P00226,2024-09-01,719.63,719.63,Paid
PM0002998,P00149,2025-06-01,166.92,166.92,Paid
PM0005288,P00279,2023-08-01,341.33,341.33,Paid
PM0012050,P00623,2026-06-01,255.21,255.21,Paid
PM0008909,P00457,2026-01-01,138.98,138.98,Paid
PM0005512,P00291,2026-07-01,353.26,353.26,Paid
PM0002405,P00122,2026-05-01,263.2,263.2,Paid
PM0009953,P00512,2026-01-01,93.98,93.98,Paid
PM0000252,P00014,2025-10-01,207.74,207.74,Paid
PM0014512,P00747,2024-10-01,149.96,149.96,Paid
PM0004472,P00232,2025-04-01,449.75,449.75,Paid
PM0005801,P00305,2026-02-01,258.23,258.23,Paid
PM0007656,P00396,2025-08-01,555.67,555.67,Paid
PM0014007,P00720,2024-07-01,339.91,339.91,Paid
PM0007825,P00404,2026-01-01,661.28,661.28,Paid
PM0008862,P00454,2024-08-01,258.55,258.55,Paid
PM0013994,P00720,2023-06-01,339.91,339.91,Paid
PM0009915,P00510,2025-09-01,375.08,375.08,Paid
PM0005935,P00311,2025-02-01,179.72,179.72,Paid
PM0012968,P00666,2026-05-01,72.37,72.37,Paid
PM0000016,P00002,2023-09-01,321.5,321.5,Paid
PM0001236,P00056,2025-10-01,259.01,259.01,Paid
PM0013460,P00690,2026-07-01,357.85,357.85,Paid
PM0002201,P00107,2026-06-01,275.31,275.31,Paid
PM0011952,P00618,2026-02-01,713.22,713.22,Paid
PM0014360,P00738,2026-04-01,544.15,544.15,Paid
PM0003786,P00190,2025-07-01,488.35,488.35,Paid
PM0009982,P00513,2026-05-01,80.59,80.59,Paid
PM0011066,P00571,2025-03-01,296.29,296.29,Paid
PM0011882,P00616,2024-09-01,648.72,648.72,Paid
PM0008931,P00459,2024-04-01,413.49,413.49,Paid
PM0001187,P00055,2023-11-01,480.85,480.85,Paid
PM0013275,P00682,2025-05-01,511.43,511.43,Paid
PM0006309,P00325,2024-10-01,59.23,59.23,Paid
PM0011939,P00617,2026-05-01,332.67,332.67,Paid
PM0002067,P00101,2023-08-01,1100.15,1100.15,Paid
PM0011820,P00613,2024-02-01,192.22,192.22,Paid
PM0000883,P00040,2026-02-01,362.78,362.78,Paid
PM0010569,P00541,2026-02-01,116.95,116.95,Paid
PM0011905,P00617,2023-07-01,332.67,332.67,Paid
PM0007143,P00369,2025-02-01,183.55,183.55,Paid
PM0005984,P00312,2025-11-01,199.07,199.07,Paid
PM0000647,P00028,2025-09-01,101.58,101.58,Paid
PM0001346,P00065,2023-09-01,174.21,174.21,Paid
PM0008397,P00436,2023-01-01,410.56,410.56,Paid
PM0009503,P00488,2025-03-01,253.1,253.1,Paid
PM0012848,P00660,2024-10-01,245.23,245.23,Paid
PM0001051,P00048,2024-09-01,243.93,243.93,Paid
PM0012220,P00631,2025-07-01,315.0,315.0,Paid
PM0004439,P00230,2025-11-01,353.59,353.59,Paid
PM0012224,P00631,2025-11-01,315.0,315.0,Paid
PM0004842,P00255,2024-01-01,444.0,444.0,Paid
PM0003711,P00184,2026-04-01,406.16,406.16,Paid
PM0011614,P00598,2025-12-01,191.48,191.48,Paid
PM0003921,P00199,2024-01-01,381.36,0.0,Missed
PM0000520,P00025,2024-11-01,170.93,170.93,Paid
PM0013472,P00692,2026-04-01,440.66,440.66,Paid
PM0011866,P00614,2026-01-01,82.1,82.1,Paid
PM0004380,P00227,2025-09-01,237.45,237.45,Paid
PM0007460,P00385,2025-10-01,183.7,183.7,Paid
PM0012273,P00632,2026-07-01,213.13,213.13,Paid
PM0002315,P00116,2025-04-01,303.7,303.7,Paid
PM0000178,P00010,2025-09-01,181.56,0.0,Missed
PM0002412,P00123,2025-12-01,697.83,697.83,Paid
PM0011611,P00598,2025-09-01,191.48,191.48,Paid
PM0000314,P00016,2024-06-01,180.43,180.43,Paid
PM0007128,P00367,2026-01-01,613.85,613.85,Paid
PM0003714,P00184,2026-07-01,406.16,406.16,Paid
PM0010367,P00532,2025-04-01,412.5,412.5,Paid
PM0003060,P00152,2025-06-01,108.42,108.42,Paid
PM0004947,P00259,2026-05-01,584.68,584.68,Paid
PM0007767,P00402,2024-10-01,234.54,234.54,Paid
PM0008759,P00450,2026-06-01,465.35,465.35,Paid
PM0005423,P00285,2025-10-01,357.44,0.0,Missed
PM0012896,P00662,2025-02-01,135.48,135.48,Paid
PM0002720,P00137,2024-04-01,166.98,166.98,Paid
PM0003272,P00163,2024-06-01,505.44,505.44,Paid
PM0005476,P00290,2024-04-01,564.15,564.15,Paid
PM0002287,P00113,2026-03-01,16.19,16.19,Paid
PM0010015,P00515,2024-03-01,87.15,87.15,Paid
PM0007543,P00390,2024-03-01,351.42,351.42,Paid
PM0007660,P00396,2025-12-01,555.67,555.67,Paid
PM0007457,P00385,2025-07-01,183.7,183.7,Paid
PM0013010,P00668,2024-05-01,75.59,75.59,Paid
PM0007642,P00396,2024-06-01,555.67,555.67,Paid
PM0014060,P00723,2024-08-01,242.27,242.27,Paid
PM0002127,P00103,2026-03-01,836.1,836.1,Paid
PM0002821,P00140,2025-06-01,584.86,584.86,Paid
PM0006229,P00321,2026-06-01,76.37,76.37,Paid
PM0006449,P00329,2025-07-01,424.18,424.18,Paid
PM0010550,P00540,2026-02-01,203.54,203.54,Paid
PM0004225,P00221,2023-08-01,354.54,354.54,Paid
PM0004872,P00255,2026-07-01,444.0,444.0,Paid
PM0007039,P00360,2026-07-01,259.6,259.6,Paid
PM0004928,P00258,2026-04-01,243.18,243.18,Paid
PM0007799,P00403,2026-03-01,137.28,109.64,Partial
PM0008286,P00429,2025-01-01,306.99,306.99,Paid
PM0005551,P00295,2026-03-01,314.75,314.75,Paid
PM0001587,P00073,2026-04-01,35.19,35.19,Paid
PM0007409,P00382,2025-10-01,694.23,694.23,Paid
PM0013862,P00710,2026-03-01,153.73,153.73,Paid
PM0012923,P00664,2024-05-01,74.73,74.73,Paid
PM0006515,P00334,2024-01-01,525.35,525.35,Paid
PM0001114,P00050,2026-04-01,405.72,405.72,Paid
PM0008434,P00436,2026-02-01,410.56,410.56,Paid
PM0011886,P00616,2025-01-01,648.72,648.72,Paid
PM0014308,P00736,2025-08-01,122.83,122.83,Paid
PM0005828,P00306,2024-10-01,227.92,227.92,Paid
PM0001861,P00087,2025-08-01,154.82,154.82,Paid
PM0014365,P00739,2023-02-01,147.41,0.0,Missed
PM0011796,P00611,2025-09-01,552.64,552.64,Paid
PM0001546,P00071,2025-06-01,410.51,410.51,Paid
PM0005814,P00306,2023-08-01,227.92,227.92,Paid
PM0003109,P00156,2023-09-01,231.94,231.94,Paid
PM0001777,P00082,2024-10-01,174.81,174.81,Paid
PM0002872,P00143,2025-07-01,472.19,472.19,Paid
PM0012965,P00666,2026-02-01,72.37,72.37,Paid
PM0008788,P00451,2025-05-01,195.14,195.14,Paid
PM0003268,P00163,2024-02-01,505.44,505.44,Paid
PM0014333,P00738,2024-01-01,544.15,544.15,Paid
PM0013290,P00683,2024-01-01,256.4,256.4,Paid
PM0006147,P00318,2024-10-01,212.45,212.45,Paid
PM0011326,P00588,2026-02-01,743.35,743.35,Paid
PM0011987,P00619,2026-05-01,377.2,0.0,Missed
PM0004246,P00221,2025-05-01,354.54,354.54,Paid
PM0007773,P00402,2025-04-01,234.54,234.54,Paid
PM0013257,P00681,2025-08-01,187.31,187.31,Paid
PM0014524,P00747,2025-10-01,149.96,149.96,Paid
PM0002414,P00123,2026-02-01,697.83,697.83,Paid
PM0006175,P00320,2023-08-01,149.0,149.0,Paid
PM0004170,P00214,2025-08-01,377.99,377.99,Paid
PM0002071,P00102,2024-08-01,406.58,406.58,Paid
PM0011622,P00599,2024-11-01,249.05,0.0,Missed
PM0013224,P00677,2026-06-01,138.01,138.01,Paid
PM0007624,P00394,2026-04-01,65.61,65.61,Paid
PM0008229,P00427,2025-02-01,290.48,290.48,Paid
PM0007631,P00395,2024-01-01,209.53,209.53,Paid
PM0010915,P00562,2023-12-01,285.53,0.0,Missed
PM0003491,P00172,2025-08-01,388.96,388.96,Paid
PM0004395,P00228,2026-07-01,96.21,96.21,Paid
PM0010398,P00533,2026-05-01,513.85,513.85,Paid
PM0004352,P00226,2024-04-01,719.63,719.63,Paid
PM0002927,P00145,2026-03-01,294.38,294.38,Paid
PM0006139,P00318,2024-02-01,212.45,212.45,Paid
PM0005199,P00274,2024-07-01,208.87,208.87,Paid
PM0006859,P00350,2025-03-01,338.69,338.69,Paid
PM0011687,P00604,2024-06-01,1040.1,1040.1,Paid
PM0000207,P00013,2025-06-01,149.19,149.19,Paid
PM0004828,P00254,2025-04-01,311.13,311.13,Paid
PM0010772,P00550,2025-02-01,158.06,158.06,Paid
PM0004860,P00255,2025-07-01,444.0,444.0,Paid
PM0009236,P00477,2023-04-01,708.84,708.84,Paid
PM0012868,P00660,2026-06-01,245.23,245.23,Paid
PM0005420,P00285,2025-07-01,357.44,357.44,Paid
PM0003500,P00172,2026-05-01,388.96,388.96,Paid
PM0008348,P00434,2023-06-01,639.88,639.88,Paid
PM0004017,P00207,2023-12-01,95.37,95.37,Paid
PM0010203,P00524,2026-02-01,189.03,189.03,Paid
PM0011009,P00567,2026-06-01,85.61,85.61,Paid
PM0001571,P00073,2024-12-01,35.19,35.19,Paid
PM0008770,P00451,2023-11-01,195.14,195.14,Paid
PM0013981,P00717,2026-04-01,472.17,472.17,Paid
PM0007782,P00402,2026-01-01,234.54,234.54,Paid
PM0001404,P00066,2025-05-01,343.28,343.28,Paid
PM0009059,P00468,2026-01-01,439.51,439.51,Paid
PM0005513,P00292,2026-04-01,607.4,607.4,Paid
PM0003879,P00197,2024-05-01,810.95,810.95,Paid
PM0013085,P00671,2026-07-01,377.8,377.8,Paid
PM0003506,P00173,2023-05-01,247.69,247.69,Paid
PM0005531,P00294,2025-10-01,166.79,166.79,Paid
PM0004220,P00221,2023-03-01,354.54,354.54,Paid
PM0010937,P00562,2025-10-01,285.53,285.53,Paid
PM0012640,P00650,2023-09-01,300.09,300.09,Paid
PM0001868,P00088,2024-01-01,442.24,442.24,Paid
PM0000517,P00025,2024-08-01,170.93,127.82,Partial
PM0003264,P00163,2023-10-01,505.44,505.44,Paid
PM0005585,P00297,2026-07-01,254.69,254.69,Paid
PM0003054,P00152,2024-12-01,108.42,108.42,Paid
PM0001826,P00085,2024-09-01,176.78,176.78,Paid
PM0005944,P00311,2025-11-01,179.72,84.41,Partial
PM0012140,P00627,2026-06-01,193.55,193.55,Paid
PM0001101,P00050,2025-03-01,405.72,405.72,Paid
PM0009978,P00513,2026-01-01,80.59,80.59,Paid
PM0009276,P00478,2024-02-01,129.82,101.7,Partial
PM0011827,P00613,2024-09-01,192.22,192.22,Paid
PM0005049,P00266,2025-03-01,547.51,547.51,Paid
PM0013783,P00706,2025-09-01,257.22,257.22,Paid
PM0007255,P00374,2025-03-01,115.5,115.5,Paid
PM0004708,P00246,2026-04-01,204.0,204.0,Paid
PM0014005,P00720,2024-05-01,339.91,339.91,Paid
PM0007662,P00396,2026-02-01,555.67,555.67,Paid
PM0013641,P00699,2026-06-01,653.3,0.0,Missed
PM0013361,P00685,2026-04-01,432.99,432.99,Paid
PM0010234,P00525,2026-03-01,29.64,29.64,Paid
PM0005095,P00268,2026-05-01,392.66,392.66,Paid
PM0003385,P00167,2025-10-01,379.76,379.76,Paid
PM0004420,P00229,2025-04-01,486.41,486.41,Paid
PM0009781,P00503,2025-07-01,165.85,165.85,Paid
PM0011478,P00593,2026-07-01,142.88,142.88,Paid
PM0003903,P00197,2026-05-01,810.95,810.95,Paid
PM0009013,P00466,2025-03-01,167.02,0.0,Missed
PM0012683,P00652,2023-08-01,687.04,687.04,Paid
PM0004050,P00208,2025-07-01,180.53,180.53,Paid
PM0011880,P00616,2024-07-01,648.72,0.0,Missed
PM0014113,P00725,2025-08-01,428.12,0.0,Missed
PM0010148,P00521,2026-05-01,21.45,21.45,Paid
PM0006705,P00342,2026-06-01,132.49,132.49,Paid
PM0008568,P00442,2025-05-01,89.15,89.15,Paid
PM0013652,P00700,2023-11-01,330.96,330.96,Paid
PM0003474,P00171,2025-04-01,608.31,608.31,Paid
PM0002537,P00130,2023-11-01,248.96,248.96,Paid
PM0012301,P00634,2024-02-01,347.04,347.04,Paid
PM0004962,P00261,2025-12-01,183.02,183.02,Paid
PM0012676,P00651,2026-01-01,263.42,263.42,Paid
PM0012146,P00628,2025-12-01,327.26,327.26,Paid
PM0002021,P00098,2026-04-01,246.27,246.27,Paid
PM0002188,P00107,2025-05-01,275.31,275.31,Paid
PM0000258,P00014,2026-04-01,207.74,207.74,Paid
PM0006709,P00343,2023-07-01,97.41,97.41,Paid
PM0008678,P00446,2024-03-01,130.98,130.98,Paid
PM0009873,P00509,2023-11-01,191.4,191.4,Paid
PM0010419,P00534,2026-05-01,79.64,79.64,Paid
PM0004431,P00229,2026-03-01,486.41,486.41,Paid
PM0003594,P00181,2025-11-01,134.24,134.24,Paid
PM0008125,P00421,2024-04-01,560.92,560.92,Paid
PM0008797,P00451,2026-02-01,195.14,195.14,Paid
PM0006607,P00337,2025-08-01,119.24,119.24,Paid
PM0009658,P00495,2026-06-01,179.38,179.38,Paid
PM0012619,P00649,2025-01-01,246.64,246.64,Paid
PM0002110,P00103,2024-10-01,836.1,836.1,Paid
PM0008516,P00440,2025-12-01,373.63,373.63,Paid
PM0010766,P00550,2024-08-01,158.06,158.06,Paid
PM0001302,P00059,2025-10-01,134.5,134.5,Paid
PM0004736,P00249,2025-06-01,320.96,0.0,Missed
PM0001706,P00078,2026-05-01,500.1,500.1,Paid
PM0013648,P00700,2023-07-01,330.96,330.96,Paid
PM0011193,P00580,2026-01-01,140.73,140.73,Paid
PM0011022,P00570,2023-09-01,159.96,159.96,Paid
PM0006350,P00326,2024-11-01,203.51,203.51,Paid
PM0008780,P00451,2024-09-01,195.14,195.14,Paid
PM0011322,P00588,2025-10-01,743.35,743.35,Paid
PM0009794,P00504,2025-03-01,604.93,604.93,Paid
PM0005012,P00263,2025-08-01,678.47,678.47,Paid
PM0010271,P00527,2025-11-01,559.89,559.89,Paid
PM0007920,P00411,2024-09-01,189.15,189.15,Paid
PM0002094,P00102,2026-07-01,406.58,406.58,Paid
PM0010123,P00520,2024-08-01,52.54,52.54,Paid
PM0014441,P00742,2025-10-01,387.1,0.0,Missed
PM0004424,P00229,2025-08-01,486.41,486.41,Paid
PM0003965,P00200,2026-07-01,352.42,352.42,Paid
PM0012546,P00645,2025-01-01,187.95,187.95,Paid
PM0010227,P00525,2025-08-01,29.64,0.0,Missed
PM0010028,P00515,2025-04-01,87.15,87.15,Paid
PM0008411,P00436,2024-03-01,410.56,410.56,Paid
PM0005110,P00270,2025-05-01,117.73,117.73,Paid
PM0000028,P00003,2025-01-01,40.13,40.13,Paid
PM0005308,P00280,2026-02-01,98.47,98.47,Paid
PM0000778,P00035,2026-06-01,139.14,139.14,Paid
PM0011424,P00592,2024-12-01,136.15,136.15,Paid
PM0006017,P00314,2025-09-01,212.52,212.52,Paid
PM0005111,P00270,2025-06-01,117.73,117.73,Paid
PM0013561,P00696,2024-05-01,104.7,0.0,Missed
PM0003452,P00170,2026-01-01,388.44,388.44,Paid
PM0011438,P00592,2026-02-01,136.15,0.0,Missed
PM0005070,P00267,2024-07-01,86.79,0.0,Missed
PM0013637,P00699,2026-02-01,653.3,653.3,Paid
PM0001744,P00081,2023-11-01,316.18,316.18,Paid
PM0008772,P00451,2024-01-01,195.14,195.14,Paid
PM0000232,P00014,2024-02-01,207.74,207.74,Paid
PM0001769,P00081,2025-12-01,316.18,316.18,Paid
PM0006186,P00320,2024-07-01,149.0,0.0,Missed
PM0002150,P00105,2025-12-01,442.04,442.04,Paid
PM0009849,P00507,2026-01-01,110.0,110.0,Paid
PM0014470,P00744,2023-06-01,326.31,326.31,Paid
PM0007253,P00374,2025-01-01,115.5,115.5,Paid
PM0012759,P00655,2025-05-01,156.78,156.78,Paid
PM0013825,P00708,2026-05-01,180.72,180.72,Paid
PM0007819,P00404,2025-07-01,661.28,375.27,Partial
PM0000261,P00014,2026-07-01,207.74,0.0,Missed
PM0004088,P00210,2024-09-01,422.89,422.89,Paid
PM0006689,P00341,2025-04-01,207.83,207.83,Paid
PM0010732,P00549,2023-11-01,54.97,54.97,Paid
PM0000472,P00022,2026-02-01,619.12,619.12,Paid
PM0013338,P00684,2025-02-01,128.15,128.15,Paid
PM0005787,P00305,2024-12-01,258.23,258.23,Paid
PM0008046,P00416,2025-09-01,127.49,127.49,Paid
PM0007657,P00396,2025-09-01,555.67,555.67,Paid
PM0006718,P00343,2024-04-01,97.41,67.95,Partial
PM0001233,P00056,2025-07-01,259.01,259.01,Paid
PM0013963,P00715,2026-02-01,259.73,259.73,Paid
PM0006813,P00347,2025-05-01,629.61,629.61,Paid
PM0013035,P00668,2026-06-01,75.59,75.59,Paid
PM0007527,P00389,2025-09-01,270.03,270.03,Paid
PM0012026,P00622,2026-05-01,198.16,198.16,Paid
PM0006472,P00331,2025-10-01,100.4,100.4,Paid
PM0002455,P00125,2025-01-01,143.81,143.81,Paid
PM0009485,P00487,2025-02-01,378.75,378.75,Paid
PM0013657,P00700,2024-04-01,330.96,330.96,Paid
PM0002668,P00133,2025-12-01,144.56,144.56,Paid
